model,comparison_bit_level,prompt,layer,block_type,seq_len,hidden_dim,total_sq_energy,dim_top5_idx,dim_top5_val,dim_top5_share,dim_uniform_expected_share,dim_concentration_x,token_top5_idx,token_top5_val,token_top5_share,token_uniform_expected_share,token_concentration_x,token_top5_min_position,token_top5_contains_pos0
Llama-3.2-1B-Instruct,GPTQ_8bit,Prompt_01,0,attn,314,2048,0.011106682009994984,"2023,146,64,509,1107","0.000183,0.000162,9.8e-05,6.7e-05,5.7e-05",0.050924467048458086,0.00244140625,20.858661703048433,"120,310,88,17,77","0.000189,0.000181,0.000161,0.000123,0.000104",0.06824242588008814,0.01592356687898089,4.285624345269535,17,False
Llama-3.2-1B-Instruct,GPTQ_8bit,Prompt_01,0,mlp,314,2048,0.05492931231856346,"1703,894,146,636,1476","0.001225,0.001051,0.000618,0.000587,0.000291",0.06865887785499807,0.00244140625,28.12267636940721,"0,3,231,146,46","0.003807,0.000699,0.000553,0.000525,0.000503",0.11080674941802207,0.01592356687898089,6.958663863451786,0,True
Llama-3.2-1B-Instruct,GPTQ_8bit,Prompt_01,1,attn,314,2048,0.06922730058431625,"2023,146,1703,1634,509","0.001589,0.001117,0.000568,0.000338,0.000306",0.05660188024987486,0.00244140625,23.184130150348743,"38,91,228,231,146","0.000801,0.00073,0.000714,0.000667,0.000594",0.050640779759546624,0.01592356687898089,3.180240968899528,38,False
Llama-3.2-1B-Instruct,GPTQ_8bit,Prompt_01,1,mlp,314,2048,86.53312683105469,"400,698,2029,1159,1107","22.564215,22.564074,20.251673,18.063992,1.129027",0.9773480502236365,0.00244140625,400.3217613716015,"0,38,29,49,139","86.321831,0.002276,0.002236,0.001799,0.001662",0.997650340722637,0.01592356687898089,62.65244139738161,0,True
Llama-3.2-1B-Instruct,GPTQ_8bit,Prompt_01,2,attn,314,2048,0.18059797585010529,"2023,146,691,14,1407","0.003953,0.001989,0.000618,0.000572,0.000531",0.0424288298620637,0.00244140625,17.37884871150129,"81,280,18,213,303","0.001903,0.001378,0.001347,0.001338,0.001274",0.040084678592129774,0.01592356687898089,2.51731781558575,18,False
Llama-3.2-1B-Instruct,GPTQ_8bit,Prompt_01,2,mlp,314,2048,0.5412378907203674,"2023,146,14,653,1324","0.008151,0.004763,0.000967,0.000821,0.000617",0.028303962476040598,0.00244140625,11.59330303018623,"6,49,139,38,140","0.004471,0.003926,0.00377,0.003765,0.003714",0.03629752854066394,0.01592356687898089,2.2794847923536956,6,False
Llama-3.2-1B-Instruct,GPTQ_8bit,Prompt_01,3,attn,314,2048,0.3183516561985016,"146,2023,1378,1131,29","0.005992,0.003598,0.000706,0.000638,0.000593",0.03620911259190484,0.00244140625,14.831252517644222,"17,161,120,131,225","0.002991,0.002642,0.002548,0.002511,0.002367",0.04102237091008901,0.01592356687898089,2.5762048931535895,17,False
Llama-3.2-1B-Instruct,GPTQ_8bit,Prompt_01,3,mlp,314,2048,1.0328822135925293,"146,2023,14,1314,1701","0.010788,0.006983,0.001483,0.001182,0.0011",0.02085068694252049,0.00244140625,8.540441371656392,"139,17,49,120,140","0.006848,0.00668,0.006509,0.006465,0.006312",0.0317698220162771,0.01592356687898089,1.995144822622202,17,False
Llama-3.2-1B-Instruct,GPTQ_8bit,Prompt_01,4,attn,314,2048,0.49361252784729004,"146,2023,904,923,1157","0.005512,0.003124,0.002909,0.002278,0.001792",0.03163603623957368,0.00244140625,12.95812044372938,"203,195,83,223,177","0.003832,0.003607,0.003416,0.003335,0.00325",0.03533200248652288,0.01592356687898089,2.2188497561536367,83,False
Llama-3.2-1B-Instruct,GPTQ_8bit,Prompt_01,4,mlp,314,2048,1.480128526687622,"146,2023,963,422,781","0.011059,0.007841,0.001446,0.001311,0.001183",0.015430982083272055,0.00244140625,6.3205302613082335,"17,23,177,120,139","0.010309,0.008444,0.00819,0.008187,0.008121",0.02922149381558861,0.01592356687898089,1.8351098116189648,17,False
Llama-3.2-1B-Instruct,GPTQ_8bit,Prompt_01,5,attn,314,2048,0.6473854184150696,"146,2023,604,189,1251","0.010267,0.004482,0.001204,0.001203,0.000966",0.027991851247430678,0.00244140625,11.465462270947606,"280,275,297,309,222","0.010962,0.007517,0.005367,0.004797,0.004654",0.05143254276066686,0.01592356687898089,3.2299636853698788,222,False
Llama-3.2-1B-Instruct,GPTQ_8bit,Prompt_01,5,mlp,314,2048,2.021368980407715,"146,2023,904,923,1504","0.01783,0.013207,0.007239,0.006146,0.004862",0.02438129892232299,0.00244140625,9.986580038583497,"275,280,23,140,191","0.014966,0.013901,0.011234,0.011186,0.011169",0.0308979165152987,0.01592356687898089,1.9403891571607583,23,False
Llama-3.2-1B-Instruct,GPTQ_8bit,Prompt_01,6,attn,314,2048,0.9335651397705078,"2023,146,1042,604,674","0.009389,0.008182,0.001452,0.001373,0.001162",0.023092099701812415,0.00244140625,9.458524037862365,"212,243,188,276,225","0.006779,0.006718,0.006217,0.006097,0.006086",0.034167143704656386,0.01592356687898089,2.145696624652421,188,False
Llama-3.2-1B-Instruct,GPTQ_8bit,Prompt_01,6,mlp,314,2048,2.5125107765197754,"146,2023,923,1504,963","0.035476,0.016052,0.003019,0.002384,0.002339",0.023590543906597632,0.00244140625,9.662686784142391,"147,275,87,243,23","0.018493,0.015972,0.014947,0.014781,0.014352",0.03126173109270491,0.01592356687898089,1.9632367126218682,23,False
Llama-3.2-1B-Instruct,GPTQ_8bit,Prompt_01,7,attn,314,2048,0.9911577105522156,"2023,146,189,1040,963","0.012025,0.009108,0.002267,0.002196,0.001648",0.02748534746835127,0.00244140625,11.25799832303668,"275,268,281,288,267","0.007211,0.006644,0.006565,0.0063,0.006223",0.033236325571670035,0.01592356687898089,2.087241245900878,267,False
Llama-3.2-1B-Instruct,GPTQ_8bit,Prompt_01,7,mlp,314,2048,2.8469045162200928,"146,2023,674,1504,963","0.042606,0.017844,0.002803,0.002652,0.002283",0.02395113295752883,0.00244140625,9.810384059403809,"147,275,23,120,309","0.022224,0.020215,0.018535,0.017727,0.016291",0.03336687070688748,0.01592356687898089,2.0954394803925336,23,False
Llama-3.2-1B-Instruct,GPTQ_8bit,Prompt_01,8,attn,314,2048,1.2966296672821045,"146,2023,591,1471,972","0.020016,0.017248,0.001686,0.00164,0.001431",0.03240769811816178,0.00244140625,13.274193149199064,"275,309,308,310,292","0.013398,0.012175,0.011394,0.011246,0.010497",0.045279178003364555,0.01592356687898089,2.843532378611294,275,False
Llama-3.2-1B-Instruct,GPTQ_8bit,Prompt_01,8,mlp,314,2048,3.5252184867858887,"2023,146,674,1846,1349","0.049276,0.031863,0.003163,0.003096,0.002862",0.025604348566513443,0.00244140625,10.487541172843907,"120,147,275,178,313","0.025753,0.024662,0.023699,0.021678,0.021614",0.033304487036852425,0.01592356687898089,2.0915217859143325,120,False
Llama-3.2-1B-Instruct,GPTQ_8bit,Prompt_01,9,attn,314,2048,1.5781896114349365,"2023,781,146,400,604","0.064199,0.003585,0.003401,0.00333,0.003225",0.04925778283462552,0.00244140625,20.175987849062615,"261,120,264,256,275","0.012177,0.011401,0.011278,0.010788,0.010469",0.03555513450827242,0.01592356687898089,2.232862447119508,120,False
Llama-3.2-1B-Instruct,GPTQ_8bit,Prompt_01,9,mlp,314,2048,3.964841365814209,"2023,1159,146,963,519","0.043297,0.007471,0.0044,0.003893,0.003884",0.015875593815300893,0.00244140625,6.502643226747246,"120,147,17,161,18","0.039036,0.031634,0.025449,0.025151,0.024066",0.03665625234895293,0.01592356687898089,2.302012647514244,17,False
Llama-3.2-1B-Instruct,GPTQ_8bit,Prompt_01,10,attn,314,2048,1.3195773363113403,"2023,674,1285,653,146","0.050819,0.002757,0.002685,0.002512,0.00234",0.04631209913765106,0.00244140625,18.969435806781874,"249,287,276,254,290","0.011631,0.011277,0.01075,0.010331,0.010132",0.0410136804178576,0.01592356687898089,2.575659130241457,249,False
Llama-3.2-1B-Instruct,GPTQ_8bit,Prompt_01,10,mlp,314,2048,4.825394630432129,"2023,1159,1042,146,72","0.040458,0.010944,0.006016,0.005119,0.005067",0.01400999445530677,0.00244140625,5.738493728893653,"120,17,147,18,23","0.045836,0.045764,0.042223,0.037113,0.029922",0.041625251517206335,0.01592356687898089,2.614065795280558,17,False
Llama-3.2-1B-Instruct,GPTQ_8bit,Prompt_01,11,attn,314,2048,1.1364737749099731,"2023,604,146,1932,674","0.028072,0.008526,0.007528,0.007177,0.006611",0.05096043641886401,0.00244140625,20.8733947571667,"253,220,217,178,276","0.018502,0.014166,0.013998,0.012642,0.012312",0.06301940890548033,0.01592356687898089,3.9576188792641647,178,False
Llama-3.2-1B-Instruct,GPTQ_8bit,Prompt_01,11,mlp,314,2048,5.2422404289245605,"2023,1159,64,963,253","0.043088,0.032812,0.004909,0.004457,0.004384",0.017101439223560607,0.00244140625,7.004749505970425,"17,24,147,18,120","0.053266,0.047702,0.046937,0.046689,0.046069",0.04590840612073651,0.01592356687898089,2.883047904382253,17,False
Llama-3.2-1B-Instruct,GPTQ_8bit,Prompt_01,12,attn,314,2048,1.589371681213379,"2023,1159,591,146,1634","0.080872,0.011409,0.00725,0.006019,0.005242",0.06970717524602824,0.00244140625,28.552058980773165,"202,256,160,255,232","0.018597,0.017209,0.016328,0.014719,0.014462",0.05116187438384185,0.01592356687898089,3.212965711305268,160,False
Llama-3.2-1B-Instruct,GPTQ_8bit,Prompt_01,12,mlp,314,2048,6.738385200500488,"2023,1159,253,1238,963","0.107894,0.033329,0.006907,0.005893,0.005816",0.023720697650441023,0.00244140625,9.715997757620643,"9,24,17,23,21","0.089245,0.088338,0.082755,0.081447,0.081093",0.06275661349059238,0.01592356687898089,3.941115327209201,9,False
Llama-3.2-1B-Instruct,GPTQ_8bit,Prompt_01,13,attn,314,2048,2.43572735786438,"2023,1159,819,1800,735","0.039293,0.015596,0.005037,0.003794,0.00332",0.027524017414139394,0.00244140625,11.273837532831497,"232,256,312,161,188","0.026129,0.025864,0.025732,0.02421,0.022471",0.05107532966575279,0.01592356687898089,3.207530703009275,161,False
Llama-3.2-1B-Instruct,GPTQ_8bit,Prompt_01,13,mlp,314,2048,11.125736236572266,"2023,1159,1050,792,963","0.140502,0.125935,0.014719,0.011004,0.010541",0.027207256359836725,0.00244140625,11.144092204989123,"9,24,21,23,18","0.18014,0.177935,0.159794,0.151324,0.144981",0.07317944369965147,0.01592356687898089,4.595669064338113,9,False
Llama-3.2-1B-Instruct,GPTQ_8bit,Prompt_01,14,attn,314,2048,5.319826126098633,"2023,1159,963,1511,253","0.274204,0.118282,0.014475,0.014277,0.0109",0.08123160710847611,0.00244140625,33.272466271631814,"123,217,237,292,232","0.070355,0.06686,0.05992,0.056117,0.053651",0.057690666701086114,0.01592356687898089,3.622973868828208,123,False
Llama-3.2-1B-Instruct,GPTQ_8bit,Prompt_01,14,mlp,314,2048,16.089874267578125,"2023,1159,1511,1050,454","0.268982,0.244963,0.049132,0.038223,0.034744",0.03953068351065848,0.00244140625,16.191767965965713,"9,21,23,22,24","0.320003,0.312462,0.302562,0.249891,0.249834",0.08917113466674127,0.01592356687898089,5.599947257071352,9,False
Llama-3.2-1B-Instruct,GPTQ_8bit,Prompt_01,15,attn,314,2048,9.450841903686523,"1159,1511,64,604,2023","0.48837,0.180622,0.100223,0.095766,0.094794",0.10155450454423172,0.00244140625,41.596725061317315,"123,18,21,17,292","0.09781,0.09141,0.08426,0.081585,0.07628",0.04564097211724891,0.01592356687898089,2.866253048963231,17,False
Llama-3.2-1B-Instruct,GPTQ_8bit,Prompt_01,15,mlp,314,2048,82.20655059814453,"2029,698,400,1159,1511","9.039989,8.31854,5.775869,5.107312,0.60345",0.35088638704286795,0.00244140625,143.7230641327587,"0,9,21,22,23","28.572559,1.007015,0.883849,0.826357,0.787445",0.3902027818713673,0.01592356687898089,24.504734701521866,0,True
Llama-3.2-1B-Instruct,GPTQ_8bit,Prompt_02,0,attn,335,2048,0.011953730136156082,"146,2023,64,1107,509","0.000189,0.00014,0.000139,6.9e-05,6.1e-05",0.04996261263928472,0.00244140625,20.46468613705102,"329,300,17,83,302","0.000185,0.00013,0.000125,0.000108,0.000105",0.05461224077187613,0.014925373134328358,3.659020131715701,17,False
Llama-3.2-1B-Instruct,GPTQ_8bit,Prompt_02,0,mlp,335,2048,0.062438588589429855,"1703,894,146,636,1476","0.001191,0.001066,0.000703,0.000592,0.000284",0.06144808436457813,0.00244140625,25.169135355731203,"0,3,102,119,170","0.003808,0.000695,0.000559,0.000521,0.000516",0.09769658912848132,0.014925373134328358,6.545671471608249,0,True
Llama-3.2-1B-Instruct,GPTQ_8bit,Prompt_02,1,attn,335,2048,0.07475422322750092,"2023,146,1703,1634,1767","0.002022,0.001298,0.000355,0.000311,0.000299",0.0573137980844269,0.00244140625,23.47573169538126,"102,215,260,295,196","0.000801,0.000706,0.00064,0.000627,0.00061",0.04528216395892814,0.014925373134328358,3.0339049852481854,102,False
Llama-3.2-1B-Instruct,GPTQ_8bit,Prompt_02,1,mlp,335,2048,86.5604476928711,"698,400,2029,1159,1107","22.564678,22.56465,20.252165,18.064356,1.129065",0.9770618715488428,0.00244140625,400.20454258640603,"0,29,190,108,260","86.321838,0.002261,0.002158,0.002018,0.001937",0.9973401261857958,0.014925373134328358,66.82178845444832,0,True
Llama-3.2-1B-Instruct,GPTQ_8bit,Prompt_02,2,attn,335,2048,0.16882412135601044,"2023,146,29,509,653","0.003942,0.001856,0.000705,0.000605,0.000541",0.04530347289554481,0.00244140625,18.556302498015153,"271,220,205,218,18","0.00184,0.001822,0.001545,0.001371,0.00132",0.046781543161957685,0.014925373134328358,3.134363391851165,18,False
Llama-3.2-1B-Instruct,GPTQ_8bit,Prompt_02,2,mlp,335,2048,0.5609356164932251,"2023,146,653,1159,14","0.009415,0.004585,0.000762,0.000623,0.000596",0.028490581252368256,0.00244140625,11.669742080970037,"205,6,271,273,260","0.005219,0.004821,0.004029,0.003897,0.003783",0.03877044124081999,0.014925373134328358,2.5976195631349395,6,False
Llama-3.2-1B-Instruct,GPTQ_8bit,Prompt_02,3,attn,335,2048,0.3081618845462799,"146,2023,14,1378,422","0.00428,0.002807,0.000801,0.000798,0.000668",0.030354060831723033,0.00244140625,12.433023316673754,"17,205,211,134,41","0.003002,0.002551,0.00246,0.002289,0.002243",0.040708133993965494,0.014925373134328358,2.727444977595688,17,False
Llama-3.2-1B-Instruct,GPTQ_8bit,Prompt_02,3,mlp,335,2048,1.0266358852386475,"146,2023,14,1378,519","0.007389,0.004792,0.00117,0.001156,0.000854",0.014963267004147447,0.00244140625,6.128954164898794,"17,205,79,70,18","0.006716,0.006401,0.006278,0.006156,0.00613",0.030858586043316535,0.014925373134328358,2.067525264902208,17,False
Llama-3.2-1B-Instruct,GPTQ_8bit,Prompt_02,4,attn,335,2048,0.4741736054420471,"146,2023,923,904,691","0.00485,0.004045,0.002683,0.002486,0.001975",0.03382670565570456,0.00244140625,13.855418636576587,"99,89,51,127,70","0.003731,0.003226,0.002968,0.002864,0.002809",0.032893626404140223,0.014925373134328358,2.203872969077395,51,False
Llama-3.2-1B-Instruct,GPTQ_8bit,Prompt_02,4,mlp,335,2048,1.4429993629455566,"146,2023,506,1378,1162","0.012396,0.007533,0.001429,0.001413,0.00128",0.01666697809728672,0.00244140625,6.82679422864864,"17,23,103,24,18","0.010188,0.00839,0.008002,0.007966,0.007946",0.029446744424257706,0.014925373134328358,1.9729318764252664,17,False
Llama-3.2-1B-Instruct,GPTQ_8bit,Prompt_02,5,attn,335,2048,0.5532119870185852,"146,2023,1107,1366,963","0.014651,0.003674,0.001838,0.001286,0.000907",0.04041166878938069,0.00244140625,16.55261953613033,"171,255,172,80,277","0.00807,0.004128,0.003754,0.003524,0.003465",0.04146958251902173,0.014925373134328358,2.7784620287744564,80,False
Llama-3.2-1B-Instruct,GPTQ_8bit,Prompt_02,5,mlp,335,2048,1.8168672323226929,"146,2023,904,923,1910","0.020047,0.010689,0.006725,0.005982,0.004669",0.02648042290502577,0.00244140625,10.846381221898556,"23,21,99,89,24","0.011079,0.010409,0.010114,0.010067,0.010034",0.02845744176541847,0.014925373134328358,1.9066485982830377,21,False
Llama-3.2-1B-Instruct,GPTQ_8bit,Prompt_02,6,attn,335,2048,0.8479321599006653,"146,2023,1131,604,1366","0.009566,0.008927,0.001551,0.00133,0.001283",0.026719361657692803,0.00244140625,10.944250534990973,"228,89,99,243,251","0.006795,0.006737,0.006031,0.006011,0.005227",0.03632497843200671,0.014925373134328358,2.4337735549444495,89,False
Llama-3.2-1B-Instruct,GPTQ_8bit,Prompt_02,6,mlp,335,2048,2.1615822315216064,"146,2023,1504,444,923","0.03051,0.01682,0.002495,0.002418,0.002055",0.025119130992651603,0.00244140625,10.288796054590097,"103,99,24,23,41","0.015851,0.014571,0.014067,0.014014,0.013313",0.033223913405783796,0.014925373134328358,2.226002198187514,23,False
Llama-3.2-1B-Instruct,GPTQ_8bit,Prompt_02,7,attn,335,2048,0.8788431286811829,"146,2023,189,1285,963","0.0104,0.010084,0.001853,0.001348,0.001232",0.028352171152699838,0.00244140625,11.613049304145854,"252,168,167,224,254","0.008259,0.006491,0.006392,0.006134,0.006052",0.03792187817172471,0.014925373134328358,2.5407658375055555,167,False
Llama-3.2-1B-Instruct,GPTQ_8bit,Prompt_02,7,mlp,335,2048,2.484687566757202,"146,2023,653,386,963","0.0407,0.017388,0.002539,0.002346,0.002292",0.026267165777402273,0.00244140625,10.759031102423972,"103,23,99,41,89","0.020872,0.018209,0.015397,0.013703,0.013702",0.032954622327708925,0.014925373134328358,2.207959695956498,23,False
Llama-3.2-1B-Instruct,GPTQ_8bit,Prompt_02,8,attn,335,2048,1.2389391660690308,"146,2023,1157,189,1312","0.023426,0.013317,0.001835,0.001465,0.001307",0.033375501240020304,0.00244140625,13.670605307912316,"229,235,255,169,216","0.01277,0.011845,0.010606,0.009333,0.009285",0.04345664078379867,0.014925373134328358,2.911594932514511,169,False
Llama-3.2-1B-Instruct,GPTQ_8bit,Prompt_02,8,mlp,335,2048,3.1972765922546387,"146,2023,1159,718,674","0.03944,0.034989,0.002642,0.002568,0.002501",0.02569055570883683,0.00244140625,10.522851618339566,"103,23,24,120,41","0.024376,0.021056,0.019491,0.018835,0.017917",0.03180017672916814,0.014925373134328358,2.1306118408542654,23,False
Llama-3.2-1B-Instruct,GPTQ_8bit,Prompt_02,9,attn,335,2048,1.5098963975906372,"2023,1285,653,604,674","0.052116,0.003166,0.003032,0.002871,0.002722",0.04232567543999339,0.00244140625,17.336596660221293,"172,120,231,235,167","0.013237,0.012962,0.011574,0.011457,0.011211",0.04003031479175353,0.014925373134328358,2.6820310910474863,120,False
Llama-3.2-1B-Instruct,GPTQ_8bit,Prompt_02,9,mlp,335,2048,3.6636171340942383,"2023,1159,519,146,324","0.034894,0.006157,0.003655,0.003527,0.003294",0.014064539158812478,0.00244140625,5.760835239449591,"103,41,120,17,18","0.037495,0.025912,0.025201,0.025195,0.024078",0.03763552200252969,0.014925373134328358,2.521579974169489,17,False
Llama-3.2-1B-Instruct,GPTQ_8bit,Prompt_02,10,attn,335,2048,1.2381515502929688,"2023,1285,189,604,674","0.04848,0.002491,0.00241,0.002149,0.002016",0.046476948197868594,0.00244140625,19.036957981846975,"124,125,122,119,149","0.016858,0.016125,0.011853,0.011749,0.011706",0.05515532474874759,0.014925373134328358,3.6954067581660888,119,False
Llama-3.2-1B-Instruct,GPTQ_8bit,Prompt_02,10,mlp,335,2048,4.413801670074463,"2023,1159,1285,1042,146","0.039587,0.007816,0.005983,0.005004,0.004983",0.014358015221447012,0.00244140625,5.881043034704696,"17,103,41,18,23","0.045449,0.044292,0.038657,0.037587,0.029794",0.04435604874696062,0.014925373134328358,2.9718552660463615,17,False
Llama-3.2-1B-Instruct,GPTQ_8bit,Prompt_02,11,attn,335,2048,1.1014561653137207,"2023,604,1932,674,435","0.025168,0.00751,0.006683,0.006593,0.006481",0.04760435394760254,0.00244140625,19.498743376938002,"166,216,165,148,208","0.012305,0.012123,0.011938,0.010465,0.010455",0.05200976367265374,0.014925373134328358,3.4846541660678008,148,False
Llama-3.2-1B-Instruct,GPTQ_8bit,Prompt_02,11,mlp,335,2048,5.206950664520264,"2023,1159,253,64,963","0.036965,0.021786,0.004914,0.004497,0.004485",0.013952031897750199,0.00244140625,5.714752265318482,"41,17,24,18,103","0.054406,0.053437,0.048721,0.048232,0.045373",0.04804502696806626,0.014925373134328358,3.2190168068604392,17,False
Llama-3.2-1B-Instruct,GPTQ_8bit,Prompt_02,12,attn,335,2048,1.4704959392547607,"2023,1159,146,591,781","0.084369,0.010493,0.005741,0.004003,0.003887",0.07378052430992588,0.00244140625,30.22050275734564,"49,87,120,224,115","0.014206,0.01329,0.01306,0.012743,0.012142",0.04450231159651391,0.014925373134328358,2.981654876966432,49,False
Llama-3.2-1B-Instruct,GPTQ_8bit,Prompt_02,12,mlp,335,2048,7.303647041320801,"2023,1159,253,963,1500","0.068351,0.025532,0.007538,0.007405,0.006387",0.015774565596286132,0.00244140625,6.4612620682388,"24,41,9,17,21","0.090418,0.089452,0.087527,0.082346,0.081583",0.05905626173461946,0.014925373134328358,3.956769536219504,9,False
Llama-3.2-1B-Instruct,GPTQ_8bit,Prompt_02,13,attn,335,2048,1.9511926174163818,"2023,1159,819,253,963","0.028242,0.011346,0.003443,0.003357,0.002435",0.025022509911234198,0.00244140625,10.249220059641527,"62,252,120,24,171","0.023598,0.020976,0.020585,0.020555,0.01963",0.05398977580357519,0.014925373134328358,3.617314978839538,24,False
Llama-3.2-1B-Instruct,GPTQ_8bit,Prompt_02,13,mlp,335,2048,12.094682693481445,"2023,1159,1050,1238,819","0.132748,0.112024,0.015586,0.012041,0.011182",0.0234467489418629,0.00244140625,9.603788366587043,"24,9,21,23,18","0.179756,0.176514,0.15982,0.151517,0.149292",0.0675421135727777,0.014925373134328358,4.525321609376106,9,False
Llama-3.2-1B-Instruct,GPTQ_8bit,Prompt_02,14,attn,335,2048,4.31810188293457,"2023,1159,1511,253,819","0.20075,0.093096,0.014408,0.00952,0.008556",0.07557257206387656,0.00244140625,30.95452551736384,"128,102,252,100,103","0.073611,0.064313,0.063742,0.059263,0.05734",0.0737056641904406,0.014925373134328358,4.93827950075952,100,False
Llama-3.2-1B-Instruct,GPTQ_8bit,Prompt_02,14,mlp,335,2048,18.003429412841797,"1159,2023,1511,454,1050","0.15647,0.147753,0.046633,0.04454,0.040424",0.024207594301482935,0.00244140625,9.91543062588741,"9,21,23,24,18","0.314598,0.311153,0.297636,0.256192,0.255633",0.07971879276811843,0.014925373134328358,5.341159115463935,9,False
Llama-3.2-1B-Instruct,GPTQ_8bit,Prompt_02,15,attn,335,2048,8.919084548950195,"1159,1511,64,604,146","0.28772,0.142382,0.097529,0.093214,0.07756",0.07830459747070732,0.00244140625,32.07356312400172,"18,41,102,21,17","0.093939,0.088773,0.08764,0.083011,0.080458",0.04863970244659677,0.014925373134328358,3.258860063921984,17,False
Llama-3.2-1B-Instruct,GPTQ_8bit,Prompt_02,15,mlp,335,2048,76.21004486083984,"2029,698,400,1159,1511","9.040009,8.306115,5.728619,4.70229,0.34664",0.3690284205540833,0.00244140625,151.15404105895252,"0,9,21,22,23","28.573256,0.989386,0.885951,0.83306,0.765839",0.4205152906651445,0.014925373134328358,28.17452447456468,0,True
Llama-3.2-1B-Instruct,GPTQ_8bit,Prompt_03,0,attn,279,2048,0.010923349298536777,"146,2023,64,1107,509","0.000194,0.000132,9.9e-05,8.8e-05,6.2e-05",0.05256257600378281,0.00244140625,21.529631131149436,"52,175,42,17,119","0.000148,0.000127,0.000123,0.000123,0.000123",0.058996344443452586,0.017921146953405017,3.2919960199446545,17,False
Llama-3.2-1B-Instruct,GPTQ_8bit,Prompt_03,0,mlp,279,2048,0.056302689015865326,"1703,894,146,636,1476","0.001186,0.001042,0.000746,0.000593,0.000293",0.06857641588345573,0.00244140625,28.088899945863467,"0,3,98,96,113","0.003807,0.000699,0.000585,0.00049,0.000472",0.10750156580434175,0.017921146953405017,5.99858737188227,0,True
Llama-3.2-1B-Instruct,GPTQ_8bit,Prompt_03,1,attn,279,2048,0.0632743239402771,"2023,146,1703,1910,856","0.001964,0.001397,0.00028,0.000258,0.000248",0.06553333274065604,0.00244140625,26.84245309057271,"146,115,139,166,243","0.000818,0.000696,0.000673,0.000592,0.000576",0.053015575971653225,0.017921146953405017,2.9582691392182503,115,False
Llama-3.2-1B-Instruct,GPTQ_8bit,Prompt_03,1,mlp,279,2048,86.52243041992188,"400,698,2029,1159,1107","22.564331,22.564232,20.25185,18.063971,1.12904",0.9774739900683099,0.00244140625,400.37334633197975,"0,125,107,122,146","86.321831,0.00311,0.001946,0.001886,0.001855",0.9977831993670919,0.017921146953405017,55.676302524683734,0,True
Llama-3.2-1B-Instruct,GPTQ_8bit,Prompt_03,2,attn,279,2048,0.13802315294742584,"2023,146,1407,259,1076","0.002877,0.001379,0.000611,0.000539,0.000519",0.04292442049334651,0.00244140625,17.58184263407473,"80,67,18,57,60","0.001676,0.001539,0.001347,0.001307,0.001238",0.05148884659744259,0.017921146953405017,2.873077640137297,18,False
Llama-3.2-1B-Instruct,GPTQ_8bit,Prompt_03,2,mlp,279,2048,0.4596056342124939,"2023,146,14,653,1159","0.005946,0.00397,0.000555,0.000553,0.000544",0.025168659721176625,0.00244140625,10.309083021793946,"6,166,36,125,122","0.004471,0.003682,0.003516,0.003319,0.003177",0.03952144126310498,0.017921146953405017,2.205296422481258,6,False
Llama-3.2-1B-Instruct,GPTQ_8bit,Prompt_03,3,attn,279,2048,0.27180805802345276,"146,2023,14,1131,1942","0.002934,0.001751,0.0005,0.000488,0.000449",0.02252168121835036,0.00244140625,9.224880627036308,"17,79,39,62,38","0.002991,0.002631,0.002587,0.002232,0.0021",0.04613790813196621,0.017921146953405017,2.5744952737637146,17,False
Llama-3.2-1B-Instruct,GPTQ_8bit,Prompt_03,3,mlp,279,2048,0.8605587482452393,"146,2023,22,124,1291","0.004671,0.003372,0.000798,0.000709,0.0007",0.011911120728048218,0.00244140625,4.87879505020855,"36,17,18,80,39","0.007142,0.00668,0.006216,0.006205,0.005816",0.03725153728620328,0.017921146953405017,2.078635780570143,17,False
Llama-3.2-1B-Instruct,GPTQ_8bit,Prompt_03,4,attn,279,2048,0.41468459367752075,"146,904,2023,923,691","0.007211,0.002656,0.002507,0.001751,0.001431",0.0375138609843569,0.00244140625,15.365677459192586,"79,80,84,113,234","0.004202,0.003824,0.003794,0.00333,0.003207",0.044265648022286955,0.017921146953405017,2.4700231596436124,79,False
Llama-3.2-1B-Instruct,GPTQ_8bit,Prompt_03,4,mlp,279,2048,1.247139573097229,"146,2023,422,627,14","0.010279,0.005308,0.001051,0.001029,0.000993",0.014962157735812266,0.00244140625,6.128499808588704,"80,17,23,46,79","0.011559,0.010309,0.008444,0.008131,0.008088",0.0373097984661288,0.017921146953405017,2.0818867544099873,17,False
Llama-3.2-1B-Instruct,GPTQ_8bit,Prompt_03,5,attn,279,2048,0.4586137533187866,"146,2023,189,1107,604","0.008307,0.003259,0.001677,0.001667,0.001266",0.03527089001518274,0.00244140625,14.446956550218852,"171,77,119,80,195","0.00442,0.004111,0.003376,0.003353,0.003243",0.04034836690640376,0.017921146953405017,2.25143887337733,77,False
Llama-3.2-1B-Instruct,GPTQ_8bit,Prompt_03,5,mlp,279,2048,1.5681345462799072,"146,2023,904,923,1910","0.016071,0.008109,0.006795,0.004545,0.003723",0.02502465940084531,0.00244140625,10.250100490586238,"80,23,46,21,56","0.012535,0.011234,0.010678,0.010516,0.010121",0.035127197960753406,0.017921146953405017,1.9600976462100401,21,False
Llama-3.2-1B-Instruct,GPTQ_8bit,Prompt_03,6,attn,279,2048,0.726431131362915,"146,2023,189,604,591","0.007084,0.006995,0.001363,0.001354,0.001033",0.024543936623712244,0.00244140625,10.053196441072535,"171,58,118,50,170","0.005053,0.004868,0.00458,0.00454,0.004537",0.03245813156226072,0.017921146953405017,1.8111637411741481,50,False
Llama-3.2-1B-Instruct,GPTQ_8bit,Prompt_03,6,mlp,279,2048,1.910494327545166,"146,2023,923,1504,195","0.027234,0.015738,0.001908,0.001884,0.001771",0.025404086685034705,0.00244140625,10.405513906190215,"99,23,24,80,62","0.014369,0.014352,0.014039,0.013235,0.012139",0.03566311229953999,0.017921146953405017,1.9900016663143314,23,False
Llama-3.2-1B-Instruct,GPTQ_8bit,Prompt_03,7,attn,279,2048,0.7315877676010132,"146,2023,1366,761,674","0.010169,0.008945,0.001305,0.001233,0.001081",0.03107403870423397,0.00244140625,12.727926253254235,"170,172,171,173,118","0.010123,0.009036,0.007495,0.006973,0.006437",0.054764164813020294,0.017921146953405017,3.0558403965665324,118,False
Llama-3.2-1B-Instruct,GPTQ_8bit,Prompt_03,7,mlp,279,2048,2.1805388927459717,"146,2023,781,604,189","0.023193,0.01422,0.002029,0.002002,0.001961",0.019905354815296962,0.00244140625,8.153233332345636,"99,23,170,172,39","0.01968,0.018535,0.016874,0.014884,0.014564",0.038769563806201356,0.017921146953405017,2.1633416603860356,23,False
Llama-3.2-1B-Instruct,GPTQ_8bit,Prompt_03,8,attn,279,2048,0.9824734926223755,"146,2023,1042,1472,1359","0.013648,0.010983,0.001149,0.001105,0.001101",0.02848490687774257,0.00244140625,11.667417857123358,"170,118,117,174,74","0.010895,0.010744,0.010045,0.009479,0.009272",0.05133494497721009,0.017921146953405017,2.864489929728323,74,False
Llama-3.2-1B-Instruct,GPTQ_8bit,Prompt_03,8,mlp,279,2048,2.7219724655151367,"146,2023,674,1787,677","0.026414,0.026183,0.00251,0.002249,0.002156",0.02186362283191933,0.00244140625,8.955339911954159,"170,99,23,117,24","0.024073,0.023914,0.021556,0.020071,0.019178",0.03996807221475757,0.017921146953405017,2.2302184295834726,23,False
Llama-3.2-1B-Instruct,GPTQ_8bit,Prompt_03,9,attn,279,2048,1.2479948997497559,"2023,146,604,781,1040","0.042816,0.002925,0.002523,0.002439,0.002163",0.04236130878579875,0.00244140625,17.351192078663168,"119,169,117,170,277","0.012779,0.01195,0.011781,0.01129,0.010785",0.04694271817395075,0.017921146953405017,2.619403674106452,117,False
Llama-3.2-1B-Instruct,GPTQ_8bit,Prompt_03,9,mlp,279,2048,3.104497194290161,"2023,1159,146,963,519","0.030648,0.005255,0.003865,0.003198,0.002879",0.014767466077448286,0.00244140625,6.048754105322818,"99,117,39,17,170","0.033287,0.029942,0.029712,0.025449,0.024534",0.046037905094037,0.017921146953405017,2.5689151042472647,17,False
Llama-3.2-1B-Instruct,GPTQ_8bit,Prompt_03,10,attn,279,2048,0.9500477910041809,"2023,604,864,1040,1159","0.038741,0.002393,0.002021,0.001831,0.001782",0.0492270152681224,0.00244140625,20.163385453822933,"117,170,75,76,77","0.014498,0.012893,0.010522,0.00963,0.009023",0.05953881375282269,0.017921146953405017,3.3222658074075064,75,False
Llama-3.2-1B-Instruct,GPTQ_8bit,Prompt_03,10,mlp,279,2048,3.9879860877990723,"2023,1159,1042,146,72","0.026884,0.011094,0.005097,0.00491,0.004161",0.013075882754145946,0.00244140625,5.355881576098179,"117,17,99,18,39","0.047238,0.045764,0.039953,0.037113,0.036945",0.05190910845847264,0.017921146953405017,2.8965282519827733,17,False
Llama-3.2-1B-Instruct,GPTQ_8bit,Prompt_03,11,attn,279,2048,0.9061377048492432,"2023,674,604,1932,189","0.018949,0.004831,0.004799,0.004643,0.004423",0.04154498138065477,0.00244140625,17.016824373516194,"116,56,39,65,60","0.011908,0.011778,0.010783,0.010123,0.010047",0.060298367344039136,0.017921146953405017,3.364648897797384,39,False
Llama-3.2-1B-Instruct,GPTQ_8bit,Prompt_03,11,mlp,279,2048,4.748256683349609,"2023,1159,253,64,435","0.030605,0.024909,0.005324,0.004926,0.004067",0.01470706057683733,0.00244140625,6.02401201227257,"39,17,99,24,18","0.055174,0.053266,0.053194,0.047702,0.046689",0.05391971743603216,0.017921146953405017,3.0087202329305947,17,False
Llama-3.2-1B-Instruct,GPTQ_8bit,Prompt_03,12,attn,279,2048,1.2973542213439941,"2023,1159,146,591,1618","0.096039,0.011727,0.005167,0.003734,0.002981",0.09222412192377907,0.00244140625,37.77500033997991,"62,58,117,56,75","0.014111,0.013416,0.013246,0.013052,0.012775",0.05133430743703296,0.017921146953405017,2.864454354986439,56,False
Llama-3.2-1B-Instruct,GPTQ_8bit,Prompt_03,12,mlp,279,2048,6.589755535125732,"2023,1159,253,819,963","0.062527,0.026174,0.006124,0.006044,0.005857",0.01619565084861711,0.00244140625,6.633738587593568,"9,24,39,17,23","0.089245,0.088338,0.086103,0.082755,0.081447",0.06493237579577414,0.017921146953405017,3.6232265694041974,9,False
Llama-3.2-1B-Instruct,GPTQ_8bit,Prompt_03,13,attn,279,2048,1.796374797821045,"2023,1159,253,819,726","0.02895,0.012088,0.003406,0.00251,0.002428",0.02748979093553397,0.00244140625,11.259818367194715,"115,57,24,277,116","0.024813,0.021462,0.020607,0.020098,0.02004",0.059575236955345126,0.017921146953405017,3.324298222108258,24,False
Llama-3.2-1B-Instruct,GPTQ_8bit,Prompt_03,13,mlp,279,2048,10.942301750183105,"2023,1159,1050,454,253","0.140166,0.086989,0.011848,0.010685,0.010059",0.02373790563486402,0.00244140625,9.723046148040302,"9,24,21,23,39","0.18014,0.177935,0.159794,0.151324,0.1484",0.07471860432889264,0.017921146953405017,4.16929812155221,9,False
Llama-3.2-1B-Instruct,GPTQ_8bit,Prompt_03,14,attn,279,2048,3.5848677158355713,"2023,1159,963,1511,519","0.169294,0.086897,0.008475,0.006987,0.006663",0.0776363683220798,0.00244140625,31.799856464723888,"99,113,117,220,58","0.056916,0.053441,0.052473,0.05166,0.050337",0.07387353040447858,0.017921146953405017,4.122142996569905,58,False
Llama-3.2-1B-Instruct,GPTQ_8bit,Prompt_03,14,mlp,279,2048,16.07191276550293,"1159,2023,1511,1050,454","0.17538,0.168964,0.042531,0.037245,0.032499",0.02841101113227366,0.00244140625,11.637150159779292,"9,21,23,22,24","0.320003,0.312462,0.302562,0.249891,0.249834",0.08927078973230397,0.017921146953405017,4.981310067062561,9,False
Llama-3.2-1B-Instruct,GPTQ_8bit,Prompt_03,15,attn,279,2048,7.52048397064209,"1159,1511,64,2023,604","0.283115,0.090349,0.08652,0.079921,0.06866",0.08092094567715967,0.00244140625,33.1452193493646,"94,18,21,17,117","0.110724,0.09141,0.08426,0.081585,0.067769",0.05794156448192504,0.017921146953405017,3.2331392980914173,17,False
Llama-3.2-1B-Instruct,GPTQ_8bit,Prompt_03,15,mlp,279,2048,69.64396667480469,"2029,698,400,1159,1511","9.036081,8.30317,5.719018,4.860588,0.320075",0.40547566302607674,0.00244140625,166.08283157548104,"0,9,21,22,23","28.572559,1.007015,0.883849,0.826357,0.787445",0.4605887094459539,0.017921146953405017,25.70084998708423,0,True
Llama-3.2-1B-Instruct,GPTQ_8bit,Prompt_04,0,attn,509,2048,0.015993254259228706,"146,2023,64,509,456","0.000242,0.000232,0.000217,8.7e-05,8.3e-05",0.053822232109404816,0.00244140625,22.045586272012212,"17,437,9,328,139","0.000132,0.000122,0.00012,0.000108,0.0001",0.036367577824148734,0.009823182711198428,3.702219422498341,9,False
Llama-3.2-1B-Instruct,GPTQ_8bit,Prompt_04,0,mlp,509,2048,0.08486881107091904,"636,1703,894,146,762","0.001584,0.001298,0.001098,0.000497,0.000453",0.05809579318541934,0.00244140625,23.79603688874776,"0,3,133,136,148","0.004786,0.000637,0.000541,0.000459,0.000457",0.08106355345614073,0.009823182711198428,8.252269741835127,0,True
Llama-3.2-1B-Instruct,GPTQ_8bit,Prompt_04,1,attn,509,2048,0.10878652334213257,"2023,146,1703,923,1504","0.002349,0.001905,0.000736,0.000384,0.000368",0.05277517142567536,0.00244140625,21.616710215956626,"460,233,169,41,343","0.001153,0.00095,0.00065,0.000636,0.000556",0.03626114044303572,0.009823182711198428,3.6913840971010368,41,False
Llama-3.2-1B-Instruct,GPTQ_8bit,Prompt_04,1,mlp,509,2048,136.3213653564453,"400,2029,698,1159,1107","45.56601,42.253105,25.003115,20.252649,1.129177",0.9844682485039944,0.00244140625,403.2381945872361,"0,460,219,233,496","135.966873,0.003124,0.002087,0.002047,0.00187",0.9974666320869913,0.009823182711198428,101.54210314645572,0,True
Llama-3.2-1B-Instruct,GPTQ_8bit,Prompt_04,2,attn,509,2048,0.23061569035053253,"2023,146,1131,259,14","0.003313,0.002858,0.001015,0.000861,0.000855",0.03860405423576104,0.00244140625,15.812220614967723,"125,92,294,258,366","0.001841,0.001288,0.00126,0.001258,0.001253",0.029919314991247618,0.009823182711198428,3.0457862661090074,92,False
Llama-3.2-1B-Instruct,GPTQ_8bit,Prompt_04,2,mlp,509,2048,0.7864059209823608,"2023,146,653,14,1159","0.008015,0.005093,0.000872,0.000795,0.000776",0.01977458165267034,0.00244140625,8.099668644933772,"345,460,219,256,6","0.005248,0.004824,0.004691,0.004655,0.003771",0.029487736364668535,0.009823182711198428,3.001851561923257,6,False
Llama-3.2-1B-Instruct,GPTQ_8bit,Prompt_04,3,attn,509,2048,0.4482230842113495,"146,2023,519,1634,1131","0.005747,0.003332,0.000905,0.000818,0.000743",0.025758997533954914,0.00244140625,10.550885389907933,"114,121,41,94,172","0.002248,0.00216,0.002143,0.002109,0.002084",0.023969362835625386,0.009823182711198428,2.4400811366666644,41,False
Llama-3.2-1B-Instruct,GPTQ_8bit,Prompt_04,3,mlp,509,2048,1.4561322927474976,"146,2023,577,1380,519","0.007681,0.005928,0.001123,0.001108,0.001078",0.011618435652439233,0.00244140625,4.75891124323911,"256,460,252,219,98","0.008006,0.006569,0.006134,0.005874,0.005796",0.022235992605110978,0.009823182711198428,2.2636240472002975,98,False
Llama-3.2-1B-Instruct,GPTQ_8bit,Prompt_04,4,attn,509,2048,0.6802250146865845,"146,2023,904,923,1504","0.007559,0.004249,0.003514,0.003467,0.002215",0.030877602415537928,0.00244140625,12.647465949404335,"104,105,137,237,274","0.003507,0.003207,0.002975,0.002753,0.002674",0.022223374945957348,0.009823182711198428,2.262339569498458,104,False
Llama-3.2-1B-Instruct,GPTQ_8bit,Prompt_04,4,mlp,509,2048,2.097846031188965,"146,2023,14,1784,1076","0.016799,0.010074,0.001679,0.001641,0.001625",0.015167242224233561,0.00244140625,6.212502415046067,"256,460,23,37,134","0.010049,0.007623,0.007496,0.007405,0.007264",0.018989613767649155,0.009823182711198428,1.9331426815466841,23,False
Llama-3.2-1B-Instruct,GPTQ_8bit,Prompt_04,5,attn,509,2048,0.7220009565353394,"146,2023,189,963,591","0.01346,0.005466,0.001401,0.001203,0.001169",0.03143922334177539,0.00244140625,12.8775058807912,"64,258,117,186,112","0.004044,0.004034,0.003313,0.003277,0.003268",0.024841954510488835,0.009823182711198428,2.5289109691677636,64,False
Llama-3.2-1B-Instruct,GPTQ_8bit,Prompt_04,5,mlp,509,2048,2.6530871391296387,"146,2023,904,923,691","0.024329,0.014681,0.010157,0.008519,0.005569",0.023842324517377743,0.00244140625,9.765816122317924,"256,64,23,263,460","0.01095,0.010695,0.009935,0.009723,0.008854",0.018904890320721318,0.009823182711198428,1.9245178346494303,23,False
Llama-3.2-1B-Instruct,GPTQ_8bit,Prompt_04,6,attn,509,2048,1.0810518264770508,"146,2023,604,1042,1285","0.012504,0.008722,0.002302,0.001518,0.001451",0.02450977564420655,0.00244140625,10.039204103867004,"288,215,61,129,121","0.00548,0.004796,0.004647,0.004559,0.004481",0.02216652186630233,0.009823182711198428,2.2565519259895774,61,False
Llama-3.2-1B-Instruct,GPTQ_8bit,Prompt_04,6,mlp,509,2048,3.035764217376709,"146,2023,923,1504,963","0.042681,0.021659,0.004033,0.003857,0.002616",0.02465478160622726,0.00244140625,10.098598545910686,"134,23,37,256,24","0.014084,0.011791,0.011742,0.011488,0.011009",0.01980189753047966,0.009823182711198428,2.0158331686028292,23,False
Llama-3.2-1B-Instruct,GPTQ_8bit,Prompt_04,7,attn,509,2048,1.052785873413086,"2023,146,1387,1042,1799","0.013686,0.009208,0.001737,0.00153,0.001474",0.02624826004528383,0.00244140625,10.751287314548257,"105,114,288,90,82","0.005724,0.005156,0.005147,0.004885,0.004877",0.02449546408681379,0.009823182711198428,2.493638244037644,82,False
Llama-3.2-1B-Instruct,GPTQ_8bit,Prompt_04,7,mlp,509,2048,3.3974616527557373,"146,2023,1040,604,189","0.037403,0.023536,0.003551,0.003047,0.003032",0.02077081280846081,0.00244140625,8.507724926345547,"134,23,114,65,288","0.017099,0.014396,0.013766,0.012912,0.01252",0.020807505824391278,0.009823182711198428,2.1182040929230324,23,False
Llama-3.2-1B-Instruct,GPTQ_8bit,Prompt_04,8,attn,509,2048,1.5889368057250977,"146,2023,189,509,519","0.026754,0.016573,0.002017,0.001939,0.001728",0.03084537377537406,0.00244140625,12.634265098393215,"288,215,186,149,150","0.016694,0.012542,0.009815,0.008139,0.008082",0.034786083494986256,0.009823182711198428,3.5412232997896007,149,False
Llama-3.2-1B-Instruct,GPTQ_8bit,Prompt_04,8,mlp,509,2048,4.430514812469482,"2023,146,1349,970,542","0.051156,0.050575,0.004661,0.00359,0.003576",0.025630923919085724,0.00244140625,10.498426437257512,"288,186,149,134,23","0.018793,0.018424,0.018043,0.018006,0.017903",0.020577516627359977,0.009823182711198428,2.094791192665246,23,False
Llama-3.2-1B-Instruct,GPTQ_8bit,Prompt_04,9,attn,509,2048,2.049318313598633,"2023,146,604,189,864","0.073454,0.004737,0.004225,0.003827,0.00379",0.04393293951321302,0.00244140625,17.99493202461205,"214,185,323,186,115","0.013053,0.013011,0.012007,0.010594,0.009422",0.02834437588244218,0.009823182711198428,2.885457464832614,115,False
Llama-3.2-1B-Instruct,GPTQ_8bit,Prompt_04,9,mlp,509,2048,5.175854682922363,"2023,1159,146,963,519","0.045926,0.008531,0.0059,0.005579,0.005576",0.013816542462269753,0.00244140625,5.659255792545691,"134,17,38,186,185","0.02583,0.024013,0.021513,0.020965,0.020628",0.021822214551606635,0.009823182711198428,2.2215014413535554,17,False
Llama-3.2-1B-Instruct,GPTQ_8bit,Prompt_04,10,attn,509,2048,1.4077670574188232,"2023,604,1285,1042,89","0.049194,0.002683,0.002642,0.002337,0.002331",0.042042835055972436,0.00244140625,17.22074523892631,"292,185,120,116,94","0.011746,0.009972,0.007386,0.007374,0.007307",0.031102334483791714,0.009823182711198428,3.1662176504499966,94,False
Llama-3.2-1B-Instruct,GPTQ_8bit,Prompt_04,10,mlp,509,2048,6.444230556488037,"2023,1159,72,1042,146","0.04022,0.011911,0.008021,0.007919,0.006772",0.011613901917868995,0.00244140625,4.75705422555914,"134,17,18,38,185","0.040144,0.03867,0.034148,0.033818,0.030806",0.027557476837339008,0.009823182711198428,2.8053511420411112,17,False
Llama-3.2-1B-Instruct,GPTQ_8bit,Prompt_04,11,attn,509,2048,1.4575682878494263,"2023,1932,674,864,781","0.027812,0.008066,0.007793,0.007293,0.006725",0.03957957865518429,0.00244140625,16.211795417163486,"257,114,185,214,116","0.010714,0.010105,0.009453,0.00916,0.009092",0.03329128932117191,0.009823182711198428,3.3890532528953003,114,False
Llama-3.2-1B-Instruct,GPTQ_8bit,Prompt_04,11,mlp,509,2048,7.688161849975586,"2023,1159,64,963,253","0.050233,0.030035,0.0076,0.007521,0.006649",0.013272138155013966,0.00244140625,5.436267788293721,"134,17,38,18,24","0.051117,0.048531,0.046273,0.043298,0.043293",0.03024291746127516,0.009823182711198428,3.0787289975578114,17,False
Llama-3.2-1B-Instruct,GPTQ_8bit,Prompt_04,12,attn,509,2048,1.8785297870635986,"2023,1159,146,591,64","0.109133,0.01398,0.006089,0.004087,0.004087",0.07312905144924087,0.00244140625,29.953659473609058,"214,257,185,157,144","0.015986,0.014523,0.014221,0.013353,0.013006",0.037842923547982805,0.009823182711198428,3.85240961718465,144,False
Llama-3.2-1B-Instruct,GPTQ_8bit,Prompt_04,12,mlp,509,2048,10.377021789550781,"2023,1159,253,819,963","0.116171,0.04684,0.009258,0.008774,0.008513",0.018266927109180913,0.00244140625,7.482133343920502,"24,17,9,14,38","0.083979,0.079459,0.078885,0.078181,0.077124",0.03831809543818013,0.009823182711198428,3.900782115606737,9,False
Llama-3.2-1B-Instruct,GPTQ_8bit,Prompt_04,13,attn,509,2048,2.649919033050537,"2023,1159,253,1763,963","0.043759,0.015927,0.003863,0.003515,0.003493",0.026626405160579368,0.00244140625,10.90617555377331,"150,185,104,214,145","0.024716,0.023509,0.020249,0.019262,0.018475",0.040081102806893226,0.009823182711198428,4.08025626574173,104,False
Llama-3.2-1B-Instruct,GPTQ_8bit,Prompt_04,13,mlp,509,2048,16.4962158203125,"2023,1159,1050,253,819","0.185034,0.154837,0.018381,0.017894,0.016359",0.02379361466569574,0.00244140625,9.745864567068974,"24,9,38,21,22","0.161571,0.156484,0.151318,0.148179,0.147248",0.04636214516333425,0.009823182711198428,4.719666377627426,9,False
Llama-3.2-1B-Instruct,GPTQ_8bit,Prompt_04,14,attn,509,2048,5.481410503387451,"2023,1159,963,1511,253","0.256174,0.107571,0.014178,0.011469,0.0109",0.07302721226172215,0.00244140625,29.911946142401394,"185,146,116,24,120","0.053151,0.045572,0.045221,0.039883,0.039497",0.04074220689303006,0.009823182711198428,4.1475566617104604,24,False
Llama-3.2-1B-Instruct,GPTQ_8bit,Prompt_04,14,mlp,509,2048,23.692411422729492,"1159,2023,1511,1050,454","0.238895,0.217631,0.066724,0.061739,0.053392",0.026944474432416248,0.00244140625,11.036456727517695,"9,22,21,23,14","0.270023,0.267512,0.262646,0.257677,0.241792",0.05485508483697854,0.009823182711198428,5.584247636404416,9,False
Llama-3.2-1B-Instruct,GPTQ_8bit,Prompt_04,15,attn,509,2048,12.5252685546875,"1159,1511,64,604,1040","0.448345,0.154289,0.147368,0.132577,0.111529",0.0793682191593288,0.00244140625,32.50922256766108,"104,21,18,81,17","0.083214,0.074319,0.074304,0.072709,0.070643",0.029954586850495093,0.009823182711198428,3.0493769413804004,17,False
Llama-3.2-1B-Instruct,GPTQ_8bit,Prompt_04,15,mlp,509,2048,93.13223266601562,"1159,2029,698,400,2023","10.072189,9.81053,9.058213,5.732573,0.58309",0.3785649135891226,0.00244140625,155.06018860610462,"0,9,22,21,17","35.648304,0.953582,0.831574,0.72083,0.661193",0.41677818712302456,0.009823182711198428,42.4280194491239,0,True
Llama-3.2-1B-Instruct,GPTQ_4bit,Prompt_01,0,attn,314,2048,1.8102303743362427,"146,2023,225,64,1634","0.036445,0.021447,0.008933,0.008333,0.005684",0.04465846374058934,0.00244140625,18.292106748145393,"120,310,17,9,100","0.03133,0.02899,0.022863,0.022173,0.019004",0.06869856749083803,0.01592356687898089,4.314270038424628,9,False
Llama-3.2-1B-Instruct,GPTQ_4bit,Prompt_01,0,mlp,314,2048,10.205000877380371,"146,1703,2023,894,958","0.063057,0.053651,0.039741,0.03311,0.016404",0.02018248581006566,0.00244140625,8.266746187802894,"146,46,229,144,3","0.122556,0.121384,0.109081,0.108753,0.108048",0.055837556336167694,0.01592356687898089,3.5065985379113314,3,False
Llama-3.2-1B-Instruct,GPTQ_4bit,Prompt_01,1,attn,314,2048,9.009306907653809,"146,2023,259,1703,1107","0.137628,0.108344,0.055136,0.05186,0.048038",0.044510139417587254,0.00244140625,18.231353105443738,"130,140,17,16,135","0.093518,0.08656,0.074125,0.071555,0.06808",0.043714544747438404,0.01592356687898089,2.7452734101391316,16,False
Llama-3.2-1B-Instruct,GPTQ_4bit,Prompt_01,1,mlp,314,2048,610.5576782226562,"698,2029,1159,400,1107","156.692429,150.502411,132.622757,121.490395,5.663516",0.9286125075561983,0.00244140625,380.3596830950188,"0,46,140,29,130","576.839233,0.372901,0.309636,0.308959,0.294129",0.946880038610961,0.01592356687898089,59.464066424768355,0,True
Llama-3.2-1B-Instruct,GPTQ_4bit,Prompt_01,2,attn,314,2048,37.52280044555664,"2023,146,14,2037,1131","0.656657,0.363135,0.223396,0.165701,0.1579",0.041755643363405044,0.00244140625,17.103111521650707,"24,14,4,223,213","0.873854,0.604042,0.541686,0.507642,0.432796",0.07888591754870722,0.01592356687898089,4.9540356220588135,4,False
Llama-3.2-1B-Instruct,GPTQ_4bit,Prompt_01,2,mlp,314,2048,99.02200317382812,"146,2023,14,653,1324","1.078725,0.843032,0.201025,0.139831,0.133852",0.02420134136558314,0.00244140625,9.912869423342855,"24,20,14,4,46","1.06588,0.920564,0.891034,0.829239,0.758848",0.045096691489305965,0.01592356687898089,2.8320722255284148,4,False
Llama-3.2-1B-Instruct,GPTQ_4bit,Prompt_01,3,attn,314,2048,52.12293243408203,"146,2023,422,533,1701","0.430275,0.412972,0.109832,0.10217,0.099064",0.02214595991250988,0.00244140625,9.070985180164048,"24,25,161,14,120","0.629698,0.52662,0.512042,0.497856,0.431826",0.049844514273352035,0.01592356687898089,3.1302354963665078,14,False
Llama-3.2-1B-Instruct,GPTQ_4bit,Prompt_01,3,mlp,314,2048,182.9054718017578,"146,2023,1163,22,163","0.827363,0.722425,0.17635,0.162301,0.161154",0.011205756414527101,0.00244140625,4.589877827390301,"24,14,20,139,4","1.838338,1.313339,1.237478,1.192234,1.154268",0.03682588713772618,0.01592356687898089,2.312665712249204,4,False
Llama-3.2-1B-Instruct,GPTQ_4bit,Prompt_01,4,attn,314,2048,76.52207946777344,"146,2023,1504,904,691","0.674496,0.286853,0.248304,0.248142,0.242309",0.02221716778738217,0.00244140625,9.100151925711737,"203,277,227,262,86","0.669685,0.611686,0.589704,0.58815,0.587138",0.03981025313108742,0.01592356687898089,2.5000838966322902,86,False
Llama-3.2-1B-Instruct,GPTQ_4bit,Prompt_01,4,mlp,314,2048,264.4665832519531,"146,2023,422,404,963","2.658095,1.890626,0.288541,0.243963,0.24198",0.02012808530446602,0.00244140625,8.244463740709282,"24,120,310,14,139","2.643546,1.671358,1.617209,1.582205,1.474018",0.0339866627102272,0.01592356687898089,2.134362418202268,14,False
Llama-3.2-1B-Instruct,GPTQ_4bit,Prompt_01,5,attn,314,2048,111.39064025878906,"146,2023,435,1366,189","1.556509,0.434374,0.277118,0.224417,0.212407",0.024282340015481987,0.00244140625,9.946046470341422,"281,280,203,310,226","2.005825,1.200909,0.77342,0.767754,0.753221",0.049385914837843936,0.01592356687898089,3.101435451816599,203,False
Llama-3.2-1B-Instruct,GPTQ_4bit,Prompt_01,5,mlp,314,2048,355.84246826171875,"146,2023,923,904,1504","2.840384,1.807608,1.175833,0.972052,0.797609",0.02133946053753926,0.00244140625,8.740643036176081,"24,281,120,134,119","2.977048,2.566724,2.296475,2.007888,2.002032",0.03330171754095068,0.01592356687898089,2.0913478615717027,24,False
Llama-3.2-1B-Instruct,GPTQ_4bit,Prompt_01,6,attn,314,2048,150.687744140625,"2023,146,1042,1618,923","1.489884,1.145281,0.286928,0.28408,0.244117",0.022896953051965516,0.00244140625,9.378591970085076,"281,161,135,222,189","1.261533,0.985393,0.973225,0.970578,0.932429",0.03399849837557131,0.01592356687898089,2.1351056979858782,135,False
Llama-3.2-1B-Instruct,GPTQ_4bit,Prompt_01,6,mlp,314,2048,437.1046142578125,"146,2023,923,904,251","4.607428,2.651455,0.491861,0.446273,0.409158",0.01968905186983996,0.00244140625,8.064635645886447,"24,147,281,23,20","3.576906,2.972303,2.807954,2.68848,2.433939",0.03312612441182196,0.01592356687898089,2.080320613062419,20,False
Llama-3.2-1B-Instruct,GPTQ_4bit,Prompt_01,7,attn,314,2048,181.00592041015625,"2023,146,1980,1968,1042","3.131773,1.633005,0.245484,0.242806,0.235848",0.030324518326976555,0.00244140625,12.420922706729597,"276,281,216,247,165","1.572297,1.426509,1.223251,1.219124,1.201996",0.03670144032356342,0.01592356687898089,2.304850452319783,165,False
Llama-3.2-1B-Instruct,GPTQ_4bit,Prompt_01,7,mlp,314,2048,525.895263671875,"146,2023,674,604,189","6.85085,3.815387,0.631076,0.515084,0.469918",0.023355057839426537,0.00244140625,9.56623169102911,"147,24,165,120,276","4.056978,3.577713,3.387526,3.249725,3.150919",0.03312990685178316,0.01592356687898089,2.0805581502919823,24,False
Llama-3.2-1B-Instruct,GPTQ_4bit,Prompt_01,8,attn,314,2048,242.7655029296875,"146,2023,215,707,110","4.790022,1.84854,0.35636,0.346227,0.338976",0.031635986569351876,0.00244140625,12.95810009880653,"165,310,264,274,308","2.421438,2.214504,1.607863,1.596656,1.560995",0.03872648630913621,0.01592356687898089,2.4320233402137537,165,False
Llama-3.2-1B-Instruct,GPTQ_4bit,Prompt_01,8,mlp,314,2048,656.0936279296875,"146,2023,1495,1159,571","6.257305,6.01599,0.617884,0.615582,0.581791",0.021473384236459617,0.00244140625,8.795498183253859,"165,24,147,120,20","5.466534,4.778457,4.737512,4.034697,3.675972",0.03458831115170858,0.01592356687898089,2.1721459403272987,20,False
Llama-3.2-1B-Instruct,GPTQ_4bit,Prompt_01,9,attn,314,2048,272.5369873046875,"2023,1387,146,604,653","7.281644,0.619256,0.618925,0.599592,0.549741",0.03547833296866511,0.00244140625,14.531925183965228,"276,261,291,292,307","2.073894,1.912461,1.904874,1.829199,1.801047",0.03493644653060548,0.01592356687898089,2.1940088421220243,261,False
Llama-3.2-1B-Instruct,GPTQ_4bit,Prompt_01,9,mlp,314,2048,756.505615234375,"2023,1159,146,519,674","8.797558,1.215388,0.850572,0.755118,0.73256",0.01632664191823076,0.00244140625,6.68739252970732,"147,165,24,161,232","6.435321,5.153743,4.855107,4.39829,4.106317",0.032978970337699004,0.01592356687898089,2.0710793372074976,24,False
Llama-3.2-1B-Instruct,GPTQ_4bit,Prompt_01,10,attn,314,2048,237.376220703125,"2023,1159,1285,604,674","9.621151,0.535785,0.491574,0.482633,0.414611",0.048639044345428796,0.00244140625,19.922552563887635,"290,294,165,249,291","2.179425,2.09787,2.018332,2.010094,1.778063",0.04248017396119277,0.01592356687898089,2.6677549247629058,165,False
Llama-3.2-1B-Instruct,GPTQ_4bit,Prompt_01,10,mlp,314,2048,905.592041015625,"2023,1042,1159,1285,189","6.978288,1.544205,1.298536,1.125269,0.942388",0.013128082619250777,0.00244140625,5.377262640845118,"147,17,165,24,20","7.170768,6.81859,6.72931,6.57512,5.457294",0.036165379195024404,0.01592356687898089,2.2711858134475325,17,False
Llama-3.2-1B-Instruct,GPTQ_4bit,Prompt_01,11,attn,314,2048,184.68783569335938,"2023,674,864,604,1932","4.567779,1.232083,1.167636,1.152429,1.065731",0.049736131350557045,0.00244140625,20.371919401188165,"24,263,193,111,99","1.791996,1.74872,1.59457,1.577059,1.529396",0.04462525184443569,0.01592356687898089,2.8024658158305615,24,False
Llama-3.2-1B-Instruct,GPTQ_4bit,Prompt_01,11,mlp,314,2048,980.767333984375,"2023,1159,253,819,681","6.178545,4.824028,0.884753,0.867979,0.842787",0.013864747177341163,0.00244140625,5.67900044383894,"24,17,9,147,14","10.589306,8.617385,8.325069,8.214008,7.660179",0.04425713126331299,0.01592356687898089,2.7793478433360557,9,False
Llama-3.2-1B-Instruct,GPTQ_4bit,Prompt_01,12,attn,314,2048,241.29568481445312,"2023,1159,1042,146,963","8.523467,1.35764,0.423369,0.38174,0.351765",0.045744626729702885,0.00244140625,18.7369991084863,"202,312,307,256,232","2.464548,2.440024,2.254367,1.992524,1.938276",0.04595913021829248,0.01592356687898089,2.886233377708768,202,False
Llama-3.2-1B-Instruct,GPTQ_4bit,Prompt_01,12,mlp,314,2048,1233.3980712890625,"2023,1159,963,253,819","11.560219,4.685543,1.179353,1.162919,1.084129",0.01594956679025142,0.00244140625,6.532942557286982,"24,9,14,50,147","19.564903,15.39185,14.011657,13.672961,13.156663",0.06145464017853529,0.01592356687898089,3.859351403212016,9,False
Llama-3.2-1B-Instruct,GPTQ_4bit,Prompt_01,13,attn,314,2048,389.7720031738281,"2023,1159,1516,867,178","8.186138,2.851299,0.793385,0.553764,0.497444",0.03305016877088398,0.00244140625,13.537349128554078,"312,202,232,257,231","3.81213,3.727819,3.630941,3.446863,3.384684",0.046187097700611704,0.01592356687898089,2.900549735598415,202,False
Llama-3.2-1B-Instruct,GPTQ_4bit,Prompt_01,13,mlp,314,2048,1961.807373046875,"2023,1159,1050,994,819","24.530205,17.543507,2.171977,2.03794,1.865596",0.02454330012408589,0.00244140625,10.052935730825581,"24,14,9,11,17","33.995495,24.537682,24.313538,23.535717,22.929468",0.06591467984259472,0.01592356687898089,4.139441894114948,9,False
Llama-3.2-1B-Instruct,GPTQ_4bit,Prompt_01,14,attn,314,2048,851.8582763671875,"2023,1159,253,963,11","32.328346,17.781662,1.717368,1.418409,1.357534",0.06409906292582149,0.00244140625,26.25497617441648,"144,216,311,97,161","9.396838,7.715064,7.481225,7.360703,7.300279",0.046080566841534255,0.01592356687898089,2.893859597648351,97,False
Llama-3.2-1B-Instruct,GPTQ_4bit,Prompt_01,14,mlp,314,2048,2701.03662109375,"2023,1159,1511,1050,454","38.477432,35.203171,8.721113,6.701504,6.530147",0.0354061756617242,0.00244140625,14.502369551042232,"14,9,23,231,24","40.841125,38.971786,38.651272,38.162628,36.924698",0.07165823379080985,0.01592356687898089,4.500137082062858,9,False
Llama-3.2-1B-Instruct,GPTQ_4bit,Prompt_01,15,attn,314,2048,1669.44775390625,"1159,674,1511,1634,64","64.587708,18.31481,17.489948,17.200516,15.488457",0.07971584366497038,0.00244140625,32.65160956517187,"259,17,147,21,311","17.288874,12.483719,12.189829,12.023347,11.761486",0.039382636122712034,0.01592356687898089,2.473229548506316,17,False
Llama-3.2-1B-Instruct,GPTQ_4bit,Prompt_01,15,mlp,314,2048,9682.376953125,"1159,698,400,2029,1511","478.03598,369.168427,368.50531,360.090149,94.790382",0.17253925311712223,0.00244140625,70.67207807677326,"0,21,22,23,9","1388.61792,136.425095,119.278809,107.407913,102.99012",0.19155625293375914,0.01592356687898089,12.029732684240074,0,True
Llama-3.2-1B-Instruct,GPTQ_4bit,Prompt_02,0,attn,335,2048,1.9331355094909668,"146,2023,1618,64,225","0.02708,0.019216,0.008884,0.008216,0.006502",0.03615759969773653,0.00244140625,14.81015283619288,"256,17,9,164,172","0.023223,0.022871,0.022188,0.020973,0.020384",0.05671559819751909,0.014925373134328358,3.799945079233779,9,False
Llama-3.2-1B-Instruct,GPTQ_4bit,Prompt_02,0,mlp,335,2048,11.492744445800781,"146,1703,2023,894,841","0.059221,0.0557,0.051163,0.036383,0.016932",0.01909026280439757,0.00244140625,7.819371644681245,"102,100,117,68,170","0.124513,0.113547,0.111651,0.110999,0.110585",0.0497091697496709,0.014925373134328358,3.3305143732279503,68,False
Llama-3.2-1B-Instruct,GPTQ_4bit,Prompt_02,1,attn,335,2048,9.47704792022705,"2023,146,1634,1107,1703","0.142875,0.136517,0.043547,0.039049,0.036537",0.04205147118387547,0.00244140625,17.224282596915394,"17,205,271,16,313","0.073945,0.072863,0.071543,0.071419,0.067184",0.03766505818168828,0.014925373134328358,2.5235588981731145,16,False
Llama-3.2-1B-Instruct,GPTQ_4bit,Prompt_02,1,mlp,335,2048,614.8880004882812,"698,2029,1159,400,1107","156.981705,150.782547,132.872406,121.709824,5.676482",0.9237827844545417,0.00244140625,378.38142851258027,"0,273,246,207,29","576.839172,0.365312,0.349043,0.340998,0.308719",0.9403391294205815,0.014925373134328358,63.00272167117896,0,True
Llama-3.2-1B-Instruct,GPTQ_4bit,Prompt_02,2,attn,335,2048,34.08026123046875,"2023,146,14,2037,29","0.816965,0.397078,0.190581,0.121894,0.113488",0.04812191331457937,0.00244140625,19.71073569365171,"24,14,4,154,162","0.874878,0.604308,0.545337,0.509249,0.409153",0.08635274950480952,0.014925373134328358,5.785634216822238,4,False
Llama-3.2-1B-Instruct,GPTQ_4bit,Prompt_02,2,mlp,335,2048,101.20738983154297,"146,2023,1159,14,653","1.076346,1.045663,0.157137,0.142691,0.130454",0.025218433894653444,0.00244140625,10.32947052325005,"24,246,20,14,273","1.065775,0.939391,0.920328,0.892061,0.862356",0.04624081401655654,0.014925373134328358,3.0981345391092883,14,False
Llama-3.2-1B-Instruct,GPTQ_4bit,Prompt_02,3,attn,335,2048,48.28968048095703,"146,2023,519,259,422","0.439378,0.389687,0.108904,0.102578,0.092811",0.023469993324828086,0.00244140625,9.613309265849583,"24,25,14,103,41","0.629869,0.526423,0.497618,0.43091,0.394486",0.05134234646117143,0.014925373134328358,3.439937212898486,14,False
Llama-3.2-1B-Instruct,GPTQ_4bit,Prompt_02,3,mlp,335,2048,179.2202606201172,"146,2023,959,1703,211","1.071706,0.663833,0.150591,0.147083,0.146169",0.012160352860899592,0.00244140625,4.980880531824473,"24,207,246,273,14","1.838753,1.499613,1.382456,1.379066,1.313158",0.04136276700819957,0.014925373134328358,2.771305389549371,14,False
Llama-3.2-1B-Instruct,GPTQ_4bit,Prompt_02,4,attn,335,2048,68.056396484375,"146,30,691,1910,904","0.604195,0.337019,0.305313,0.274401,0.255872",0.026107761318917056,0.00244140625,10.693739036228425,"70,165,41,164,225","0.532679,0.472587,0.462849,0.434448,0.403873",0.03389006680613899,0.014925373134328358,2.2706344760113124,41,False
Llama-3.2-1B-Instruct,GPTQ_4bit,Prompt_02,4,mlp,335,2048,244.31716918945312,"146,2023,1175,963,1635","1.705882,1.403,0.214461,0.208379,0.204528",0.01529262121078695,0.00244140625,6.263857647938335,"24,103,273,207,14","2.642666,1.622125,1.599212,1.596747,1.582619",0.0370148781474896,0.014925373134328358,2.479996835881803,14,False
Llama-3.2-1B-Instruct,GPTQ_4bit,Prompt_02,5,attn,335,2048,90.68135070800781,"146,2023,435,1285,864","1.21495,0.555858,0.19241,0.165512,0.158779",0.025225808583462635,0.00244140625,10.332491195786295,"225,283,119,200,214","0.806105,0.724512,0.671687,0.647671,0.640096",0.038487194915001834,0.014925373134328358,2.578642059305123,119,False
Llama-3.2-1B-Instruct,GPTQ_4bit,Prompt_02,5,mlp,335,2048,314.1374206542969,"146,2023,923,904,691","2.865686,1.653498,0.814396,0.733997,0.731807",0.021644613842216394,0.00244140625,8.865633829771834,"24,246,20,207,103","2.97911,2.023212,1.917668,1.858943,1.853263",0.03384568272882664,0.014925373134328358,2.267660742831385,20,False
Llama-3.2-1B-Instruct,GPTQ_4bit,Prompt_02,6,attn,335,2048,131.12600708007812,"146,2023,604,331,1285","1.096116,0.847166,0.220942,0.188362,0.186475",0.01936352734063081,0.00244140625,7.93130079872238,"246,243,236,229,235","1.111966,0.90935,0.880678,0.86987,0.825972",0.035064249772559966,0.014925373134328358,2.349304734761518,229,False
Llama-3.2-1B-Instruct,GPTQ_4bit,Prompt_02,6,mlp,335,2048,369.3620300292969,"146,2023,923,589,1038","3.898579,2.329198,0.474398,0.371461,0.362241",0.02013167635483182,0.00244140625,8.245934634939115,"24,103,246,23,20","3.576449,3.257301,2.692077,2.679186,2.435127",0.039636289989758954,0.014925373134328358,2.65563142931385,20,False
Llama-3.2-1B-Instruct,GPTQ_4bit,Prompt_02,7,attn,335,2048,145.86190795898438,"2023,146,1732,60,328","1.428378,1.268676,0.264813,0.242834,0.230371",0.023550164626643676,0.00244140625,9.64614743107325,"66,255,167,246,169","1.149708,1.083475,1.043416,1.01897,1.013078",0.03639502067431123,0.014925373134328358,2.4384663851788524,66,False
Llama-3.2-1B-Instruct,GPTQ_4bit,Prompt_02,7,mlp,335,2048,438.336669921875,"146,2023,1366,1287,189","5.439574,2.635827,0.423218,0.418734,0.409023",0.021276743551116254,0.00244140625,8.714954158537218,"103,24,20,23,43","4.223241,3.576478,2.913728,2.820117,2.708454",0.03705375082779751,0.014925373134328358,2.482601305462433,20,False
Llama-3.2-1B-Instruct,GPTQ_4bit,Prompt_02,8,attn,335,2048,208.1746063232422,"146,2023,826,667,1624","3.864856,2.026579,0.30508,0.272226,0.248997",0.03226972910000058,0.00244140625,13.217681039360238,"255,253,169,229,246","1.818829,1.808149,1.804081,1.752291,1.602641",0.04220491549799673,0.014925373134328358,2.827729338365781,169,False
Llama-3.2-1B-Instruct,GPTQ_4bit,Prompt_02,8,mlp,335,2048,569.402099609375,"2023,146,865,519,1537","5.77644,4.772075,0.50978,0.4904,0.473176",0.021113149345637794,0.00244140625,8.64794597197324,"24,103,20,23,120","4.77658,4.179805,3.677901,3.38409,3.371536",0.03405310880468007,0.014925373134328358,2.2815582899135647,20,False
Llama-3.2-1B-Instruct,GPTQ_4bit,Prompt_02,9,attn,335,2048,241.8589324951172,"2023,189,1285,604,864","6.884402,0.570917,0.565892,0.450798,0.441029",0.03685221861286485,0.00244140625,15.094668743829441,"167,244,20,199,216","2.133016,1.814194,1.777129,1.625217,1.548208",0.03678906984254786,0.014925373134328358,2.4648676794507067,20,False
Llama-3.2-1B-Instruct,GPTQ_4bit,Prompt_02,9,mlp,335,2048,659.2325439453125,"2023,1159,963,519,435","5.680375,1.454364,0.812533,0.668142,0.615712",0.014002835513374575,0.00244140625,5.735561426278226,"103,24,121,120,20","5.457468,4.853554,4.458249,4.134664,4.088555",0.03487766050425956,0.014925373134328358,2.3368032537853907,20,False
Llama-3.2-1B-Instruct,GPTQ_4bit,Prompt_02,10,attn,335,2048,194.70742797851562,"2023,604,1285,674,864","9.788063,0.445457,0.362719,0.322988,0.306797",0.05765586215295416,0.00244140625,23.615841137850023,"120,164,127,125,126","2.025406,1.783288,1.780075,1.642854,1.625626",0.04549004294240924,0.014925373134328358,3.047832877141419,120,False
Llama-3.2-1B-Instruct,GPTQ_4bit,Prompt_02,10,mlp,335,2048,789.4228515625,"2023,1159,1042,146,72","7.427083,1.806031,0.917116,0.861211,0.838373",0.015010730228862066,0.00244140625,6.148395101741903,"17,24,103,20,18","6.811126,6.572303,6.200235,5.44682,5.326455",0.03845459914887261,0.014925373134328358,2.576458142974465,17,False
Llama-3.2-1B-Instruct,GPTQ_4bit,Prompt_02,11,attn,335,2048,177.05970764160156,"2023,674,1159,653,1932","3.150144,0.782382,0.7502,0.700981,0.67004",0.03419042256470626,0.00244140625,14.004397082503683,"120,53,126,24,128","2.125571,2.099217,1.83769,1.789689,1.718818",0.05405512080756408,0.014925373134328358,3.6216930941067935,24,False
Llama-3.2-1B-Instruct,GPTQ_4bit,Prompt_02,11,mlp,335,2048,967.1170654296875,"2023,1159,963,1695,48","6.660913,3.897911,1.042079,0.919392,0.912806",0.013889839379899814,0.00244140625,5.689278210006964,"24,17,9,14,53","10.578577,8.599735,8.328587,7.662188,7.57583",0.04419828824367889,0.014925373134328358,2.9612853123264857,9,False
Llama-3.2-1B-Instruct,GPTQ_4bit,Prompt_02,12,attn,335,2048,225.58921813964844,"2023,1159,253,963,819","12.104203,1.489062,0.363762,0.362318,0.346397",0.06501083249939209,0.00244140625,26.628436991751,"296,224,147,126,62","2.115002,2.07948,2.064097,1.93935,1.842077",0.044505702534764276,0.014925373134328358,2.9818820698292066,62,False
Llama-3.2-1B-Instruct,GPTQ_4bit,Prompt_02,12,mlp,335,2048,1339.978515625,"2023,1159,253,963,1985","10.042647,4.55642,1.569143,1.237845,1.190175",0.013878005756345207,0.00244140625,5.684431157798997,"24,9,14,4,21","19.536943,15.385566,14.020699,12.814584,11.92592",0.054988729267755866,0.014925373134328358,3.684244860939643,4,False
Llama-3.2-1B-Instruct,GPTQ_4bit,Prompt_02,13,attn,335,2048,315.79437255859375,"2023,1159,819,253,1324","5.725617,2.383151,0.397994,0.390973,0.376026",0.029366456641170473,0.00244140625,12.028500640223426,"120,24,255,253,101","3.29848,3.217417,3.03766,3.029466,2.783957",0.048661347175044334,0.014925373134328358,3.2603102607279704,24,False
Llama-3.2-1B-Instruct,GPTQ_4bit,Prompt_02,13,mlp,335,2048,2146.050537109375,"2023,1159,1050,1895,253","20.168587,16.474632,2.594346,2.025353,2.016087",0.0201668145250695,0.00244140625,8.260327229468468,"24,14,9,11,17","33.943748,24.562029,24.277216,23.51845,22.871655",0.06019107820131526,0.014925373134328358,4.032802239488122,9,False
Llama-3.2-1B-Instruct,GPTQ_4bit,Prompt_02,14,attn,335,2048,739.6874389648438,"2023,1159,1511,253,1548","27.198494,14.672102,1.69191,1.595993,1.332192",0.06285180697908473,0.00244140625,25.744100138633105,"117,103,253,120,100","14.346394,14.265491,13.415516,11.700864,11.569879",0.08827801857886587,0.014925373134328358,5.914627244784014,100,False
Llama-3.2-1B-Instruct,GPTQ_4bit,Prompt_02,14,mlp,335,2048,3159.553955078125,"2023,1159,454,1511,994","38.462673,32.769497,8.461983,7.514977,7.135321",0.0298600540600561,0.00244140625,12.230678142998979,"14,9,23,24,21","40.904007,38.923347,38.731457,36.821358,36.815273",0.06082992640825473,0.014925373134328358,4.075605069353067,9,False
Llama-3.2-1B-Instruct,GPTQ_4bit,Prompt_02,15,attn,335,2048,1534.9771728515625,"1159,1511,64,1472,1040","52.666428,15.275638,15.07131,14.01894,12.901049",0.07161889232785026,0.00244140625,29.33509829748747,"103,41,17,21,120","16.370594,12.977295,12.462274,12.045288,11.85206",0.04280683326370848,0.014925373134328358,2.8680578286684684,17,False
Llama-3.2-1B-Instruct,GPTQ_4bit,Prompt_02,15,mlp,335,2048,9532.1630859375,"1159,400,698,2029,1511","444.798981,370.947998,369.135376,360.886139,68.797554",0.16938086617726683,0.00244140625,69.3784027862085,"0,21,22,23,9","1388.605713,136.550812,119.081345,107.511444,102.926208",0.19457026913917572,0.014925373134328358,13.036208032324772,0,True
Llama-3.2-1B-Instruct,GPTQ_4bit,Prompt_03,0,attn,279,2048,1.7968270778656006,"146,2023,1083,1618,64","0.019742,0.012081,0.007953,0.007106,0.006306",0.029601737305908003,0.00244140625,12.124871600499919,"119,42,173,50,17","0.028214,0.027816,0.027687,0.025884,0.022863",0.07372094101736908,0.017921146953405017,4.113628508769195,17,False
Llama-3.2-1B-Instruct,GPTQ_4bit,Prompt_03,0,mlp,279,2048,10.366296768188477,"146,2023,1703,894,958","0.052539,0.044226,0.039578,0.036379,0.016451",0.018248814381063218,0.00244140625,7.474714370483494,"98,96,113,115,3","0.134049,0.118865,0.112538,0.110555,0.108048",0.05634175034614093,0.017921146953405017,3.143869669314664,3,False
Llama-3.2-1B-Instruct,GPTQ_4bit,Prompt_03,1,attn,279,2048,7.620211601257324,"2023,146,1634,259,1131","0.103106,0.099559,0.036459,0.032392,0.027259",0.039208375775042235,0.00244140625,16.059750717457298,"77,17,16,115,49","0.080702,0.074125,0.071555,0.064211,0.059337",0.04592143625120786,0.017921146953405017,2.562416142817399,16,False
Llama-3.2-1B-Instruct,GPTQ_4bit,Prompt_03,1,mlp,279,2048,608.9876098632812,"698,2029,1159,400,1107","156.76416,150.584335,132.723969,121.587555,5.670485",0.9315961378893413,0.00244140625,381.5817780794742,"0,125,77,49,122","576.839233,0.353323,0.341969,0.3157,0.29696",0.9493578299425727,0.017921146953405017,52.97416691079556,0,True
Llama-3.2-1B-Instruct,GPTQ_4bit,Prompt_03,2,attn,279,2048,29.78618812561035,"2023,146,14,1131,653","0.520676,0.301647,0.15615,0.115651,0.108886",0.040388165183314284,0.00244140625,16.542992459085532,"24,42,14,4,125","0.873854,0.709531,0.604042,0.541686,0.420473",0.10573981299700107,0.017921146953405017,5.9002815652326595,4,False
Llama-3.2-1B-Instruct,GPTQ_4bit,Prompt_03,2,mlp,279,2048,86.42303466796875,"2023,146,1159,14,1484","0.831308,0.698296,0.127617,0.106109,0.097659",0.021533491585625956,0.00244140625,8.820118153472391,"42,24,20,14,4","1.084992,1.06588,0.920564,0.891034,0.829239",0.05544481242341741,0.017921146953405017,3.0938205332266917,4,False
Llama-3.2-1B-Instruct,GPTQ_4bit,Prompt_03,3,attn,279,2048,46.729408264160156,"146,2023,1314,422,1701","0.373497,0.353146,0.152931,0.124696,0.116443",0.02398302142298418,0.00244140625,9.82344557485432,"24,25,14,119,38","0.629698,0.52662,0.497856,0.492826,0.491918",0.056472321380028494,0.017921146953405017,3.15115553300559,14,False
Llama-3.2-1B-Instruct,GPTQ_4bit,Prompt_03,3,mlp,279,2048,159.62722778320312,"146,2023,2046,1687,1372","0.994603,0.610369,0.150137,0.143991,0.142352",0.012788865935306506,0.00244140625,5.238319487101545,"24,42,46,14,20","1.838338,1.467519,1.360427,1.313339,1.237478",0.04521221847508873,0.017921146953405017,2.5228417909099514,14,False
Llama-3.2-1B-Instruct,GPTQ_4bit,Prompt_03,4,attn,279,2048,62.545711517333984,"146,2023,30,691,904","0.51208,0.263709,0.247619,0.243191,0.205514",0.02353659772945605,0.00244140625,9.640590429985199,"39,77,46,68,78","0.6287,0.598086,0.528832,0.524459,0.507971",0.04457615090842678,0.017921146953405017,2.4873492206902146,39,False
Llama-3.2-1B-Instruct,GPTQ_4bit,Prompt_03,4,mlp,279,2048,222.80426025390625,"146,2023,1364,134,450","1.310459,0.924223,0.191859,0.189881,0.179526",0.012548894135614346,0.00244140625,5.140027037947636,"24,46,42,14,99","2.643546,1.791939,1.597495,1.582205,1.468114",0.040768069813788804,0.017921146953405017,2.274858295609415,14,False
Llama-3.2-1B-Instruct,GPTQ_4bit,Prompt_03,5,attn,279,2048,82.92984771728516,"146,2023,1366,435,653","0.776356,0.751263,0.188874,0.177439,0.146263",0.0246014529869553,0.00244140625,10.076755143456891,"117,77,171,172,76","1.287773,1.015258,0.918779,0.839909,0.820937",0.058876950924770244,0.017921146953405017,3.28533386160218,76,False
Llama-3.2-1B-Instruct,GPTQ_4bit,Prompt_03,5,mlp,279,2048,285.09808349609375,"146,2023,691,923,904","3.160139,1.35369,0.792823,0.782209,0.685523",0.023761589211155443,0.00244140625,9.73274694088927,"24,117,46,20,25","2.977048,2.128106,1.936844,1.917048,1.790626",0.037705170810741144,0.017921146953405017,2.103948531239356,20,False
Llama-3.2-1B-Instruct,GPTQ_4bit,Prompt_03,6,attn,279,2048,124.79908752441406,"146,2023,1366,1040,1558","1.155976,0.848088,0.277363,0.198552,0.185199",0.021355749576375992,0.00244140625,8.747315026483607,"50,116,267,173,77","1.064099,1.049931,0.990945,0.976596,0.969859",0.04047649203132036,0.017921146953405017,2.258588255347676,50,False
Llama-3.2-1B-Instruct,GPTQ_4bit,Prompt_03,6,mlp,279,2048,343.9771728515625,"146,2023,923,1408,1667","3.717537,2.047505,0.395579,0.348977,0.31969",0.01985389749086275,0.00244140625,8.132156412257382,"24,23,99,30,20","3.576906,2.68848,2.621219,2.523757,2.433939",0.04024773245557534,0.017921146953405017,2.245823471021104,20,False
Llama-3.2-1B-Instruct,GPTQ_4bit,Prompt_03,7,attn,279,2048,127.5707015991211,"146,2023,1285,660,671","1.312209,0.976241,0.250887,0.21169,0.210566",0.023215306301132346,0.00244140625,9.508989460943809,"170,171,172,76,77","1.40025,1.394983,1.30044,1.292068,1.284074",0.052298962941512823,0.017921146953405017,2.9182821321364156,76,False
Llama-3.2-1B-Instruct,GPTQ_4bit,Prompt_03,7,mlp,279,2048,400.7372131347656,"146,2023,1839,189,859","4.712086,2.030138,0.416526,0.397367,0.39377",0.019838154626745735,0.00244140625,8.125708135115053,"99,24,58,30,20","3.593112,3.577713,3.012202,2.956081,2.911696",0.04005319099922423,0.017921146953405017,2.234968057756712,20,False
Llama-3.2-1B-Instruct,GPTQ_4bit,Prompt_03,8,attn,279,2048,177.7589569091797,"146,2023,539,1507,2015","2.914879,1.163161,0.278564,0.267815,0.24354",0.027385160650428585,0.00244140625,11.216961802415549,"234,117,42,195,119","2.090765,1.618118,1.595633,1.592962,1.54572",0.047498023753754524,0.017921146953405017,2.650389725459503,42,False
Llama-3.2-1B-Instruct,GPTQ_4bit,Prompt_03,8,mlp,279,2048,511.7901916503906,"2023,146,977,1338,539","5.784829,4.612034,0.49032,0.473121,0.441578",0.023059998079347343,0.00244140625,9.445375213300672,"24,99,42,119,20","4.778457,4.679423,4.009027,3.91428,3.675972",0.04114412461857514,0.017921146953405017,2.295842153716493,20,False
Llama-3.2-1B-Instruct,GPTQ_4bit,Prompt_03,9,attn,279,2048,227.8425750732422,"2023,189,1159,1285,604","8.803732,0.729048,0.714786,0.562855,0.518341",0.04972187966681514,0.00244140625,20.36608191152748,"169,233,52,277,116","2.354195,2.293367,2.253317,1.96541,1.900849",0.047256924792713796,0.017921146953405017,2.63693640343343,52,False
Llama-3.2-1B-Instruct,GPTQ_4bit,Prompt_03,9,mlp,279,2048,586.6652221679688,"2023,1159,146,674,963","4.342154,0.82401,0.678079,0.642145,0.616545",0.012107302663317216,0.00244140625,4.959151170894732,"99,52,24,42,119","5.903548,5.193988,4.855107,4.605176,4.539408",0.04277947295249868,0.017921146953405017,2.3870945907494265,24,False
Llama-3.2-1B-Instruct,GPTQ_4bit,Prompt_03,10,attn,279,2048,166.3465576171875,"2023,146,1040,604,519","6.603739,0.652073,0.399155,0.348368,0.314094",0.05000061114388891,0.00244140625,20.480250324536897,"170,52,169,171,76","2.554579,2.435666,1.649506,1.475397,1.335838",0.05681503176388831,0.017921146953405017,3.1702787724249677,52,False
Llama-3.2-1B-Instruct,GPTQ_4bit,Prompt_03,10,mlp,279,2048,737.0791625976562,"2023,1159,1042,72,1040","5.380848,1.805239,1.185985,1.13955,0.844733",0.014050532478684498,0.00244140625,5.75509810326917,"52,99,17,24,42","7.263063,6.888534,6.81859,6.57512,6.531651",0.04623242581236562,0.017921146953405017,2.5797693603300016,17,False
Llama-3.2-1B-Instruct,GPTQ_4bit,Prompt_03,11,attn,279,2048,152.47979736328125,"2023,1251,1932,189,604","2.684364,0.82395,0.721088,0.698126,0.624906",0.036414227088469475,0.00244140625,14.915267415437096,"116,170,173,24,65","2.21325,2.141649,1.859272,1.791996,1.783339",0.06420198693754656,0.017921146953405017,3.582470871115098,24,False
Llama-3.2-1B-Instruct,GPTQ_4bit,Prompt_03,11,mlp,279,2048,881.3690795898438,"2023,1159,819,963,1486","4.518849,3.500269,0.941311,0.859665,0.783541",0.01203086666660665,0.00244140625,4.927842986642084,"24,99,17,39,9","10.589306,9.549352,8.617385,8.352084,8.325069",0.05154843535312957,0.017921146953405017,2.8764026927046302,9,False
Llama-3.2-1B-Instruct,GPTQ_4bit,Prompt_03,12,attn,279,2048,218.3355255126953,"2023,1159,519,146,604","10.772348,1.311711,0.470971,0.414496,0.324681",0.06088888461025868,0.00244140625,24.940087136361957,"62,46,58,117,68","2.397897,2.39566,2.372711,2.204549,2.192065",0.05295923071875094,0.017921146953405017,2.955125074106302,46,False
Llama-3.2-1B-Instruct,GPTQ_4bit,Prompt_03,12,mlp,279,2048,1201.6639404296875,"2023,1159,253,819,963","10.844387,4.408679,1.133041,1.104685,1.004112",0.015391078106113237,0.00244140625,6.304185592263982,"24,9,14,39,4","19.564903,15.39185,14.011657,13.703156,12.808325",0.0628128164671566,0.017921146953405017,3.504955158867338,4,False
Llama-3.2-1B-Instruct,GPTQ_4bit,Prompt_03,13,attn,279,2048,324.6086730957031,"2023,1159,1985,963,1236","7.480974,3.364354,0.477027,0.456106,0.391369",0.037490770818077696,0.00244140625,15.356219727084625,"112,115,42,117,116","4.760363,4.375879,3.999093,3.85754,3.760381",0.0639331526363672,0.017921146953405017,3.56746991710929,42,False
Llama-3.2-1B-Instruct,GPTQ_4bit,Prompt_03,13,mlp,279,2048,1919.196533203125,"2023,1159,1050,819,253","16.837929,15.458702,2.70531,2.302629,2.004678",0.0204821368646522,0.00244140625,8.38948325976154,"24,14,9,11,17","33.995495,24.537682,24.313538,23.535717,22.929468",0.06737814635971957,0.017921146953405017,3.759700566872352,9,False
Llama-3.2-1B-Instruct,GPTQ_4bit,Prompt_03,14,attn,279,2048,644.822021484375,"2023,1159,1511,1050,519","25.843897,15.067762,1.656356,1.153096,0.997532",0.06935036599019155,0.00244140625,28.40590990958246,"113,96,117,31,176","13.155776,10.834667,10.349492,6.97022,6.756839",0.0745430399581098,0.017921146953405017,4.159501629662527,31,False
Llama-3.2-1B-Instruct,GPTQ_4bit,Prompt_03,14,mlp,279,2048,2824.7333984375,"2023,1159,454,1050,1511","39.695881,27.453382,7.344091,7.14249,7.061116",0.031400117440563216,0.00244140625,12.861488103654693,"14,9,23,24,21","40.841125,38.971786,38.651272,36.924698,36.775406",0.06802917807681656,0.017921146953405017,3.796028136686364,9,False
Llama-3.2-1B-Instruct,GPTQ_4bit,Prompt_03,15,attn,279,2048,1331.2718505859375,"1159,189,1511,435,1285","49.585789,17.767176,13.340665,12.919171,11.201799",0.07873268383670713,0.00244140625,32.24890729951524,"99,40,17,21,116","15.328007,14.319195,12.483719,12.023347,11.97915",0.04967686742047496,0.017921146953405017,2.771969202062503,17,False
Llama-3.2-1B-Instruct,GPTQ_4bit,Prompt_03,15,mlp,279,2048,9373.6513671875,"1159,400,698,2029,604","413.893066,380.611267,368.192535,360.376862,76.707634",0.17066789764235876,0.00244140625,69.90557087431014,"0,21,22,23,9","1388.61792,136.425095,119.278809,107.407913,102.99012",0.19786524759447166,0.017921146953405017,11.04088081577152,0,True
Llama-3.2-1B-Instruct,GPTQ_4bit,Prompt_04,0,attn,509,2048,2.3958652019500732,"146,2023,64,1131,1704","0.041742,0.022471,0.013349,0.00899,0.008363",0.03961641233091455,0.00244140625,16.2268824907426,"17,9,502,13,139","0.022845,0.022268,0.018821,0.017502,0.016969",0.041073089008872236,0.009823182711198428,4.181240461103194,9,False
Llama-3.2-1B-Instruct,GPTQ_4bit,Prompt_04,0,mlp,509,2048,15.685063362121582,"146,2023,1703,894,958","0.090735,0.0627,0.054989,0.043857,0.02384",0.017604066667311163,0.00244140625,7.210625706930652,"133,3,136,131,153","0.113339,0.107802,0.104879,0.102616,0.099352",0.03366182371098988,0.009823182711198428,3.4267736537787696,3,False
Llama-3.2-1B-Instruct,GPTQ_4bit,Prompt_04,1,attn,509,2048,12.931526184082031,"146,2023,259,1107,1131","0.182504,0.180233,0.104271,0.066162,0.060074",0.0458758850129885,0.00244140625,18.79076250132009,"31,17,16,65,108","0.077035,0.075594,0.072962,0.064741,0.064728",0.027456904797514513,0.009823182711198428,2.7951129083869777,16,False
Llama-3.2-1B-Instruct,GPTQ_4bit,Prompt_04,1,mlp,509,2048,733.1895751953125,"2029,400,698,1159,1107","204.164276,170.079254,157.278915,133.120865,5.691072",0.9142715243971777,0.00244140625,374.485616393084,"0,219,153,16,253","677.978149,0.29526,0.293249,0.289853,0.280136",0.9262771072121239,0.009823182711198428,94.2950095141942,0,True
Llama-3.2-1B-Instruct,GPTQ_4bit,Prompt_04,2,attn,509,2048,49.18062973022461,"2023,146,14,519,1131","1.089683,0.664327,0.45081,0.318775,0.276075",0.05692627354224855,0.00244140625,23.317001642905005,"24,14,4,375,445","0.867539,0.6006,0.546675,0.441465,0.440858",0.058908103816455684,0.009823182711198428,5.996844968515189,4,False
Llama-3.2-1B-Instruct,GPTQ_4bit,Prompt_04,2,mlp,509,2048,144.86997985839844,"146,2023,1159,14,653","1.871917,1.629817,0.207407,0.207397,0.202205",0.028430623794592887,0.00244140625,11.645183506265246,"24,20,256,14,4","1.056765,0.907941,0.904242,0.889058,0.832446",0.03168669758238689,0.009823182711198428,3.2257058138869854,4,False
Llama-3.2-1B-Instruct,GPTQ_4bit,Prompt_04,3,attn,509,2048,74.91007232666016,"2023,146,422,533,14","0.613931,0.563319,0.207634,0.162933,0.149892",0.022663296804243126,0.00244140625,9.282886371017984,"24,25,14,255,134","0.618612,0.522683,0.499142,0.47449,0.426976",0.033932729984367443,0.009823182711198428,3.454351912408606,14,False
Llama-3.2-1B-Instruct,GPTQ_4bit,Prompt_04,3,mlp,509,2048,267.2611083984375,"146,2023,983,963,1159","1.249722,1.176121,0.225498,0.222079,0.215366",0.01155718430292413,0.00244140625,4.733822690477724,"24,256,14,20,4","1.821387,1.368248,1.305416,1.219111,1.160918",0.02572420712404249,0.009823182711198428,2.6187242852275254,4,False
Llama-3.2-1B-Instruct,GPTQ_4bit,Prompt_04,4,attn,509,2048,105.484375,"146,2023,30,923,604","0.755305,0.549353,0.4206,0.368407,0.34557",0.02312412411702896,0.00244140625,9.471641238335062,"105,82,38,288,108","0.522634,0.520588,0.518913,0.506165,0.483067",0.024187142540659484,0.009823182711198428,2.4622511106391354,38,False
Llama-3.2-1B-Instruct,GPTQ_4bit,Prompt_04,4,mlp,509,2048,379.44525146484375,"146,2023,359,776,274","2.997681,1.57499,0.340328,0.324124,0.317832",0.014639674588628837,0.00244140625,5.996410711502372,"24,256,134,14,23","2.627259,1.823979,1.754874,1.585437,1.409073",0.024247560272267335,0.009823182711198428,2.468401635716815,14,False
Llama-3.2-1B-Instruct,GPTQ_4bit,Prompt_04,5,attn,509,2048,127.02032470703125,"146,2023,604,674,864","1.86051,0.914874,0.426221,0.318469,0.308058",0.030137934649735885,0.00244140625,12.344498032531819,"148,134,117,258,445","0.740265,0.66206,0.653056,0.640138,0.619587",0.026099028756292945,0.009823182711198428,2.656881127390622,117,False
Llama-3.2-1B-Instruct,GPTQ_4bit,Prompt_04,5,mlp,509,2048,478.5085144042969,"146,2023,904,923,691","4.173135,2.160351,1.186913,1.175941,1.103388",0.020479736720577544,0.00244140625,8.388500160748562,"24,134,256,38,20","2.958345,2.491014,2.108469,1.90027,1.888634",0.023712708868696836,0.009823182711198428,2.413953762833338,20,False
Llama-3.2-1B-Instruct,GPTQ_4bit,Prompt_04,6,attn,509,2048,181.2320556640625,"146,2023,1285,1040,895","1.38056,1.352253,0.302194,0.286476,0.267411",0.019802755730211032,0.00244140625,8.11120874709444,"214,149,134,23,61","0.954055,0.92067,0.912856,0.802607,0.744267",0.023916602376952728,0.009823182711198428,2.434710121973788,23,False
Llama-3.2-1B-Instruct,GPTQ_4bit,Prompt_04,6,mlp,509,2048,550.4393920898438,"146,2023,923,726,904","6.010024,3.340409,0.778041,0.659143,0.585403",0.020661711962400423,0.00244140625,8.463037219799213,"134,24,23,20,26","3.808398,3.577821,2.654126,2.423529,2.242236",0.02671703945179183,0.009823182711198428,2.7197946161924085,20,False
Llama-3.2-1B-Instruct,GPTQ_4bit,Prompt_04,7,attn,509,2048,201.20082092285156,"2023,146,1042,1251,435","1.49672,1.418234,0.780094,0.39958,0.380154",0.02224037640366825,0.00244140625,9.109658174942515,"91,64,68,149,104","0.935589,0.92969,0.913235,0.899652,0.883338",0.02267139088072658,0.009823182711198428,2.307947591657966,64,False
Llama-3.2-1B-Instruct,GPTQ_4bit,Prompt_04,7,mlp,509,2048,637.1714477539062,"146,2023,674,1922,1","6.834595,4.324961,0.790936,0.69366,0.566671",0.0207335452736489,0.00244140625,8.49246014408659,"134,24,20,23,25","3.790948,3.582831,2.900033,2.793278,2.482862",0.024404661438469217,0.009823182711198428,2.4843945344361664,20,False
Llama-3.2-1B-Instruct,GPTQ_4bit,Prompt_04,8,attn,509,2048,285.6463317871094,"146,2023,519,751,1681","4.01941,3.201612,0.434774,0.385892,0.373644",0.029460671668843114,0.00244140625,12.067091115558139,"186,134,215,150,288","2.139343,1.879375,1.822145,1.691113,1.598737",0.03196509632043986,0.009823182711198428,3.254046805420778,134,False
Llama-3.2-1B-Instruct,GPTQ_4bit,Prompt_04,8,mlp,509,2048,821.2071533203125,"2023,146,674,1564,519","8.63324,7.834136,0.732094,0.731901,0.730573",0.022725013244483807,0.00244140625,9.308165424940567,"134,24,20,186,23","5.628884,4.731282,3.661666,3.429233,3.348823",0.025328426222353626,0.009823182711198428,2.578433789435599,20,False
Llama-3.2-1B-Instruct,GPTQ_4bit,Prompt_04,9,attn,509,2048,356.3707275390625,"2023,604,146,189,1387","10.011108,0.931619,0.83807,0.786662,0.656503",0.0371073177683755,0.00244140625,15.199157357926605,"202,214,323,149,185","3.825091,2.428515,2.234941,2.197923,2.122435",0.03594263966706732,0.009823182711198428,3.6589607181074535,149,False
Llama-3.2-1B-Instruct,GPTQ_4bit,Prompt_04,9,mlp,509,2048,977.9677124023438,"2023,963,1159,146,633","8.217487,1.605677,1.534812,1.092351,0.974045",0.013726804626692478,0.00244140625,5.622499175093239,"134,24,186,202,20","6.033425,4.828321,4.744675,4.178317,4.109522",0.024432565721212534,0.009823182711198428,2.487235190419436,20,False
Llama-3.2-1B-Instruct,GPTQ_4bit,Prompt_04,10,attn,509,2048,250.1097869873047,"2023,1159,1040,1042,653","9.874163,0.62534,0.508842,0.41687,0.40921",0.047316920761420994,0.00244140625,19.38101074387804,"214,323,257,202,133","2.26107,1.456056,1.384889,1.35109,1.328288",0.031111913286371126,0.009823182711198428,3.1671927725525806,133,False
Llama-3.2-1B-Instruct,GPTQ_4bit,Prompt_04,10,mlp,509,2048,1197.9326171875,"2023,1159,1285,1042,259","10.097679,1.865022,1.672826,1.345029,1.175833",0.013486893172991718,0.00244140625,5.524231443657408,"134,17,186,24,150","8.05811,6.790944,6.611019,6.510427,6.185843",0.028512740251556434,0.009823182711198428,2.902596957608445,17,False
Llama-3.2-1B-Instruct,GPTQ_4bit,Prompt_04,11,attn,509,2048,254.54461669921875,"2023,1251,604,674,1618","5.283492,1.201844,1.083612,1.040572,0.987327",0.0377020213782224,0.00244140625,15.442747956519895,"186,185,214,149,202","3.428074,2.313125,2.187877,2.066883,1.939267",0.046888543922863166,0.009823182711198428,4.773253771347471,149,False
Llama-3.2-1B-Instruct,GPTQ_4bit,Prompt_04,11,mlp,509,2048,1463.4169921875,"2023,1159,2042,1658,1184","10.646431,4.512919,1.568158,1.372907,1.238883",0.013215165842363796,0.00244140625,5.412931929032211,"24,134,186,17,150","10.542306,10.444535,9.822584,8.593029,8.426611",0.03268314327738551,0.009823182711198428,3.3271439856378446,17,False
Llama-3.2-1B-Instruct,GPTQ_4bit,Prompt_04,12,attn,509,2048,316.00592041015625,"2023,1159,519,253,963","15.431251,2.038915,0.700267,0.590356,0.470811",0.060858358888107075,0.00244140625,24.92758380056866,"134,144,214,185,257","2.596053,2.372337,2.301265,2.175778,2.006041",0.03623816041554119,0.009823182711198428,3.6890447303020935,134,False
Llama-3.2-1B-Instruct,GPTQ_4bit,Prompt_04,12,mlp,509,2048,1953.625244140625,"2023,1159,1238,1050,963","15.286766,6.376801,2.081619,1.792147,1.776779",0.013981244249129192,0.00244140625,5.726717644443317,"24,9,14,134,4","19.538454,15.389924,13.878632,13.791004,12.723677",0.038554828269609445,0.009823182711198428,3.9248815178462415,4,False
Llama-3.2-1B-Instruct,GPTQ_4bit,Prompt_04,13,attn,509,2048,489.0694885253906,"2023,1159,1160,1985,56","10.072033,3.136509,0.824028,0.812017,0.689358",0.03176224534156704,0.00244140625,13.00981569190586,"145,185,133,257,150","5.221199,4.548093,4.279036,4.241373,3.89192",0.045354740307038094,0.009823182711198428,4.6171125632564785,133,False
Llama-3.2-1B-Instruct,GPTQ_4bit,Prompt_04,13,mlp,509,2048,3085.136474609375,"2023,1159,1238,994,1050","31.333616,20.181503,3.34985,3.209803,3.190685",0.019858264831242985,0.00244140625,8.133945274877126,"24,14,9,11,17","34.100746,24.507956,24.354403,23.653444,22.886372",0.04197639731484098,0.009823182711198428,4.2731972466508115,9,False
Llama-3.2-1B-Instruct,GPTQ_4bit,Prompt_04,14,attn,509,2048,960.8563232421875,"2023,1159,1511,819,963","47.524307,23.584089,3.343109,2.042926,1.964529",0.08165524018479711,0.00244140625,33.4459863796929,"131,150,146,185,369","12.812792,9.880299,9.441571,9.034007,8.671632",0.051870711893217604,0.009823182711198428,5.280438470729552,131,False
Llama-3.2-1B-Instruct,GPTQ_4bit,Prompt_04,14,mlp,509,2048,4370.93115234375,"2023,1159,1511,454,1050","52.434216,40.814774,11.495848,11.206794,9.457621",0.028691656676907217,0.00244140625,11.752102574861196,"14,9,23,21,24","40.609325,39.213005,38.090919,37.079185,36.74696",0.04386694818965004,0.009823182711198428,4.465655325706375,9,False
Llama-3.2-1B-Instruct,GPTQ_4bit,Prompt_04,15,attn,509,2048,2235.3994140625,"1159,2023,1511,1366,435","94.350449,26.525789,23.194921,22.78651,22.062056",0.08451273733109252,0.00244140625,34.6164172108155,"149,38,134,214,17","15.388113,14.757738,13.934768,13.188157,12.567445",0.031241047728772953,0.009823182711198428,3.1803386587890867,17,False
Llama-3.2-1B-Instruct,GPTQ_4bit,Prompt_04,15,mlp,509,2048,12280.8623046875,"1159,400,698,2029,1511","549.809326,385.683441,370.581635,361.6185,101.39122",0.14405211821651812,0.00244140625,59.00374762148582,"0,21,22,23,9","1430.738403,138.500488,119.112679,109.685669,105.194839",0.15497544133668978,0.009823182711198428,15.77649992807502,0,True
Llama-3.2-1B-Instruct,GPTQ_3bit,Prompt_01,0,attn,314,2048,8.27719783782959,"146,2023,64,1634,1618","0.07754,0.069087,0.054153,0.050624,0.047171",0.0360718947478423,0.00244140625,14.775048088716208,"120,9,17,310,100","0.119377,0.113012,0.112315,0.109489,0.084518",0.0650837783495872,0.01592356687898089,4.087261280354077,9,False
Llama-3.2-1B-Instruct,GPTQ_3bit,Prompt_01,0,mlp,314,2048,48.42879104614258,"146,894,2023,1703,841","0.27652,0.213361,0.174936,0.106062,0.097202",0.01792487980016568,0.00244140625,7.342030766147863,"144,46,229,3,231","0.546588,0.545294,0.542538,0.536524,0.524143",0.055650520581723165,0.01592356687898089,3.4948526925322145,3,False
Llama-3.2-1B-Instruct,GPTQ_3bit,Prompt_01,1,attn,314,2048,39.643341064453125,"2023,146,1703,788,1131","0.77355,0.517725,0.242822,0.19871,0.169475",0.04798492116347314,0.00244140625,19.654623708558596,"140,38,198,130,139","0.421891,0.337322,0.311666,0.310612,0.308073",0.042619087861894195,0.01592356687898089,2.6764787177269556,38,False
Llama-3.2-1B-Instruct,GPTQ_3bit,Prompt_01,1,mlp,314,2048,2241.26806640625,"698,2029,1159,400,1107","590.661133,554.790955,497.278625,392.719025,18.714098",0.9165185767595903,0.00244140625,375.4060090407282,"0,140,38,46,139","2084.485596,1.533062,1.377261,1.315837,1.273736",0.9325012848256373,0.01592356687898089,58.56108068705002,0,True
Llama-3.2-1B-Instruct,GPTQ_3bit,Prompt_01,2,attn,314,2048,148.05435180664062,"2023,146,14,1504,2037","2.165161,1.287222,0.591667,0.569666,0.551305",0.03488598177965534,0.00244140625,14.289298136946826,"140,189,174,81,20","2.460328,2.433412,2.19964,1.511069,1.501175",0.06825617161484877,0.01592356687898089,4.286487577412503,20,False
Llama-3.2-1B-Instruct,GPTQ_3bit,Prompt_01,2,mlp,314,2048,430.2750244140625,"2023,146,1159,698,2029","3.643252,2.62141,0.887614,0.532132,0.493287",0.019005742290442076,0.00244140625,7.784752042165074,"140,138,139,6,20","4.422137,3.517842,3.334044,3.215913,3.154044",0.04100628441139998,0.01592356687898089,2.5751946610359187,6,False
Llama-3.2-1B-Instruct,GPTQ_3bit,Prompt_01,3,attn,314,2048,214.05947875976562,"146,2023,519,388,604","1.949689,1.835293,0.52052,0.512052,0.448604",0.02460138223324035,0.00244140625,10.076726162735246,"161,156,135,14,80","1.747304,1.459038,1.455798,1.420704,1.386733",0.03489487272145863,0.01592356687898089,2.191398006907602,14,False
Llama-3.2-1B-Instruct,GPTQ_3bit,Prompt_01,3,mlp,314,2048,767.5509033203125,"146,2023,14,816,962","3.52257,2.511443,0.700905,0.672377,0.652828",0.010501093033356623,0.00244140625,4.301247706462872,"139,140,49,138,17","5.655069,5.263035,4.89807,4.351767,3.936607",0.03140449369069546,0.01592356687898089,1.9722022037756748,17,False
Llama-3.2-1B-Instruct,GPTQ_3bit,Prompt_01,4,attn,314,2048,328.39208984375,"146,923,1659,2023,1910","2.64975,1.582033,1.473,1.269056,1.106668",0.024606281582365247,0.00244140625,10.078732936136806,"85,189,83,173,81","2.695374,2.466357,2.43003,2.263468,2.219699",0.0367698483107872,0.01592356687898089,2.309146473917436,81,False
Llama-3.2-1B-Instruct,GPTQ_3bit,Prompt_01,4,mlp,314,2048,1093.1734619140625,"146,2023,939,1472,745","6.441816,6.335186,0.992348,0.942504,0.935851",0.01431401929973802,0.00244140625,5.863022305172693,"139,49,81,140,134","7.159973,6.364317,6.246034,6.13356,5.74348",0.028949992627252067,0.01592356687898089,1.8180595369914299,49,False
Llama-3.2-1B-Instruct,GPTQ_3bit,Prompt_01,5,attn,314,2048,459.9029235839844,"146,2023,435,674,189","7.209339,1.682904,0.822326,0.800586,0.772648",0.024543883222001395,0.00244140625,10.053174567731771,"196,81,277,281,280","4.609955,4.001162,3.445695,3.369325,3.320035",0.04076114977745004,0.01592356687898089,2.5598002060238625,81,False
Llama-3.2-1B-Instruct,GPTQ_3bit,Prompt_01,5,mlp,314,2048,1427.9935302734375,"146,2023,923,691,1504","10.238623,9.252882,3.486313,2.939979,2.792201",0.020105131128728942,0.00244140625,8.235061710327376,"81,140,139,49,134","8.647102,8.036135,7.021313,6.962471,6.953502",0.026345025073680625,0.01592356687898089,1.6544675746271433,49,False
Llama-3.2-1B-Instruct,GPTQ_3bit,Prompt_01,6,attn,314,2048,672.2102661132812,"146,2023,1290,1485,781","13.086198,4.411482,1.054998,1.012577,0.984615",0.030570600421682748,0.00244140625,12.521717932721254,"202,249,196,188,50","4.623513,4.302922,4.12967,3.990816,3.825055",0.031049774013566813,0.01592356687898089,1.949925808051996,50,False
Llama-3.2-1B-Instruct,GPTQ_3bit,Prompt_01,6,mlp,314,2048,1744.389892578125,"146,2023,923,1403,1734","40.454018,9.878885,1.823653,1.593177,1.583996",0.03172096607553708,0.00244140625,12.992907704539988,"251,49,276,50,130","10.193434,9.834514,8.917536,8.375548,8.357635",0.02618604095075438,0.01592356687898089,1.644483371707375,49,False
Llama-3.2-1B-Instruct,GPTQ_3bit,Prompt_01,7,attn,314,2048,738.5142211914062,"2023,146,1387,435,674","14.246138,6.928546,1.888061,1.297904,1.147008",0.03453915356736387,0.00244140625,14.14723730119224,"276,249,281,277,268","6.44792,5.567333,5.557987,5.039991,4.78438",0.03709828576333014,0.01592356687898089,2.3297723459371324,249,False
Llama-3.2-1B-Instruct,GPTQ_3bit,Prompt_01,7,mlp,314,2048,2132.085205078125,"146,2023,674,189,963","56.442196,15.63295,2.086411,2.017742,2.011431",0.03667335951098709,0.00244140625,15.021408055700311,"276,251,147,277,275","14.147204,12.330549,11.816445,10.830494,10.260631",0.027853165731537805,0.01592356687898089,1.7491788079405741,147,False
Llama-3.2-1B-Instruct,GPTQ_3bit,Prompt_01,8,attn,314,2048,991.7044067382812,"146,2023,1285,604,509","22.103128,12.250849,1.773546,1.580438,1.379135",0.03941405633340791,0.00244140625,16.14399747416388,"310,276,251,309,297","8.752428,8.169227,7.868707,7.575496,6.792501",0.03948591864825916,0.01592356687898089,2.4797156911106755,251,False
Llama-3.2-1B-Instruct,GPTQ_3bit,Prompt_01,8,mlp,314,2048,2611.177978515625,"2023,146,1495,781,189","60.767002,19.932907,2.610932,2.528708,2.415037",0.033798762854259104,0.00244140625,13.843973265104529,"251,147,276,242,233","16.63653,15.488123,13.310481,12.887907,12.63357",0.027174176642542555,0.01592356687898089,1.7065382931516724,147,False
Llama-3.2-1B-Instruct,GPTQ_3bit,Prompt_01,9,attn,314,2048,1173.581298828125,"2023,1040,1285,653,89","34.471611,4.788479,2.600603,2.494901,2.430637",0.039866201196840687,0.00244140625,16.329196010225946,"291,261,276,312,277","11.253864,8.864105,8.693919,8.685169,8.347713",0.03906399359349481,0.01592356687898089,2.453218797671474,261,False
Llama-3.2-1B-Instruct,GPTQ_3bit,Prompt_01,9,mlp,314,2048,2955.8623046875,"2023,1159,146,604,591","27.586876,6.288365,3.434481,3.030207,2.774887",0.014586205416242814,0.00244140625,5.974509738493056,"147,251,310,232,253","20.661798,17.95314,15.933968,15.705674,15.318071",0.028950146615091897,0.01592356687898089,1.8180692074277711,147,False
Llama-3.2-1B-Instruct,GPTQ_3bit,Prompt_01,10,attn,314,2048,913.5615234375,"2023,1251,674,189,653","25.866383,2.317452,1.846178,1.751433,1.469826",0.03639740667828628,0.00244140625,14.908377775426061,"251,289,271,254,291","8.954443,8.462194,8.21282,8.132166,7.588102",0.045262111806470856,0.01592356687898089,2.84246062144637,251,False
Llama-3.2-1B-Instruct,GPTQ_3bit,Prompt_01,10,mlp,314,2048,3533.4609375,"2023,1159,72,1042,146","30.430706,6.917506,5.477602,3.925409,3.836805",0.014316849357868856,0.00244140625,5.864181496983083,"147,17,26,24,251","26.898806,20.376629,20.032492,19.543491,18.945665",0.029941490933221016,0.01592356687898089,1.8803256306062799,17,False
Llama-3.2-1B-Instruct,GPTQ_3bit,Prompt_01,11,attn,314,2048,749.6978149414062,"2023,653,864,1251,189","20.241018,4.929477,4.928846,4.390256,4.122392",0.05150340216830528,0.00244140625,21.095793528137843,"299,251,312,256,253","8.863111,8.030622,7.725042,7.420062,7.133455",0.052250778695094355,0.01592356687898089,3.2813489020519255,251,False
Llama-3.2-1B-Instruct,GPTQ_3bit,Prompt_01,11,mlp,314,2048,3757.57421875,"2023,1159,963,64,253","32.183151,26.465097,3.81114,3.687663,3.65117",0.018575339756471045,0.00244140625,7.60845916425054,"147,14,9,24,17","31.521248,28.887794,24.819622,24.511105,24.07782",0.03561276202285176,0.01592356687898089,2.2364814550350904,9,False
Llama-3.2-1B-Instruct,GPTQ_3bit,Prompt_01,12,attn,314,2048,989.591064453125,"2023,1159,253,1932,400","98.29985,11.810621,2.849494,2.49534,2.132207",0.11882435180399495,0.00244140625,48.67045449891633,"312,80,117,253,251","8.154577,7.894517,7.68303,7.657744,7.267556",0.03906404000133223,0.01592356687898089,2.4532217120836637,80,False
Llama-3.2-1B-Instruct,GPTQ_3bit,Prompt_01,12,mlp,314,2048,4392.7275390625,"2023,1159,253,963,706","54.074722,18.858908,4.188585,3.876769,3.822065",0.019309425446399887,0.00244140625,7.9091406628453935,"299,24,147,14,9","50.14481,46.923889,43.599792,43.529984,41.031097",0.05127328441807115,0.01592356687898089,3.219962261454868,9,False
Llama-3.2-1B-Instruct,GPTQ_3bit,Prompt_01,13,attn,314,2048,1459.62890625,"2023,1159,1361,1378,1725","34.687897,15.081245,2.469307,2.425289,2.280579",0.0390128728063573,0.00244140625,15.979672701483949,"251,254,257,312,250","16.026772,15.142333,12.683326,12.437995,11.960829",0.04675931733638419,0.01592356687898089,2.9364851287249274,250,False
Llama-3.2-1B-Instruct,GPTQ_3bit,Prompt_01,13,mlp,314,2048,6751.2890625,"2023,1159,1050,963,253","91.588341,63.101646,9.172985,6.945163,6.868426",0.026317427354006467,0.00244140625,10.77961824420105,"14,22,24,11,4","66.426849,65.835686,64.117798,63.801414,60.636566",0.04751956639501716,0.01592356687898089,2.9842287696070775,4,False
Llama-3.2-1B-Instruct,GPTQ_3bit,Prompt_01,14,attn,314,2048,3413.2734375,"2023,1159,1042,1511,1800","134.226807,69.990082,7.40719,7.319208,7.083225",0.06621986896571061,0.00244140625,27.123658328355067,"236,232,312,243,227","28.437927,27.381245,27.211246,26.759352,24.644781",0.039385814677705834,0.01592356687898089,2.473429161759926,227,False
Llama-3.2-1B-Instruct,GPTQ_3bit,Prompt_01,14,mlp,314,2048,9187.244140625,"2023,1159,1511,1050,454","194.313278,116.449699,28.554136,24.070629,22.362597",0.041987600393420824,0.00244140625,17.19812112114517,"11,299,15,12,4","108.00563,95.637878,92.976707,90.723686,90.08609",0.051966619792132816,0.01592356687898089,3.263503722945941,4,False
Llama-3.2-1B-Instruct,GPTQ_3bit,Prompt_01,15,attn,314,2048,6167.4423828125,"1159,189,1366,1511,64","188.894989,71.155891,61.135307,58.962914,58.713322",0.07115792893028712,0.00244140625,29.146287689845604,"311,292,147,119,302","57.734688,46.939732,40.417503,39.846825,38.468521",0.0362236521609428,0.01592356687898089,2.274845355707208,119,False
Llama-3.2-1B-Instruct,GPTQ_3bit,Prompt_01,15,mlp,314,2048,39398.96484375,"1159,400,698,2029,1511","2534.855957,1747.48645,1531.682617,1475.223755,628.801514",0.200971023588322,0.00244140625,82.31773126177669,"0,305,131,231,259","6245.388672,407.514587,318.330597,285.278107,276.210663",0.19119087737770712,0.01592356687898089,12.006787099320007,0,True
Llama-3.2-1B-Instruct,GPTQ_3bit,Prompt_02,0,attn,335,2048,8.721866607666016,"146,2023,1618,64,1634","0.08738,0.075873,0.054707,0.050232,0.048321",0.036289573934398626,0.00244140625,14.864209483529677,"256,9,17,164,109","0.113485,0.113029,0.112323,0.105107,0.096557",0.061970582108874926,0.014925373134328358,4.15202900129462,9,False
Llama-3.2-1B-Instruct,GPTQ_3bit,Prompt_02,0,mlp,335,2048,54.09270095825195,"146,894,2023,1703,841","0.357493,0.225753,0.196598,0.146239,0.120473",0.019347459731706675,0.00244140625,7.924719506107055,"100,117,119,3,170","0.574111,0.560666,0.546823,0.536574,0.534913",0.050895699473282124,0.014925373134328358,3.4100118647099023,3,False
Llama-3.2-1B-Instruct,GPTQ_3bit,Prompt_02,1,attn,335,2048,43.5345573425293,"2023,146,1703,1131,788","0.989423,0.642514,0.242581,0.217321,0.20577",0.05277667285617486,0.00244140625,21.617325201889223,"292,133,113,260,228","0.375056,0.330136,0.329447,0.327902,0.299461",0.038176618927627616,0.014925373134328358,2.5578334681510504,113,False
Llama-3.2-1B-Instruct,GPTQ_3bit,Prompt_02,1,mlp,335,2048,2258.604248046875,"698,2029,1159,400,1107","591.087646,555.199951,497.812317,393.671448,18.724739",0.9105163489922381,0.00244140625,372.94749654722074,"0,133,260,202,113","2084.485352,1.41931,1.372794,1.330608,1.328765",0.9253222512909887,0.014925373134328358,61.99659083649624,0,True
Llama-3.2-1B-Instruct,GPTQ_3bit,Prompt_02,2,attn,335,2048,125.77375793457031,"2023,146,519,14,29","1.993435,1.416231,0.480217,0.472402,0.450575",0.0382660148502149,0.00244140625,15.673759682648022,"158,20,16,162,4","1.773316,1.498574,1.460928,1.44263,1.394668",0.060188358584538165,0.014925373134328358,4.032620025164057,4,False
Llama-3.2-1B-Instruct,GPTQ_3bit,Prompt_02,2,mlp,335,2048,427.009033203125,"2023,146,1159,698,653","4.634062,2.856048,0.538386,0.507792,0.422937",0.02098134924077874,0.00244140625,8.593960649022971,"6,20,207,133,260","3.215915,3.153272,3.152418,2.985418,2.951777",0.0362025113291432,0.014925373134328358,2.425568259052594,6,False
Llama-3.2-1B-Instruct,GPTQ_3bit,Prompt_02,3,attn,335,2048,203.29966735839844,"146,2023,1378,519,1897","1.852619,1.716503,0.717722,0.546981,0.489459",0.026184418998326783,0.00244140625,10.72513802171465,"41,70,14,129,69","1.487971,1.479318,1.419052,1.406852,1.37586",0.03526347198288851,0.014925373134328358,2.3626526228535303,14,False
Llama-3.2-1B-Instruct,GPTQ_3bit,Prompt_02,3,mlp,335,2048,775.4658813476562,"2023,146,1399,14,1942","3.753509,3.470469,0.679964,0.658514,0.641693",0.011869186598152115,0.00244140625,4.861618830603106,"207,70,273,68,133","5.238785,4.621595,4.520868,4.460145,4.453679",0.0300400974543324,0.014925373134328358,2.0126865294402707,68,False
Llama-3.2-1B-Instruct,GPTQ_3bit,Prompt_02,4,attn,335,2048,339.4615173339844,"2023,146,923,1504,856","2.445848,2.158945,1.207954,1.043071,0.969934",0.023053425581933705,0.00244140625,9.442683118360046,"69,87,162,171,177","2.955132,2.778347,2.408404,2.332943,2.293488",0.03761343689809165,0.014925373134328358,2.5201002721721406,69,False
Llama-3.2-1B-Instruct,GPTQ_3bit,Prompt_02,4,mlp,335,2048,1108.1053466796875,"146,2023,1472,1627,1946","5.870508,5.817195,1.068143,1.051728,1.019852",0.013380882020675292,0.00244140625,5.4808092756686,"68,133,207,113,260","7.750156,6.858784,6.751952,6.751259,6.097758",0.030872435954705645,0.014925373134328358,2.0684532089652783,68,False
Llama-3.2-1B-Instruct,GPTQ_3bit,Prompt_02,5,attn,335,2048,433.61224365234375,"146,2023,1366,653,864","3.917983,1.6705,1.227943,1.041231,0.981707",0.02038541157732152,0.00244140625,8.349864582070895,"49,171,172,71,108","4.444618,4.330918,4.201863,3.710803,3.227619",0.045930020334155226,0.014925373134328358,3.0773113623884,49,False
Llama-3.2-1B-Instruct,GPTQ_3bit,Prompt_02,5,mlp,335,2048,1357.5074462890625,"146,2023,904,1910,923","10.662769,7.978646,2.96306,2.907185,2.81563",0.020130491043235495,0.00244140625,8.24544913130926,"207,68,69,273,228","8.093115,8.039638,7.246683,6.931084,6.861664",0.02738267129023611,0.014925373134328358,1.8346389764458195,68,False
Llama-3.2-1B-Instruct,GPTQ_3bit,Prompt_02,6,attn,335,2048,633.1279296875,"146,2023,604,1613,395","8.899075,5.254868,1.487974,1.019338,0.980247",0.027864040667229143,0.00244140625,11.413111057297057,"171,243,235,246,172","5.019619,4.259301,4.08774,4.014885,4.003405",0.03377666302136435,0.014925373134328358,2.2630364224314117,171,False
Llama-3.2-1B-Instruct,GPTQ_3bit,Prompt_02,6,mlp,335,2048,1628.911865234375,"146,2023,1377,1489,1010","26.038729,11.555101,1.538387,1.490894,1.46297",0.025836930380785557,0.00244140625,10.582806683969764,"68,69,171,103,24","10.304237,9.670803,9.145155,8.379873,8.325833",0.028132832613136975,0.014925373134328358,1.8848997850801774,24,False
Llama-3.2-1B-Instruct,GPTQ_3bit,Prompt_02,7,attn,335,2048,688.3353271484375,"2023,146,428,803,435","14.84404,10.046478,1.073007,1.041519,0.979154",0.04065489088364404,0.00244140625,16.652243305940598,"69,71,167,169,168","5.524469,5.146222,4.909126,4.871969,4.461723",0.03619385550369109,0.014925373134328358,2.424988318747303,69,False
Llama-3.2-1B-Instruct,GPTQ_3bit,Prompt_02,7,mlp,335,2048,1961.752197265625,"146,2023,493,543,658","49.938442,13.106832,2.182238,2.094997,2.017565",0.03534598953348192,0.00244140625,14.477717312914194,"69,103,68,167,171","10.660513,10.651639,10.586954,9.427399,9.406426",0.02586103031521889,0.014925373134328358,1.7326890311196657,68,False
Llama-3.2-1B-Instruct,GPTQ_3bit,Prompt_02,8,attn,335,2048,940.3602294921875,"146,2023,1285,604,1042","22.166382,11.192482,2.303739,1.472485,1.220386",0.04078806329932727,0.00244140625,16.70679072740445,"235,229,171,121,199","9.142314,8.33717,7.857818,7.12728,6.592318",0.041533976873421724,0.014925373134328358,2.7827764505192554,121,False
Llama-3.2-1B-Instruct,GPTQ_3bit,Prompt_02,8,mlp,335,2048,2449.95849609375,"2023,146,781,519,604","46.292313,17.460218,2.860189,2.226631,2.181327",0.028988525071673925,0.00244140625,11.87369986935764,"225,121,120,69,103","14.67014,14.324201,13.981333,13.141368,13.13074",0.02826487875472221,0.014925373134328358,1.893746876566388,69,False
Llama-3.2-1B-Instruct,GPTQ_3bit,Prompt_02,9,attn,335,2048,1081.33642578125,"2023,1251,1387,604,146","34.017208,3.182404,2.897557,2.486305,2.101439",0.04132378468890447,0.00244140625,16.926222208575272,"229,126,167,235,71","8.288394,7.742716,7.705698,7.599358,7.111008",0.03555523808835728,0.014925373134328358,2.382200951919938,71,False
Llama-3.2-1B-Instruct,GPTQ_3bit,Prompt_02,9,mlp,335,2048,2805.675537109375,"2023,1159,781,604,146","28.248974,7.265766,2.88218,2.843543,2.70669",0.015663661247643696,0.00244140625,6.415835647034858,"120,69,225,103,121","16.023956,15.528205,15.128257,15.081918,14.744496",0.027268597143746454,0.014925373134328358,1.8269960086310124,69,False
Llama-3.2-1B-Instruct,GPTQ_3bit,Prompt_02,10,attn,335,2048,814.14892578125,"2023,604,781,1285,1289","29.590345,1.731763,1.447136,1.254819,1.195847",0.043259787678491424,0.00244140625,17.719209033110086,"125,81,168,126,214","8.556263,7.536041,6.978909,6.646245,6.596773",0.04460391793517603,0.014925373134328358,2.988462501656794,81,False
Llama-3.2-1B-Instruct,GPTQ_3bit,Prompt_02,10,mlp,335,2048,3346.2529296875,"2023,1159,72,146,1042","30.858658,7.29658,4.764744,3.92494,3.768053",0.015125267970777132,0.00244140625,6.195309760830313,"69,71,17,26,103","22.049829,20.69076,20.374542,20.052128,19.783619",0.030766019222468695,0.014925373134328358,2.0613232879054024,17,False
Llama-3.2-1B-Instruct,GPTQ_3bit,Prompt_02,11,attn,335,2048,741.7950439453125,"2023,1159,653,573,674","25.584188,5.977646,4.011164,3.62492,3.453445",0.05749750896238719,0.00244140625,23.55097967099379,"120,166,128,71,62","7.792309,5.613067,5.513222,5.357121,5.348182",0.03993542638089055,0.014925373134328358,2.675673567519667,62,False
Llama-3.2-1B-Instruct,GPTQ_3bit,Prompt_02,11,mlp,335,2048,4070.28955078125,"2023,1159,1573,1476,963","33.400085,20.696003,4.405171,4.332588,4.195406",0.01646793189093077,0.00244140625,6.745264902525243,"14,9,24,17,129","28.867054,24.822075,24.514645,24.071293,23.61924",0.03093006057615728,0.014925373134328358,2.072314058602538,9,False
Llama-3.2-1B-Instruct,GPTQ_3bit,Prompt_02,12,attn,335,2048,975.7908935546875,"2023,1159,963,604,519","43.271069,8.557646,1.820821,1.696761,1.478633",0.05823474319521712,0.00244140625,23.85295081276093,"199,120,200,62,147","9.704052,9.4862,7.972816,7.861329,7.366711",0.04344281744363265,0.014925373134328358,2.910668768723388,62,False
Llama-3.2-1B-Instruct,GPTQ_3bit,Prompt_02,12,mlp,335,2048,5505.93212890625,"2023,1159,1300,819,253","47.903538,22.909809,5.674659,5.664858,5.327378",0.01588836146542583,0.00244140625,6.50787285623842,"24,14,9,4,21","46.910416,43.53722,41.04216,39.423763,34.012371",0.03721911731567222,0.014925373134328358,2.4936808601500386,4,False
Llama-3.2-1B-Instruct,GPTQ_3bit,Prompt_02,13,attn,335,2048,1362.931640625,"2023,1159,402,49,289","27.153767,9.632172,1.771613,1.628406,1.589551",0.030651213630537057,0.00244140625,12.554737103067978,"121,81,62,120,83","15.903232,15.85348,15.398111,13.234722,12.430097",0.0534286819255941,0.014925373134328358,3.579721689014805,62,False
Llama-3.2-1B-Instruct,GPTQ_3bit,Prompt_02,13,mlp,335,2048,8540.525390625,"1159,2023,819,1050,1500","84.873863,82.889549,10.351539,9.99569,8.283827",0.02299559584828674,0.00244140625,9.418996059458248,"14,22,24,11,4","66.420914,65.896629,64.096016,63.81189,60.616043",0.03756695016110003,0.014925373134328358,2.516985660793702,4,False
Llama-3.2-1B-Instruct,GPTQ_3bit,Prompt_02,14,attn,335,2048,2818.956298828125,"2023,1159,253,349,1511","117.573593,70.834991,6.23875,5.262819,4.667196",0.07257201783752489,0.00244140625,29.725498506250194,"121,62,120,125,253","40.100521,37.353382,36.963593,33.126408,29.462309",0.06279139921421702,0.014925373134328358,4.20702374735254,62,False
Llama-3.2-1B-Instruct,GPTQ_3bit,Prompt_02,14,mlp,335,2048,11958.193359375,"2023,1159,1511,454,994","125.946228,114.598465,37.622269,28.634022,24.946861",0.027742306366826484,0.00244140625,11.363248687852128,"11,15,12,4,156","108.059433,92.888947,90.640869,90.079651,86.106148",0.039117535640524975,0.014925373134328358,2.6208748879151735,4,False
Llama-3.2-1B-Instruct,GPTQ_3bit,Prompt_02,15,attn,335,2048,6092.0693359375,"1159,189,2023,64,1366","181.767014,81.457634,61.404854,61.055622,51.783485",0.07180952871777617,0.00244140625,29.41318296280112,"62,121,120,252,41","50.022503,47.743984,46.267223,39.527256,37.980541",0.03636555851381447,0.014925373134328358,2.4364924204255693,41,False
Llama-3.2-1B-Instruct,GPTQ_3bit,Prompt_02,15,mlp,335,2048,40532.7265625,"1159,400,698,2029,1511","2546.346924,1715.677979,1531.738037,1477.831421,527.900452",0.19242462302356372,0.00244140625,78.8171255904517,"0,22,21,9,11","6245.398926,245.777847,243.328598,235.492416,227.557449",0.1775739207843045,0.014925373134328358,11.897452692548402,0,True
Llama-3.2-1B-Instruct,GPTQ_3bit,Prompt_03,0,attn,279,2048,8.650776863098145,"2023,146,1618,64,1704","0.13381,0.049212,0.043334,0.041096,0.033199",0.034754248898990925,0.00244140625,14.235340349026682,"42,119,173,50,9","0.130563,0.128994,0.124148,0.117429,0.113012",0.07099307826912521,0.017921146953405017,3.961413767417187,9,False
Llama-3.2-1B-Instruct,GPTQ_3bit,Prompt_03,0,mlp,279,2048,49.03384780883789,"146,894,2023,1703,841","0.263154,0.195794,0.176862,0.12678,0.097958",0.0175501008290928,0.00244140625,7.188521299596411,"96,115,98,113,3","0.604145,0.569126,0.563498,0.559499,0.536524",0.05777218973280465,0.017921146953405017,3.2236881870904996,3,False
Llama-3.2-1B-Instruct,GPTQ_3bit,Prompt_03,1,attn,279,2048,36.64219665527344,"2023,146,1703,422,259","0.635247,0.490496,0.271023,0.219115,0.184237",0.0491268924511417,0.00244140625,20.12237514798764,"67,269,61,81,14","0.411001,0.351398,0.336997,0.307819,0.295222",0.04646111089942754,0.017921146953405017,2.592529988188057,14,False
Llama-3.2-1B-Instruct,GPTQ_3bit,Prompt_03,1,mlp,279,2048,2234.875,"698,2029,1159,400,1107","591.37561,555.528809,498.125427,393.898285,18.708904",0.9206944293934225,0.00244140625,377.11643827954583,"0,77,122,172,6","2084.485596,1.446586,1.295533,1.27376,1.176036",0.9350310376349349,0.017921146953405017,52.17473190002937,0,True
Llama-3.2-1B-Instruct,GPTQ_3bit,Prompt_03,2,attn,279,2048,103.93113708496094,"146,2023,14,519,653","2.061267,2.046194,0.726938,0.638792,0.358868",0.05611464084098748,0.00244140625,22.98455688846847,"20,16,4,2,98","1.501175,1.462487,1.389683,1.098935,1.042707",0.06249317304023311,0.017921146953405017,3.4871190556450076,2,False
Llama-3.2-1B-Instruct,GPTQ_3bit,Prompt_03,2,mlp,279,2048,358.82769775390625,"2023,146,1159,2029,698","3.085711,1.999449,0.608943,0.511286,0.504415",0.018699239366831245,0.00244140625,7.6592084446540785,"6,20,16,122,43","3.215913,3.154044,2.885154,2.703383,2.49599",0.04028251755008009,0.017921146953405017,2.247764479294469,6,False
Llama-3.2-1B-Instruct,GPTQ_3bit,Prompt_03,3,attn,279,2048,193.24624633789062,"146,2023,1378,14,519","2.277309,1.119154,0.562585,0.481597,0.422461",0.02516533357268844,0.00244140625,10.307720631373185,"77,56,195,234,14","1.483204,1.470505,1.461511,1.44301,1.420704",0.0376666329637621,0.017921146953405017,2.1017981193779254,14,False
Llama-3.2-1B-Instruct,GPTQ_3bit,Prompt_03,3,mlp,279,2048,676.2521362304688,"146,2023,14,1703,148","4.730076,2.876585,0.602891,0.586191,0.580437",0.013864918344018777,0.00244140625,5.679070553710091,"72,67,77,61,122","4.806957,4.441168,4.421114,4.272407,4.078015",0.03256131813859833,0.017921146953405017,1.8169215521337871,61,False
Llama-3.2-1B-Instruct,GPTQ_3bit,Prompt_03,4,attn,279,2048,283.9152526855469,"146,2023,923,1897,30","2.253559,1.631159,1.119025,1.099964,0.988349",0.024979483163833183,0.00244140625,10.231596303906072,"195,68,62,46,63","2.505164,2.381396,2.237534,2.117443,2.086591",0.03989968382305915,0.017921146953405017,2.2264023573267004,46,False
Llama-3.2-1B-Instruct,GPTQ_3bit,Prompt_03,4,mlp,279,2048,955.0908203125,"146,2023,422,14,1868","5.1681,4.550355,0.957112,0.935747,0.854169",0.013051620271790866,0.00244140625,5.345943663325539,"72,17,195,24,46","5.949656,5.582058,5.50905,5.501688,5.489696",0.02935024373078374,0.017921146953405017,1.6377436001777328,17,False
Llama-3.2-1B-Instruct,GPTQ_3bit,Prompt_03,5,attn,279,2048,359.23162841796875,"146,189,2023,963,1472","9.640349,1.535676,1.284091,0.859318,0.649352",0.03888518183884841,0.00244140625,15.927370481192309,"77,74,173,61,84","3.863231,2.958807,2.719713,2.594372,2.557817",0.04090380412039382,0.017921146953405017,2.2824322699179755,61,False
Llama-3.2-1B-Instruct,GPTQ_3bit,Prompt_03,5,mlp,279,2048,1167.29443359375,"146,2023,691,904,923","9.811728,8.339624,2.643013,2.591256,2.514841",0.022188457649462336,0.00244140625,9.088392253219773,"150,56,161,213,61","6.925002,6.746157,6.72208,6.503888,6.422735",0.028544522621546973,0.017921146953405017,1.5927843622823212,56,False
Llama-3.2-1B-Instruct,GPTQ_3bit,Prompt_03,6,attn,279,2048,562.5574340820312,"146,2023,781,1285,17","5.556385,5.069721,0.96089,0.949977,0.94195",0.02396008305521322,0.00244140625,9.814050019415335,"173,162,46,84,62","4.021749,3.762845,3.673795,3.563914,3.522365",0.032964933132370054,0.017921146953405017,1.8394432687862492,46,False
Llama-3.2-1B-Instruct,GPTQ_3bit,Prompt_03,6,mlp,279,2048,1434.54736328125,"146,2023,923,1355,1844","26.763565,8.520967,1.620978,1.50661,1.30505",0.02768620383818257,0.00244140625,11.34026909211958,"62,30,56,24,61","9.3157,8.44675,8.440576,8.32625,8.25652",0.029825294175910916,0.017921146953405017,1.6642514150158292,24,False
Llama-3.2-1B-Instruct,GPTQ_3bit,Prompt_03,7,attn,279,2048,589.3270263671875,"2023,146,1285,1387,519","9.292121,4.290203,1.611862,1.431427,1.130376",0.030129263176951165,0.00244140625,12.340946197279198,"171,119,77,76,170","6.376647,5.273889,5.167578,5.099138,4.91533",0.04553088739058865,0.017921146953405017,2.540623516394847,76,False
Llama-3.2-1B-Instruct,GPTQ_3bit,Prompt_03,7,mlp,279,2048,1694.41015625,"146,2023,2028,1375,903","29.189955,9.794924,1.70858,1.666918,1.608893",0.025949601775368918,0.00244140625,10.628956887191109,"62,56,64,99,58","11.857331,11.488487,11.074849,10.856394,10.771895",0.03307874284037126,0.017921146953405017,1.8457938504927165,56,False
Llama-3.2-1B-Instruct,GPTQ_3bit,Prompt_03,8,attn,279,2048,790.7715454101562,"146,2023,604,963,1125","15.380023,11.898084,1.447765,1.328511,1.111031",0.039411399011160926,0.00244140625,16.142909034971517,"118,74,195,38,59","9.053882,7.529398,6.345804,6.290999,6.013392",0.04455582011764278,0.017921146953405017,2.486214762564467,38,False
Llama-3.2-1B-Instruct,GPTQ_3bit,Prompt_03,8,mlp,279,2048,2128.002197265625,"2023,146,781,663,731","31.66094,19.237343,2.220435,2.117651,2.100373",0.02694393186693845,0.00244140625,11.03623449269799,"56,99,62,68,116","15.003691,13.956687,13.955976,13.587903,13.254901",0.03278152408069619,0.017921146953405017,1.8292090437028476,56,False
Llama-3.2-1B-Instruct,GPTQ_3bit,Prompt_03,9,attn,279,2048,943.0399780273438,"2023,435,604,1387,189","37.847095,4.168693,3.720537,3.237837,2.594537",0.05468347056816014,0.00244140625,22.398349544718393,"169,67,119,61,59","10.590767,9.475087,9.209404,8.855166,8.458354",0.0494027618499457,0.017921146953405017,2.75667411122697,59,False
Llama-3.2-1B-Instruct,GPTQ_3bit,Prompt_03,9,mlp,279,2048,2421.604248046875,"2023,1159,963,604,146","19.92334,4.971175,2.709979,2.588923,2.473015",0.013489581395742729,0.00244140625,5.525332539696222,"99,52,119,56,116","17.666416,16.844624,16.732994,16.581738,15.320738",0.03433530270672397,0.017921146953405017,1.9159098910351975,52,False
Llama-3.2-1B-Instruct,GPTQ_3bit,Prompt_03,10,attn,279,2048,689.8508911132812,"2023,189,604,1932,509","34.601753,1.603104,1.542375,1.499187,1.434421",0.05897048197317465,0.00244140625,24.154309416212335,"67,169,52,170,60","7.736189,7.164551,6.931678,6.756038,5.973464",0.050100566095145,0.017921146953405017,2.7956115881090913,52,False
Llama-3.2-1B-Instruct,GPTQ_3bit,Prompt_03,10,mlp,279,2048,2952.341796875,"2023,1159,1042,72,1342","21.311728,6.71257,3.365902,3.183649,2.852808",0.012676939597571843,0.00244140625,5.192474459165426,"52,39,99,68,17","23.442997,23.362013,21.92041,20.531416,20.376629",0.03713440928281905,0.017921146953405017,2.0721000379813033,17,False
Llama-3.2-1B-Instruct,GPTQ_3bit,Prompt_03,11,attn,279,2048,651.8991088867188,"2023,1159,653,674,604","33.47541,6.75255,3.988895,3.948039,3.684",0.07953515986523374,0.00244140625,32.57760148079974,"116,58,173,62,73","8.823079,8.078122,7.563609,6.858661,6.271841",0.05767044270912575,0.017921146953405017,3.2180107031692167,58,False
Llama-3.2-1B-Instruct,GPTQ_3bit,Prompt_03,11,mlp,279,2048,3328.53662109375,"2023,1159,963,146,1934","25.574566,13.147956,3.572133,3.053539,3.037785",0.01453671213712858,0.00244140625,5.954237291367866,"14,157,99,39,9","28.887794,26.897043,26.871395,25.312313,24.819622",0.03989386105855746,0.017921146953405017,2.226077447067506,9,False
Llama-3.2-1B-Instruct,GPTQ_3bit,Prompt_03,12,attn,279,2048,822.5567016601562,"2023,1159,963,253,400","52.004131,9.875594,2.342198,2.271466,2.264587",0.08359056610675748,0.00244140625,34.238695877327864,"62,233,116,58,277","10.295056,8.672737,8.637112,8.614506,7.035813",0.0525863107470344,0.017921146953405017,2.9343161396845194,58,False
Llama-3.2-1B-Instruct,GPTQ_3bit,Prompt_03,12,mlp,279,2048,4276.36767578125,"2023,1159,253,963,1238","37.699821,16.313894,4.824913,4.599691,4.409365",0.015865728092517916,0.00244140625,6.498602226695338,"24,14,9,4,99","46.923889,43.529984,41.031097,39.447983,38.265919",0.04891975705985875,0.017921146953405017,2.7297224439401186,4,False
Llama-3.2-1B-Instruct,GPTQ_3bit,Prompt_03,13,attn,279,2048,1286.0067138671875,"2023,1159,960,1756,246","34.277931,13.206231,2.549503,2.310325,2.258225",0.04245873231021986,0.00244140625,17.391096754266055,"115,116,114,194,277","14.186203,13.989849,13.368015,11.86072,10.989797",0.050073288079592465,0.017921146953405017,2.7940894748412597,114,False
Llama-3.2-1B-Instruct,GPTQ_3bit,Prompt_03,13,mlp,279,2048,6674.71533203125,"2023,1159,963,1050,253","87.39151,53.756153,8.494014,8.151534,6.992697",0.024688081961887272,0.00244140625,10.112238371589026,"14,22,24,11,39","66.426849,65.835686,64.117798,63.801414,63.106495",0.048434760501914545,0.017921146953405017,2.702659636006832,11,False
Llama-3.2-1B-Instruct,GPTQ_3bit,Prompt_03,14,attn,279,2048,2470.770263671875,"2023,1159,1511,819,349","101.800812,66.026482,6.357956,6.022996,5.387904",0.07511671496080888,0.00244140625,30.767806447947315,"117,99,73,170,116","38.878857,29.877518,28.906799,28.125957,25.65694",0.06129508585488042,0.017921146953405017,3.4202657907023277,73,False
Llama-3.2-1B-Instruct,GPTQ_3bit,Prompt_03,14,mlp,279,2048,9783.025390625,"2023,1159,1511,454,1050","204.264938,110.828766,35.241833,25.608889,22.512856",0.04072945326018101,0.00244140625,16.682784055370142,"11,15,208,12,4","108.00563,92.976707,90.970375,90.723686,90.08609",0.04832477304438951,0.017921146953405017,2.6965223358769346,4,False
Llama-3.2-1B-Instruct,GPTQ_3bit,Prompt_03,15,attn,279,2048,5185.83740234375,"1159,64,1511,1107,189","181.120743,81.251526,73.244873,66.561058,56.434189",0.08843555257497343,0.00244140625,36.223202334709114,"155,99,174,47,115","42.212265,40.077042,37.404068,36.45929,35.233238",0.03690549470156804,0.017921146953405017,2.0593266043474965,47,False
Llama-3.2-1B-Instruct,GPTQ_3bit,Prompt_03,15,mlp,279,2048,38861.0,"1159,400,698,2029,604","1955.064453,1785.667236,1538.775635,1479.466553,497.594849",0.18673138517729856,0.00244140625,76.4851753686215,"0,73,71,114,46","6245.388672,435.596008,291.527832,252.767548,249.011917",0.19233401076111012,0.017921146953405017,10.732237800469946,0,True
Llama-3.2-1B-Instruct,GPTQ_3bit,Prompt_04,0,attn,509,2048,10.993292808532715,"2023,146,1634,64,1107","0.100741,0.083888,0.082023,0.047676,0.039902",0.032222511740170275,0.00244140625,13.198340808773745,"9,17,48,502,23","0.112909,0.112511,0.080195,0.078798,0.078112",0.042073336126412224,0.009823182711198428,4.283065617668765,9,False
Llama-3.2-1B-Instruct,GPTQ_3bit,Prompt_04,0,mlp,509,2048,73.3057861328125,"146,2023,894,1703,636","0.614839,0.28826,0.221905,0.175039,0.112712",0.01927207726186928,0.00244140625,7.893842846461657,"3,131,146,148,136","0.53565,0.517016,0.493177,0.487615,0.472305",0.03418233331453022,0.009823182711198428,3.479761531419176,3,False
Llama-3.2-1B-Instruct,GPTQ_3bit,Prompt_04,1,attn,509,2048,59.74089813232422,"2023,146,1703,1634,259","1.075155,0.801764,0.367926,0.339139,0.298444",0.04824881352821754,0.00244140625,19.762714021157905,"64,41,84,107,63","0.460363,0.459996,0.401929,0.394027,0.390491",0.035265712274494695,0.009823182711198428,3.5900495095435603,41,False
Llama-3.2-1B-Instruct,GPTQ_3bit,Prompt_04,1,mlp,509,2048,2505.93408203125,"2029,698,1159,400,1107","654.968506,592.580139,488.014862,478.431519,18.788891",0.890998670538466,0.00244140625,364.9530554525557,"0,256,252,37,219","2254.574219,1.37332,1.361245,1.321689,1.299821",0.9018315510079298,0.009823182711198428,91.80645189260726,0,True
Llama-3.2-1B-Instruct,GPTQ_3bit,Prompt_04,2,attn,509,2048,166.6665802001953,"2023,146,519,14,1504","3.398218,3.233462,1.170838,1.103566,0.774985",0.05808644637968715,0.00244140625,23.792208437119857,"20,16,4,62,82","1.499813,1.477652,1.38929,1.240593,1.165246",0.04063558207107224,0.009823182711198428,4.136702254835154,4,False
Llama-3.2-1B-Instruct,GPTQ_3bit,Prompt_04,2,mlp,509,2048,613.6115112304688,"2023,146,1159,2029,698","6.000074,4.021553,1.126532,0.822602,0.814555",0.020836171300467075,0.00244140625,8.534495764671314,"256,219,6,20,218","3.596737,3.466249,3.241232,3.147261,3.107104",0.026985449266920453,0.009823182711198428,2.747118735372502,6,False
Llama-3.2-1B-Instruct,GPTQ_3bit,Prompt_04,3,attn,509,2048,326.34149169921875,"146,2023,259,519,1131","4.476016,1.751336,0.87641,0.776047,0.717061",0.026343170229216506,0.00244140625,10.79016252588708,"121,114,94,254,255","1.855463,1.828879,1.822971,1.78861,1.536621",0.027065336906574967,0.009823182711198428,2.7552512970893317,94,False
Llama-3.2-1B-Instruct,GPTQ_3bit,Prompt_04,3,mlp,509,2048,1167.123779296875,"146,2023,1037,1159,1703","4.789407,4.027987,1.072813,1.063963,0.99437",0.01023759510303127,0.00244140625,4.193318954201608,"252,219,256,227,37","5.296287,5.176832,4.88686,4.675706,4.66833",0.021166577333120804,0.009823182711198428,2.154757572511698,37,False
Llama-3.2-1B-Instruct,GPTQ_3bit,Prompt_04,4,attn,509,2048,475.08807373046875,"146,2023,195,923,904","4.051711,3.276735,2.151172,2.068507,1.830404",0.028160103964712545,0.00244140625,11.534378583946259,"38,104,94,81,228","2.26122,2.144904,2.107405,2.031222,1.864555",0.021910266962604463,0.009823182711198428,2.2304651767931345,38,False
Llama-3.2-1B-Instruct,GPTQ_3bit,Prompt_04,4,mlp,509,2048,1701.7900390625,"146,2023,14,1015,1097","9.691397,8.604285,1.680549,1.528966,1.470826",0.013501091317348519,0.00244140625,5.5300470035859535,"256,219,37,134,252","7.694779,7.535251,6.321638,6.11096,6.013989",0.019788937469191734,0.009823182711198428,2.0145138343637186,37,False
Llama-3.2-1B-Instruct,GPTQ_3bit,Prompt_04,5,attn,509,2048,606.0060424804688,"146,2023,963,189,674","18.285873,2.561146,2.039527,1.65196,1.128889",0.042355014370815895,0.00244140625,17.34861388628619,"117,91,258,354,151","3.335783,3.149672,2.985071,2.942406,2.620806",0.02480789980423622,0.009823182711198428,2.5254442000712474,91,False
Llama-3.2-1B-Instruct,GPTQ_3bit,Prompt_04,5,mlp,509,2048,2095.974609375,"146,2023,923,904,691","19.797918,12.395531,5.566646,5.492424,3.827137",0.022461939416166032,0.00244140625,9.200410384861607,"256,219,37,218,38","9.400615,9.29789,6.972639,6.608716,6.596953",0.018548322010825253,0.009823182711198428,1.8882191807020108,37,False
Llama-3.2-1B-Instruct,GPTQ_3bit,Prompt_04,6,attn,509,2048,863.9231567382812,"146,2023,1157,963,1491","9.426538,6.271869,1.959495,1.883394,1.51506",0.02437295061004201,0.00244140625,9.983160569873208,"38,151,129,149,148","4.037051,4.017704,3.900727,3.592109,3.46454",0.02200673820237031,0.009823182711198428,2.2402859490012976,38,False
Llama-3.2-1B-Instruct,GPTQ_3bit,Prompt_04,6,mlp,509,2048,2415.12158203125,"146,2023,923,963,1701","43.656509,16.685715,2.726555,2.709868,2.459577",0.028254569344476503,0.00244140625,11.573071603497576,"134,38,151,256,37","10.413583,9.636334,9.553551,9.366364,9.297315",0.019985390144877782,0.009823182711198428,2.034512716748558,37,False
Llama-3.2-1B-Instruct,GPTQ_3bit,Prompt_04,7,attn,509,2048,941.4256591796875,"2023,146,1285,674,954","16.134327,8.761025,2.839159,2.283882,1.990012",0.033999931147685104,0.00244140625,13.926371798091818,"186,74,108,117,214","3.992964,3.765497,3.617814,3.600127,3.592234",0.01972395351612953,0.009823182711198428,2.0078984679419865,74,False
Llama-3.2-1B-Instruct,GPTQ_3bit,Prompt_04,7,mlp,509,2048,2787.11279296875,"146,2023,189,1995,950","42.325577,20.358374,2.859737,2.732155,2.60179",0.025430485741345446,0.00244140625,10.416326959655095,"151,134,148,38,149","12.042429,11.727293,9.693396,9.568393,9.010448",0.01867235441153103,0.009823182711198428,1.9008456790938588,38,False
Llama-3.2-1B-Instruct,GPTQ_3bit,Prompt_04,8,attn,509,2048,1207.8226318359375,"146,2023,653,674,1711","21.140461,12.538967,2.32008,1.669344,1.427172",0.03236900743070659,0.00244140625,13.258345443617419,"149,148,151,202,440","7.457561,7.193986,5.93982,5.72036,5.648334",0.0264608886083285,0.009823182711198428,2.6937184603278412,148,False
Llama-3.2-1B-Instruct,GPTQ_3bit,Prompt_04,8,mlp,509,2048,3536.924560546875,"2023,146,256,252,781","70.606674,32.652557,4.236715,3.30381,3.253494",0.032246447788581996,0.00244140625,13.208145014203186,"151,149,134,148,219","15.110158,14.521121,14.360073,13.309078,11.941627",0.019576911131400226,0.009823182711198428,1.9929295531765432,134,False
Llama-3.2-1B-Instruct,GPTQ_3bit,Prompt_04,9,attn,509,2048,1567.419189453125,"2023,864,146,604,591","74.993225,4.225348,4.142795,3.670624,3.405667",0.057698451585780956,0.00244140625,23.63328576953588,"202,149,323,180,214","8.561312,8.310761,7.458229,7.27907,7.203628",0.024762363381286012,0.009823182711198428,2.520808592214916,149,False
Llama-3.2-1B-Instruct,GPTQ_3bit,Prompt_04,9,mlp,509,2048,4113.23583984375,"2023,1159,674,604,1630","38.680527,6.255116,4.56077,4.523102,4.213707",0.014157520116556367,0.00244140625,5.798920239741488,"149,134,151,180,256","16.390003,15.882939,15.844656,15.755489,15.557816",0.019311051273476786,0.009823182711198428,1.9658650196399368,134,False
Llama-3.2-1B-Instruct,GPTQ_3bit,Prompt_04,10,attn,509,2048,1020.1905517578125,"2023,189,146,604,1040","31.666285,2.349534,2.292018,2.176397,1.951004",0.03963498565522942,0.00244140625,16.23449012438197,"312,320,180,90,311","6.434023,5.273294,5.2157,4.912828,4.881485",0.026188569269321886,0.009823182711198428,2.6659963516169682,90,False
Llama-3.2-1B-Instruct,GPTQ_3bit,Prompt_04,10,mlp,509,2048,5041.666015625,"2023,1159,1042,72,146","35.996471,11.870131,6.10909,5.577858,5.368759",0.01287715403485331,0.00244140625,5.274482292675915,"134,34,149,17,180","22.764366,21.568563,20.293375,20.282238,19.684143",0.020745658589961077,0.009823182711198428,2.111908044458038,17,False
Llama-3.2-1B-Instruct,GPTQ_3bit,Prompt_04,11,attn,509,2048,1032.8695068359375,"2023,674,519,864,435","28.340004,7.037263,6.743963,6.644916,5.353099",0.05239698070631739,0.00244140625,21.461803297307604,"149,148,185,214,104","8.195378,8.004834,7.121057,5.663291,5.481114",0.03336885746543632,0.009823182711198428,3.396949689981418,104,False
Llama-3.2-1B-Instruct,GPTQ_3bit,Prompt_04,11,mlp,509,2048,5952.48291015625,"2023,1159,1985,386,1341","58.859718,17.695896,6.365851,5.782234,5.337165",0.0157985943775924,0.00244140625,6.471104257061848,"14,134,9,24,17","28.830351,26.340899,24.867395,24.393291,24.083326",0.021590193660159376,0.009823182711198428,2.1978817146042244,9,False
Llama-3.2-1B-Instruct,GPTQ_3bit,Prompt_04,12,attn,509,2048,1263.3355712890625,"2023,1159,591,1800,349","56.118336,8.66048,2.983752,2.651569,2.611673",0.057803962994402006,0.00244140625,23.67650324250706,"256,149,476,507,214","10.639926,9.061779,7.919199,7.845486,7.228168",0.03379510413561569,0.009823182711198428,3.4403416010056773,149,False
Llama-3.2-1B-Instruct,GPTQ_3bit,Prompt_04,12,mlp,509,2048,7657.37939453125,"2023,1159,2028,819,253","65.46888,33.460976,7.926015,7.430747,7.115581",0.01585427501191948,0.00244140625,6.4939110448822195,"24,14,9,148,4","47.071884,43.488205,41.348518,39.254875,39.253067",0.027478926418571036,0.009823182711198428,2.7973547094105315,4,False
Llama-3.2-1B-Instruct,GPTQ_3bit,Prompt_04,13,attn,509,2048,1888.71484375,"2023,1159,937,351,2002","34.334343,17.977966,3.617697,2.922565,2.656879",0.032566826701590036,0.00244140625,13.33937221697128,"320,214,145,10,147","11.973524,10.672895,10.26937,10.259863,10.216669",0.02826913047867577,0.009823182711198428,2.8777974827291932,10,False
Llama-3.2-1B-Instruct,GPTQ_3bit,Prompt_04,13,mlp,509,2048,11784.2265625,"2023,1159,819,1050,1123","159.323639,91.869904,15.411711,15.318638,12.245499",0.024962976653444983,0.00244140625,10.224835237251066,"14,22,24,11,148","66.36821,65.663391,64.224655,63.849369,62.506241",0.027376584770359744,0.009823182711198428,2.786936329622622,11,False
Llama-3.2-1B-Instruct,GPTQ_3bit,Prompt_04,14,attn,509,2048,4233.82275390625,"2023,1159,349,1511,400","204.746704,165.072113,18.421986,15.390066,14.91374",0.0988573780782526,0.00244140625,40.491982060852266,"259,89,146,257,287","30.448708,30.396276,27.145241,25.127331,24.504568",0.03250540689750935,0.009823182711198428,3.309050422166452,89,False
Llama-3.2-1B-Instruct,GPTQ_3bit,Prompt_04,14,mlp,509,2048,16571.59375,"2023,1159,454,1511,1050","205.897568,152.76004,54.256912,40.255669,37.829926",0.029629022378750536,0.00244140625,12.13604756633622,"11,147,15,12,148","108.373779,92.574196,92.564873,91.283325,91.262726",0.028727405831185143,0.009823182711198428,2.9244499136146476,11,False
Llama-3.2-1B-Instruct,GPTQ_3bit,Prompt_04,15,attn,509,2048,8575.064453125,"1159,64,1285,1366,1511","259.71405,130.013657,116.696045,107.777702,96.912506",0.0829281175114163,0.00244140625,33.96735693267611,"308,134,149,256,38","40.568916,38.920509,38.532837,36.985649,36.290958",0.02230874067546413,0.009823182711198428,2.2710298007622485,38,False
Llama-3.2-1B-Instruct,GPTQ_3bit,Prompt_04,15,mlp,509,2048,59854.60546875,"1159,400,698,2029,604","2240.813477,1905.04187,1556.506714,1489.571167,892.786438",0.13507264250172896,0.00244140625,55.32575436870818,"0,145,42,406,147","6331.446289,304.64917,271.369568,262.193237,248.526825",0.12393674639567666,0.009823182711198428,12.616760783079885,0,True
Llama-3.2-1B-Instruct,GPTQ_2bit,Prompt_01,0,attn,314,2048,45.73755645751953,"146,2023,64,225,1618","0.610417,0.501757,0.229513,0.227908,0.159148",0.03779704559515709,0.00244140625,15.481669875776344,"13,23,37,120,9","0.530178,0.514815,0.513656,0.48934,0.468872",0.05502830587366322,0.01592356687898089,3.45577760886605,9,False
Llama-3.2-1B-Instruct,GPTQ_2bit,Prompt_01,0,mlp,314,2048,330.5645751953125,"894,1703,1334,636,146","10.879123,9.421495,5.085857,3.228709,2.618713",0.09448652549774093,0.00244140625,38.70168084387468,"0,46,3,146,231","35.631084,2.914332,2.701925,2.649026,2.637757",0.1407716554006023,0.01592356687898089,8.840459959157824,0,True
Llama-3.2-1B-Instruct,GPTQ_2bit,Prompt_01,1,attn,314,2048,229.7440185546875,"2023,146,1131,1083,788","5.044237,3.158297,1.65808,1.509328,1.139533",0.054449616923025426,0.00244140625,22.302563091671214,"130,140,132,136,139","2.202204,2.010735,1.956497,1.909412,1.789399",0.0429532230722351,0.01592356687898089,2.697462408936364,130,False
Llama-3.2-1B-Instruct,GPTQ_2bit,Prompt_01,1,mlp,314,2048,11565.7900390625,"698,2029,1159,400,2023","3001.998535,2893.535889,2552.713623,1964.43811,120.681557",0.9107348593124136,0.00244140625,373.0369983743646,"0,1,86,37,129","10602.851562,32.153839,14.431509,9.452345,8.545843",0.9223265778512854,0.01592356687898089,57.92210908906072,0,True
Llama-3.2-1B-Instruct,GPTQ_2bit,Prompt_01,2,attn,314,2048,660.5374145507812,"146,2023,519,1812,864","11.828878,9.78528,3.278133,3.219733,2.703158",0.046651685371196086,0.00244140625,19.108530328041915,"20,281,136,132,21","6.252287,4.221005,4.192635,4.137409,3.972937",0.03448142575777946,0.01592356687898089,2.1654335375885503,20,False
Llama-3.2-1B-Instruct,GPTQ_2bit,Prompt_01,2,mlp,314,2048,2109.893310546875,"2023,146,1159,2029,1185","19.238211,8.352534,3.169739,2.995807,2.728166",0.017292087112159824,0.00244140625,7.082838881140664,"6,46,140,138,134","13.336002,11.405443,11.176758,11.04734,10.97576",0.027461723670213906,0.01592356687898089,1.7245962464894333,6,False
Llama-3.2-1B-Instruct,GPTQ_2bit,Prompt_01,3,attn,314,2048,1030.5345458984375,"146,2023,195,519,14","18.919283,6.729653,4.211706,3.979149,2.60956",0.03536936107069547,0.00244140625,14.487290294556866,"156,197,147,276,202","7.158127,6.934157,6.615905,6.239003,5.72705",0.031706112189102784,0.01592356687898089,1.991143845475655,147,False
Llama-3.2-1B-Instruct,GPTQ_2bit,Prompt_01,3,mlp,314,2048,3260.395263671875,"146,2023,863,702,1159","13.070013,10.529448,3.351782,3.334368,3.299326",0.010300879290167066,0.00244140625,4.219240157252431,"139,55,180,134,6","15.17388,15.088842,14.620539,13.786201,13.763689",0.02221606443003557,0.01592356687898089,1.3951688462062337,6,False
Llama-3.2-1B-Instruct,GPTQ_2bit,Prompt_01,4,attn,314,2048,1305.128173828125,"146,2023,189,904,1910","10.86639,9.358196,8.251954,6.997514,6.34627",0.03204307805372624,0.00244140625,13.124844770806268,"131,223,135,83,227","8.284056,7.847144,7.525034,7.383871,7.329251",0.029398916533618417,0.01592356687898089,1.8462519583112367,83,False
Llama-3.2-1B-Instruct,GPTQ_2bit,Prompt_01,4,mlp,314,2048,4396.1494140625,"2023,146,1459,402,1055","20.553186,20.441498,5.905882,4.179806,4.100834",0.012552168811117773,0.00244140625,5.14136834503384,"19,17,30,79,76","17.538673,17.525921,17.504782,17.312494,17.026741",0.01976925697859699,0.01592356687898089,1.241509338255891,17,False
Llama-3.2-1B-Instruct,GPTQ_2bit,Prompt_01,5,attn,314,2048,1741.2779541015625,"146,2023,189,963,653","13.93609,9.509447,8.740791,8.02844,7.303408",0.027289256568854718,0.00244140625,11.177679490602893,"303,277,81,312,293","11.001434,10.559466,10.150955,9.679302,9.576757",0.029270407094539055,0.01592356687898089,1.8381815655370526,81,False
Llama-3.2-1B-Instruct,GPTQ_2bit,Prompt_01,5,mlp,314,2048,4768.052734375,"146,2023,904,923,1910","39.882694,29.507322,11.52864,9.030408,8.300052",0.020605712246281913,0.00244140625,8.440099736077071,"180,296,131,76,197","21.018438,19.866596,19.250299,18.956047,18.813002",0.020533409811620554,0.01592356687898089,1.2894981361697708,76,False
Llama-3.2-1B-Instruct,GPTQ_2bit,Prompt_01,6,attn,314,2048,2060.874267578125,"2023,146,1157,584,963","63.891468,14.869905,6.021592,5.805182,5.566678",0.046657297252889085,0.00244140625,19.11082895478337,"221,222,212,188,202","12.011612,11.789821,11.76729,11.660098,11.586611",0.02853906928117227,0.01592356687898089,1.7922535508576185,188,False
Llama-3.2-1B-Instruct,GPTQ_2bit,Prompt_01,6,mlp,314,2048,5082.810546875,"146,2023,1281,963,743","96.214615,39.505085,6.68327,6.22061,4.788745",0.030182577450652264,0.00244140625,12.362783723787167,"201,180,222,188,202","22.560003,21.79137,20.946346,20.391682,20.362675",0.020864849726156518,0.01592356687898089,1.3103125628026293,180,False
Llama-3.2-1B-Instruct,GPTQ_2bit,Prompt_01,7,attn,314,2048,2149.006103515625,"146,2023,435,1299,674","99.599548,43.953899,5.413767,5.155231,4.754749",0.07393054724493937,0.00244140625,30.281952151527168,"281,266,268,293,287","13.804745,12.87166,12.828599,12.787078,12.650925",0.030220020462766162,0.01592356687898089,1.897817285061715,266,False
Llama-3.2-1B-Instruct,GPTQ_2bit,Prompt_01,7,mlp,314,2048,5741.69287109375,"146,2023,189,674,1238","121.833916,49.748081,7.626053,7.022365,6.592311",0.033582904505294546,0.00244140625,13.755557685368647,"180,188,272,172,274","24.405323,23.687336,23.586163,22.963247,22.889612",0.020469866207437768,0.01592356687898089,1.2855075978270918,172,False
Llama-3.2-1B-Instruct,GPTQ_2bit,Prompt_01,8,attn,314,2048,2717.356201171875,"146,2023,1131,865,1251","270.228302,15.411592,5.103177,4.923386,4.798579",0.11057256948627849,0.00244140625,45.290524461579665,"310,280,297,258,266","17.729868,17.15309,15.800924,14.81888,14.265816",0.02935521575761137,0.01592356687898089,1.843507549577994,258,False
Llama-3.2-1B-Instruct,GPTQ_2bit,Prompt_01,8,mlp,314,2048,6994.865234375,"2023,146,229,1704,376","135.164185,63.497578,8.373854,6.342706,6.265335",0.03140069953308384,0.00244140625,12.86172652875114,"1,194,259,32,253","28.613735,28.522121,27.622177,27.269707,26.929871",0.01986565951279552,0.01592356687898089,1.2475634174035586,1,False
Llama-3.2-1B-Instruct,GPTQ_2bit,Prompt_01,9,attn,314,2048,3081.037841796875,"2023,146,653,1366,1083","92.397614,15.369866,12.659531,10.675354,10.1863",0.045857491217661965,0.00244140625,18.78322840275434,"2,261,81,115,280","18.583664,18.500593,16.627188,16.586702,16.570305",0.028194543020877056,0.01592356687898089,1.7706173017110791,2,False
Llama-3.2-1B-Instruct,GPTQ_2bit,Prompt_01,9,mlp,314,2048,8497.875,"2023,1159,146,519,1634","238.231644,29.120075,13.105877,11.320359,10.627714",0.035586034175133854,0.00244140625,14.576039598134827,"59,299,251,256,147","34.887779,34.701817,34.386738,34.336414,34.267334",0.020308615756880397,0.01592356687898089,1.2753810695320889,59,False
Llama-3.2-1B-Instruct,GPTQ_2bit,Prompt_01,10,attn,314,2048,2775.13623046875,"2023,146,1634,653,674","231.793213,8.879669,6.060248,5.73998,4.720475",0.09267781890282342,0.00244140625,37.96083462259647,"280,257,283,256,254","18.073833,17.785055,17.556078,17.28517,17.065411",0.03162567218951631,0.01592356687898089,1.9860922135016243,254,False
Llama-3.2-1B-Instruct,GPTQ_2bit,Prompt_01,10,mlp,314,2048,10882.59765625,"2023,1159,1042,72,146","179.680542,32.660927,15.350915,14.939842,13.570382",0.023542415589683213,0.00244140625,9.642973425534244,"299,80,79,76,97","48.08411,46.598316,46.306656,42.657791,42.413307",0.020772630561622717,0.01592356687898089,1.3045211992699066,76,False
Llama-3.2-1B-Instruct,GPTQ_2bit,Prompt_01,11,attn,314,2048,2265.50390625,"1040,2023,864,1251,591","44.790009,44.618397,26.849453,24.580641,23.862162",0.07269935305809448,0.00244140625,29.7776550125955,"305,299,81,263,208","26.498175,20.033081,15.094115,14.400786,14.253682",0.03984978278472642,0.01592356687898089,2.5025663588808196,81,False
Llama-3.2-1B-Instruct,GPTQ_2bit,Prompt_01,11,mlp,314,2048,12660.1015625,"1159,2023,253,963,435","143.821442,131.301804,13.620655,10.573638,10.132742",0.024442954532201,0.00244140625,10.01183417638953,"149,1,97,299,93","58.677727,58.510139,58.197502,56.798862,56.702221",0.02281865138803438,0.01592356687898089,1.433011307168559,1,False
Llama-3.2-1B-Instruct,GPTQ_2bit,Prompt_01,12,attn,314,2048,2639.494384765625,"2023,1159,1083,146,1932","130.981491,30.61363,8.177396,6.435595,6.012454",0.0690361634590402,0.00244140625,28.277212552822867,"179,297,84,260,202","22.082661,17.260286,16.844149,16.357952,15.93341",0.03352098610268505,0.01592356687898089,2.1051179272486213,84,False
Llama-3.2-1B-Instruct,GPTQ_2bit,Prompt_01,12,mlp,314,2048,17205.08984375,"2023,1159,819,253,963","140.955566,130.167374,23.087734,15.3731,14.305599",0.018825206768504868,0.00244140625,7.710804692379594,"299,259,156,11,4","113.644371,89.204788,85.138763,83.936005,83.54203",0.026472744200651016,0.01592356687898089,1.6624883358008837,4,False
Llama-3.2-1B-Instruct,GPTQ_2bit,Prompt_01,13,attn,314,2048,4127.97265625,"2023,1159,253,901,900","169.46553,34.964657,11.376346,10.423261,7.372223",0.056590011542344956,0.00244140625,23.179268727744493,"247,230,251,220,239","46.986073,31.014511,30.887802,29.91465,28.276035",0.04047484926818836,0.01592356687898089,2.541820534042229,220,False
Llama-3.2-1B-Instruct,GPTQ_2bit,Prompt_01,13,mlp,314,2048,26303.5703125,"1159,2023,1511,1050,253","373.683289,252.105286,47.978775,44.998287,30.775875",0.02849580855379364,0.00244140625,11.671883183633875,"259,11,299,292,78","127.350853,124.69944,124.005112,121.932159,121.226921",0.023541080932454213,0.01592356687898089,1.4783798825581247,11,False
Llama-3.2-1B-Instruct,GPTQ_2bit,Prompt_01,14,attn,314,2048,8503.208984375,"2023,1159,1511,253,400","413.653137,194.980316,43.112267,34.158497,29.914387",0.08418217226355032,0.00244140625,34.48101775915021,"208,239,251,33,312","67.691933,65.127686,59.455166,57.918037,54.481812",0.03583054610816734,0.01592356687898089,2.250158295592909,33,False
Llama-3.2-1B-Instruct,GPTQ_2bit,Prompt_01,14,mlp,314,2048,33492.09765625,"2023,1159,1511,454,1050","882.949585,579.841553,280.337616,215.485489,214.870026",0.06489543883777621,0.00244140625,26.581171747953135,"305,259,137,4,186","284.05072,239.592712,227.801819,188.041794,171.635086",0.03317564882667635,0.01592356687898089,2.083430746315275,4,False
Llama-3.2-1B-Instruct,GPTQ_2bit,Prompt_01,15,attn,314,2048,18733.44921875,"1159,1511,1040,1107,64","891.588989,363.432861,363.012207,304.06897,260.526276",0.11650974516463804,0.00244140625,47.72239161943574,"292,279,305,191,311","105.631485,95.669403,95.657707,95.515991,94.022209",0.025969419190960855,0.01592356687898089,1.6308795251923418,191,False
Llama-3.2-1B-Instruct,GPTQ_2bit,Prompt_01,15,mlp,314,2048,123890.0,"1159,1511,698,400,2029","13302.411133,4037.963379,2626.059814,2390.771973,2155.360596",0.19785750590241344,0.00244140625,81.04243441762854,"0,305,97,136,50","9759.708984,769.953064,704.508789,685.356323,676.087036",0.10166772344670676,0.01592356687898089,6.384733032453184,0,True
Llama-3.2-1B-Instruct,GPTQ_2bit,Prompt_02,0,attn,335,2048,49.18918991088867,"146,2023,64,1228,225","0.689096,0.456324,0.36485,0.213442,0.19313",0.03896874806848204,0.00244140625,15.961599208850242,"256,229,13,23,164","0.64442,0.554276,0.530214,0.514718,0.492694",0.0556285121636871,0.014925373134328358,3.7271103149670357,13,False
Llama-3.2-1B-Instruct,GPTQ_2bit,Prompt_02,0,mlp,335,2048,375.6120300292969,"894,1703,1334,636,146","11.289606,9.427439,5.230771,3.210044,2.821165",0.08513845201374222,0.00244140625,34.87270994482881,"0,170,68,102,119","35.631104,3.187866,3.172533,2.725331,2.701828",0.12624372819263482,0.014925373134328358,8.458329788906534,0,True
Llama-3.2-1B-Instruct,GPTQ_2bit,Prompt_02,1,attn,335,2048,275.0411376953125,"2023,146,1131,1703,788","6.892124,3.326152,1.651278,1.506735,1.397721",0.053715639711433436,0.00244140625,22.001926025803137,"313,133,229,113,170","2.175137,1.890096,1.870528,1.849964,1.844104",0.03501232046142778,0.014925373134328358,2.345825470915661,113,False
Llama-3.2-1B-Instruct,GPTQ_2bit,Prompt_02,1,mlp,335,2048,11691.75,"698,2029,1159,400,2023","3007.816406,2899.328125,2557.372559,1970.294556,121.667351",0.9028997810956444,0.00244140625,369.8277503367759,"0,1,88,118,121","10602.852539,32.154572,9.458807,9.025547,8.55073",0.91192866698206,0.014925373134328358,61.099220687798024,0,True
Llama-3.2-1B-Instruct,GPTQ_2bit,Prompt_02,2,attn,335,2048,621.3441162109375,"2023,146,519,653,390","12.87226,11.291495,3.301977,2.563318,2.230269",0.05191860430278596,0.00244140625,21.26586032242113,"20,69,63,47,21","6.251501,4.995105,4.441004,4.250118,3.972069",0.03848076620450365,0.014925373134328358,2.5782113357017447,20,False
Llama-3.2-1B-Instruct,GPTQ_2bit,Prompt_02,2,mlp,335,2048,2220.457763671875,"2023,146,1159,400,698","29.749502,10.886757,3.379757,3.21882,2.784621",0.02252664102619078,0.00244140625,9.226912164327743,"6,113,133,202,207","13.335721,12.93078,12.180636,11.769073,11.63146",0.027853569806800333,0.014925373134328358,1.8661891770556223,6,False
Llama-3.2-1B-Instruct,GPTQ_2bit,Prompt_02,3,attn,335,2048,1087.815185546875,"146,2023,14,1704,1634","21.554079,7.819098,3.727336,2.955909,2.941138",0.03584943741049368,0.00244140625,14.68392956333821,"170,181,263,114,197","6.909908,6.017784,5.985486,5.937738,5.88431",0.028254087721747312,0.014925373134328358,1.89302387735707,114,False
Llama-3.2-1B-Instruct,GPTQ_2bit,Prompt_02,3,mlp,335,2048,3590.083984375,"2023,146,844,22,1159","15.987397,14.948059,4.108731,3.790653,3.698399",0.011847421297772238,0.00244140625,4.852703763567509,"207,182,307,184,70","17.233622,16.945778,16.562744,15.933798,15.848581",0.022986796092399692,0.014925373134328358,1.5401153381907795,70,False
Llama-3.2-1B-Instruct,GPTQ_2bit,Prompt_02,4,attn,335,2048,1393.1009521484375,"2023,146,923,904,422","12.652845,9.722332,6.301746,5.596966,5.294506",0.028403105780850334,0.00244140625,11.633912127836297,"185,232,216,143,235","7.67941,6.956629,6.891856,6.879578,6.710732",0.02520865566512853,0.014925373134328358,1.6889799295636114,143,False
Llama-3.2-1B-Instruct,GPTQ_2bit,Prompt_02,4,mlp,335,2048,4788.837890625,"2023,146,14,1733,426","38.266376,27.053059,5.246535,4.797833,4.595129",0.0166969399309103,0.00244140625,6.839066595700859,"203,306,207,170,182","20.546196,20.53105,19.979315,19.657663,19.28229",0.020881164835932355,0.014925373134328358,1.399038044007468,170,False
Llama-3.2-1B-Instruct,GPTQ_2bit,Prompt_02,5,attn,335,2048,1896.1888427734375,"146,2023,1366,189,781","25.208691,14.671349,11.688447,7.899681,7.077226",0.03509428670623815,0.00244140625,14.374619834875144,"149,171,152,267,284","12.003395,10.693254,10.603078,10.599522,9.683009",0.02825786921030884,0.014925373134328358,1.8932772370906923,149,False
Llama-3.2-1B-Instruct,GPTQ_2bit,Prompt_02,5,mlp,335,2048,5244.26416015625,"146,2023,923,904,1910","57.50935,35.258156,11.525929,9.771015,9.289766",0.023521739897561074,0.00244140625,9.634504662041016,"307,111,207,239,183","24.519358,21.335283,21.228621,21.024811,20.984596",0.020802282893149723,0.014925373134328358,1.3937529538410314,111,False
Llama-3.2-1B-Instruct,GPTQ_2bit,Prompt_02,6,attn,335,2048,2238.337646484375,"2023,146,498,963,1366","45.78743,25.352753,7.901186,7.425035,5.494111",0.041084288779373035,0.00244140625,16.828124684031195,"244,243,114,115,135","12.771058,12.470972,12.456031,12.125813,11.762372",0.027514278995042774,0.014925373134328358,1.843456692667866,114,False
Llama-3.2-1B-Instruct,GPTQ_2bit,Prompt_02,6,mlp,335,2048,5334.58544921875,"146,2023,963,1472,1016","90.111275,34.391029,7.01892,5.390499,5.209706",0.026641513346491254,0.00244140625,10.912363866722817,"244,99,114,243,242","21.583941,20.817032,20.66024,20.474142,20.106134",0.019428217639059532,0.014925373134328358,1.3016905818169886,99,False
Llama-3.2-1B-Instruct,GPTQ_2bit,Prompt_02,7,attn,335,2048,2472.98876953125,"146,2023,2007,189,435","76.010895,59.140564,7.619175,7.469254,7.294262",0.06370192663664306,0.00244140625,26.092309150368997,"229,235,208,216,199","14.876268,13.917666,12.981905,12.734971,12.647048",0.027156556725882637,0.014925373134328358,1.8194893006341368,199,False
Llama-3.2-1B-Instruct,GPTQ_2bit,Prompt_02,7,mlp,335,2048,6127.447265625,"146,2023,875,64,1952","116.212585,47.93528,6.918535,6.572551,6.530244",0.030056429940460653,0.00244140625,12.311113703612683,"246,244,137,242,219","25.831541,25.216019,24.046001,23.505875,23.357569",0.01990339458596422,0.014925373134328358,1.3335274372596027,137,False
Llama-3.2-1B-Instruct,GPTQ_2bit,Prompt_02,8,attn,335,2048,2958.764892578125,"146,2023,181,674,1705","212.074615,17.102242,6.209467,6.094951,5.678246",0.08353469762319829,0.00244140625,34.21581214646202,"229,235,254,255,147","20.189634,16.890549,15.688303,15.566214,15.297557",0.02826593480407499,0.014925373134328358,1.8938176318730244,147,False
Llama-3.2-1B-Instruct,GPTQ_2bit,Prompt_02,8,mlp,335,2048,7639.17578125,"2023,146,189,781,863","213.260208,64.639076,10.744896,8.644236,7.848235",0.03994366230762583,0.00244140625,16.360924081203542,"225,129,198,229,209","30.921112,29.442839,29.232836,29.093651,28.862768",0.019315330818754476,0.014925373134328358,1.29412716485655,129,False
Llama-3.2-1B-Instruct,GPTQ_2bit,Prompt_02,9,attn,335,2048,3809.49609375,"2023,189,146,1387,1932","132.183838,20.212381,15.454988,15.191189,13.267489",0.05153172123450752,0.00244140625,21.10739301765428,"235,229,244,231,208","22.626905,22.093872,21.778614,21.697491,20.352995",0.02849455106661909,0.014925373134328358,1.909134921463479,208,False
Llama-3.2-1B-Instruct,GPTQ_2bit,Prompt_02,9,mlp,335,2048,9605.294921875,"2023,1159,146,604,1040","207.984543,29.962593,14.631849,13.801165,13.606634",0.02914921282125683,0.00244140625,11.939517571586798,"236,237,180,256,239","42.539131,38.3251,38.058105,36.567902,35.946259",0.019930308697127704,0.014925373134328358,1.3353306827075562,180,False
Llama-3.2-1B-Instruct,GPTQ_2bit,Prompt_02,10,attn,335,2048,2981.36328125,"2023,1387,146,222,1932","147.218048,10.945663,10.751393,7.331715,6.177811",0.06118832372066575,0.00244140625,25.06273739598469,"214,213,125,122,203","23.191526,18.148766,17.239491,16.97789,16.221718",0.030784369353758834,0.014925373134328358,2.062552746701842,122,False
Llama-3.2-1B-Instruct,GPTQ_2bit,Prompt_02,10,mlp,335,2048,12123.791015625,"2023,1159,1042,189,350","179.615417,32.406281,14.696098,13.113924,12.77634",0.020835732191241362,0.00244140625,8.534315905532463,"311,188,256,163,187","47.388416,46.756527,46.649979,46.333164,46.195095",0.01924506788772914,0.014925373134328358,1.2894195484778526,163,False
Llama-3.2-1B-Instruct,GPTQ_2bit,Prompt_02,11,attn,335,2048,2887.090576171875,"2023,1040,1932,604,591","123.346573,33.580841,26.601688,23.31263,19.545521",0.0784136249195913,0.00244140625,32.11822076706459,"216,149,267,166,128","18.311325,17.899403,17.712629,16.752048,16.750793",0.030281763225186744,0.014925373134328358,2.028878136087512,128,False
Llama-3.2-1B-Instruct,GPTQ_2bit,Prompt_02,11,mlp,335,2048,15132.5693359375,"2023,1159,963,65,1597","168.958084,103.655121,22.052502,15.234753,14.920162",0.02146500111546707,0.00244140625,8.792064456895313,"327,307,194,182,237","78.571198,78.0242,69.923088,68.827446,66.162064",0.02388939958444092,0.014925373134328358,1.6005897721575417,182,False
Llama-3.2-1B-Instruct,GPTQ_2bit,Prompt_02,12,attn,335,2048,3256.736083984375,"2023,1159,146,963,1764","116.391838,18.864437,7.843857,6.600563,6.260064",0.04788866840070284,0.00244140625,19.615198576927884,"147,267,200,145,327","25.438725,19.997505,19.868769,19.482075,19.355946",0.03197772799031095,0.014925373134328358,2.1425077753508335,145,False
Llama-3.2-1B-Instruct,GPTQ_2bit,Prompt_02,12,mlp,335,2048,20075.65234375,"2023,1159,253,819,1865","160.129959,98.038147,20.740101,19.499832,17.213161",0.015721592026800187,0.00244140625,6.439564094177356,"290,327,320,159,293","98.8834,95.571564,91.794411,86.997879,86.674255",0.022909417881618495,0.014925373134328358,1.5349309980684391,159,False
Llama-3.2-1B-Instruct,GPTQ_2bit,Prompt_02,13,attn,335,2048,4280.9951171875,"2023,1159,253,808,1161","98.98114,33.583015,10.128433,7.836065,6.473584",0.03667424015777399,0.00244140625,15.021768768624227,"148,153,81,214,252","32.466774,26.648777,25.502905,24.296999,24.23772",0.031103325123826943,0.014925373134328358,2.0839227832964053,81,False
Llama-3.2-1B-Instruct,GPTQ_2bit,Prompt_02,13,mlp,335,2048,29682.4453125,"1159,2023,1511,1050,454","371.850433,348.660492,38.399704,36.40836,33.869392",0.027935313509300137,0.00244140625,11.442304413409335,"138,290,237,320,11","131.305252,129.959061,129.559296,129.350815,124.891159",0.02173222404577832,0.014925373134328358,1.4560590110671474,11,False
Llama-3.2-1B-Instruct,GPTQ_2bit,Prompt_02,14,attn,335,2048,7998.78662109375,"2023,1159,400,349,1809","315.489868,201.206787,27.683641,26.084671,20.401691",0.07386954137025788,0.00244140625,30.256964145257626,"253,214,1,100,325","70.832092,63.896969,52.016312,49.709442,48.283104",0.035597638557850114,0.014925373134328358,2.3850417833759576,1,False
Llama-3.2-1B-Instruct,GPTQ_2bit,Prompt_02,14,mlp,335,2048,37364.31640625,"1159,2023,1511,1050,454","925.168213,588.305115,263.197693,169.958572,156.715042",0.056292873224108274,0.00244140625,23.05756087259475,"4,305,290,138,191","188.027695,187.320374,176.158981,170.366409,170.171646",0.023874251980995822,0.014925373134328358,1.59957488272672,4,False
Llama-3.2-1B-Instruct,GPTQ_2bit,Prompt_02,15,attn,335,2048,18913.94921875,"1159,64,1366,1472,1040","752.995972,314.636444,303.897949,297.593201,295.221161",0.10385693140252182,0.00244140625,42.53979910247294,"164,129,217,92,166","113.464737,103.906548,101.954926,96.723938,94.379951",0.02698696654213749,0.014925373134328358,1.8081267583232117,92,False
Llama-3.2-1B-Instruct,GPTQ_2bit,Prompt_02,15,mlp,335,2048,113645.578125,"1159,1511,698,400,2029","9672.416016,2681.286377,2640.729492,2539.758545,2138.99585",0.17310999575571917,0.00244140625,70.90585426154257,"0,125,121,253,252","9750.319336,766.105896,632.448181,566.567932,562.691711",0.10803880815314389,0.014925373134328358,7.238600146260641,0,True
Llama-3.2-1B-Instruct,GPTQ_2bit,Prompt_03,0,attn,279,2048,49.97311019897461,"2023,146,64,509,225","0.475738,0.394798,0.270265,0.180042,0.167859",0.029790064538187385,0.00244140625,12.202010434841553,"173,119,42,50,196","0.67229,0.64597,0.634234,0.624192,0.548895",0.06254524279910972,0.017921146953405017,3.490024548190323,42,False
Llama-3.2-1B-Instruct,GPTQ_2bit,Prompt_03,0,mlp,279,2048,338.2806396484375,"894,1703,1334,636,146","10.960291,9.370542,5.108189,3.233187,2.903988",0.09334319783522993,0.00244140625,38.23337383331018,"0,98,101,115,3","35.631084,2.889606,2.858876,2.830745,2.701925",0.13867845144423255,0.017921146953405017,7.7382575905881765,0,True
Llama-3.2-1B-Instruct,GPTQ_2bit,Prompt_03,1,attn,279,2048,220.99197387695312,"2023,146,1703,1083,1131","3.052885,2.092906,1.914503,1.188089,1.160779",0.04257693367295154,0.00244140625,17.439512032440952,"161,166,122,56,105","1.814154,1.78691,1.701726,1.599593,1.594817",0.03845026524328986,0.017921146953405017,2.1455248005755743,56,False
Llama-3.2-1B-Instruct,GPTQ_2bit,Prompt_03,1,mlp,279,2048,11576.91796875,"698,2029,1159,400,2023","3018.053955,2909.226562,2564.81958,1975.842529,124.713058",0.9149806778102035,0.00244140625,374.77608563105935,"0,1,237,105,193","10602.851562,32.153839,19.48255,16.58094,15.238699",0.9230701682462847,0.017921146953405017,51.50731538814269,0,True
Llama-3.2-1B-Instruct,GPTQ_2bit,Prompt_03,2,attn,279,2048,530.4191284179688,"2023,146,519,22,2037","9.8162,7.086964,2.785866,2.499897,2.260053",0.046093700286304856,0.00244140625,18.87997963727047,"20,87,62,21,25","6.252287,4.471395,4.445122,3.972937,3.893917",0.043429161296269087,0.017921146953405017,2.4233472003318153,20,False
Llama-3.2-1B-Instruct,GPTQ_2bit,Prompt_03,2,mlp,279,2048,1801.9158935546875,"2023,146,1159,2029,698","22.890324,10.667083,4.102166,2.808458,2.26371",0.023714613538310832,0.00244140625,9.713505705292118,"6,122,105,101,193","13.336002,12.775406,11.98148,10.866755,10.278749",0.03287522791868871,0.017921146953405017,1.83443771786283,6,False
Llama-3.2-1B-Instruct,GPTQ_2bit,Prompt_03,3,attn,279,2048,932.3707885742188,"2023,146,14,519,1701","7.618972,7.515466,3.730808,3.273786,2.585386",0.02651779629212247,0.00244140625,10.861689361253363,"99,38,120,214,239","6.231642,6.007802,5.788895,5.344707,5.289535",0.030741609383316784,0.017921146953405017,1.7153818035890767,38,False
Llama-3.2-1B-Instruct,GPTQ_2bit,Prompt_03,3,mlp,279,2048,2887.212890625,"2023,146,1973,1159,1702","13.688925,11.184013,3.085521,2.773573,2.67575",0.011570945674556386,0.00244140625,4.739459348298295,"122,72,110,132,128","15.492901,15.471045,14.898429,14.693771,14.688946",0.026061498458822677,0.017921146953405017,1.4542316140023055,72,False
Llama-3.2-1B-Instruct,GPTQ_2bit,Prompt_03,4,attn,279,2048,1155.9923095703125,"146,2023,963,904,195","12.318947,11.156384,5.328214,4.519668,4.361465",0.03259941853595116,0.00244140625,13.352721832325596,"78,111,162,112,230","8.3715,7.872775,7.284781,6.611915,6.548882",0.03173883558719643,0.017921146953405017,1.771027025765561,78,False
Llama-3.2-1B-Instruct,GPTQ_2bit,Prompt_03,4,mlp,279,2048,3935.157470703125,"2023,146,1159,1459,14","24.272949,20.862389,5.695763,4.814,4.284608",0.015229303279387756,0.00244140625,6.237922623237225,"214,72,122,202,219","22.693142,19.583256,19.007904,18.447582,18.171719",0.024879210287866573,0.017921146953405017,1.388259934062955,72,False
Llama-3.2-1B-Instruct,GPTQ_2bit,Prompt_03,5,attn,279,2048,1469.173095703125,"146,2023,963,1366,604","37.024498,17.637152,7.035966,6.471747,6.062984",0.0505266165015962,0.00244140625,20.695702119053802,"133,77,246,264,265","10.053717,9.694583,9.60851,9.039703,8.962082",0.032234862675861495,0.017921146953405017,1.7987053373130715,77,False
Llama-3.2-1B-Instruct,GPTQ_2bit,Prompt_03,5,mlp,279,2048,4366.251953125,"146,2023,904,923,1910","40.933941,31.412817,8.03691,7.969021,6.797827",0.021792265161566363,0.00244140625,8.926111810177582,"122,214,202,150,110","20.588623,19.726875,19.475399,19.378468,19.349537",0.022563724379015004,0.017921146953405017,1.2590558203490372,110,False
Llama-3.2-1B-Instruct,GPTQ_2bit,Prompt_03,6,attn,279,2048,1828.07958984375,"2023,146,498,1366,1165","33.193047,15.952042,4.303684,4.254903,3.824815",0.03365744494988791,0.00244140625,13.786089451474089,"222,162,238,246,224","12.049124,11.584875,11.32994,11.069136,10.909845",0.03114904012706512,0.017921146953405017,1.738116439090234,162,False
Llama-3.2-1B-Instruct,GPTQ_2bit,Prompt_03,6,mlp,279,2048,4567.82470703125,"146,2023,963,1973,998","99.514984,28.79035,5.966368,5.847703,5.089146",0.031789432923156356,0.00244140625,13.020951725324844,"164,163,252,168,200","22.547297,22.381996,22.004629,20.703461,20.66869",0.023710646313351125,0.017921146953405017,1.3230540642849928,163,False
Llama-3.2-1B-Instruct,GPTQ_2bit,Prompt_03,7,attn,279,2048,1992.7945556640625,"146,2023,1441,728,1625","85.218262,38.074921,4.972054,4.069285,3.950083",0.06838868891237983,0.00244140625,28.012006978510776,"171,77,76,172,255","15.065983,14.984839,14.029102,12.543963,12.370644",0.03462199830284558,0.017921146953405017,1.9319075052987835,76,False
Llama-3.2-1B-Instruct,GPTQ_2bit,Prompt_03,7,mlp,279,2048,5233.09326171875,"146,2023,674,509,189","109.657104,46.176826,6.096036,5.851103,5.655858",0.03314233604310757,0.00244140625,13.575100843256859,"254,255,253,237,165","26.630262,26.535568,25.440428,24.79541,23.76376",0.024300241138804978,0.017921146953405017,1.3559534555453179,165,False
Llama-3.2-1B-Instruct,GPTQ_2bit,Prompt_03,8,attn,279,2048,2750.936279296875,"146,2023,653,1300,521","272.882996,13.057069,8.47648,5.034164,4.957267",0.11065612870618002,0.00244140625,45.324750318051336,"253,249,251,263,252","18.58456,18.418072,17.636608,17.594515,17.151299",0.03249259396325913,0.017921146953405017,1.8130867431498596,249,False
Llama-3.2-1B-Instruct,GPTQ_2bit,Prompt_03,8,mlp,279,2048,6714.7529296875,"2023,146,604,1354,674","275.238708,90.994415,9.136358,7.805153,6.791203",0.05807597455870186,0.00244140625,23.78791917924428,"252,262,222,120,238","37.688995,32.977592,32.271923,32.247139,31.595919",0.02483807772560042,0.017921146953405017,1.3859647370885035,120,False
Llama-3.2-1B-Instruct,GPTQ_2bit,Prompt_03,9,attn,279,2048,3184.7919921875,"2023,1387,146,604,1079","126.040787,14.278791,12.760386,11.492759,9.220366",0.054569683435099735,0.00244140625,22.35174233501685,"133,229,233,185,2","21.741425,21.411537,19.326456,19.297157,18.583664",0.03151233655691554,0.017921146953405017,1.7583883798758875,2,False
Llama-3.2-1B-Instruct,GPTQ_2bit,Prompt_03,9,mlp,279,2048,7992.26953125,"2023,1159,781,509,146","226.213287,26.657146,10.47647,10.350546,9.857495",0.03547865359764147,0.00244140625,14.532056513593947,"119,195,150,202,116","36.862679,36.453285,36.296524,36.163933,35.900761",0.022731613886172234,0.017921146953405017,1.2684240548484107,116,False
Llama-3.2-1B-Instruct,GPTQ_2bit,Prompt_03,10,attn,279,2048,2536.7392578125,"2023,1708,146,509,674","212.164108,7.283767,7.111775,5.573905,5.551596",0.09369710905670997,0.00244140625,38.3783358696284,"252,120,263,262,253","19.989346,18.77454,18.071552,17.709377,17.458014",0.03626814328379698,0.017921146953405017,2.0237623952358716,120,False
Llama-3.2-1B-Instruct,GPTQ_2bit,Prompt_03,10,mlp,279,2048,10544.0703125,"2023,1159,1042,1880,1476","140.665405,23.573263,13.683542,11.917671,11.084051",0.01905563162259445,0.00244140625,7.805186712614687,"203,173,201,204,206","62.404163,58.601833,57.065472,54.197742,54.169308",0.027165840999569514,0.017921146953405017,1.515853927775979,173,False
Llama-3.2-1B-Instruct,GPTQ_2bit,Prompt_03,11,attn,279,2048,2271.359619140625,"2023,604,653,1040,864","80.57811,26.115545,24.461908,23.380358,18.897696",0.07635674369045849,0.00244140625,31.275722215611797,"253,173,116,134,133","20.616671,18.201424,16.665821,16.596645,15.1619",0.03840979712019867,0.017921146953405017,2.1432666793070863,116,False
Llama-3.2-1B-Instruct,GPTQ_2bit,Prompt_03,11,mlp,279,2048,12941.259765625,"2023,1159,253,963,64","128.393127,88.863571,16.001911,13.37742,11.048971",0.01991189437701151,0.00244140625,8.155911936823916,"157,249,159,167,208","81.919983,70.447044,66.168037,63.040169,62.891197",0.026617689228296427,0.017921146953405017,1.4852670589389407,157,False
Llama-3.2-1B-Instruct,GPTQ_2bit,Prompt_03,12,attn,279,2048,2544.615234375,"2023,1159,146,653,519","151.219177,26.193836,6.211147,5.775937,5.480597",0.07658552416714831,0.00244140625,31.369430698863948,"265,253,62,276,233","23.955011,20.247517,19.696829,18.119789,17.994532",0.03930404807505586,0.017921146953405017,2.193165882588117,62,False
Llama-3.2-1B-Instruct,GPTQ_2bit,Prompt_03,12,mlp,279,2048,17105.49609375,"2023,1159,253,735,963","118.411331,88.194481,20.271017,16.659763,16.513409",0.015202717120000037,0.00244140625,6.2270329323520155,"210,208,173,157,148","98.578011,94.812637,91.59449,88.188812,87.742134",0.026945496005144544,0.017921146953405017,1.5035586770870657,148,False
Llama-3.2-1B-Instruct,GPTQ_2bit,Prompt_03,13,attn,279,2048,3783.5361328125,"2023,1159,253,1305,1261","92.723663,33.274071,9.094471,6.780541,6.561631",0.03923165175058158,0.00244140625,16.069284557038216,"174,114,61,215,1","29.450521,27.830265,24.17939,23.960278,23.102036",0.03396888174014626,0.017921146953405017,1.8954636011001615,1,False
Llama-3.2-1B-Instruct,GPTQ_2bit,Prompt_03,13,mlp,279,2048,25285.67578125,"1159,2023,1050,1511,963","342.176392,245.200775,39.266655,36.638786,28.735769",0.02736799987347703,0.00244140625,11.209932748176191,"118,210,208,148,115","138.01355,132.092712,128.930939,127.141357,126.957397",0.025830276081149576,0.017921146953405017,1.4413294053281465,115,False
Llama-3.2-1B-Instruct,GPTQ_2bit,Prompt_03,14,attn,279,2048,6605.78662109375,"2023,1159,349,519,400","336.854401,215.200104,28.838718,22.129179,22.05164",0.09462522353485207,0.00244140625,38.75849155987541,"117,170,215,1,134","67.297508,61.632793,57.530846,52.055099,49.95229",0.043669071291734855,0.017921146953405017,2.436734178078805,1,False
Llama-3.2-1B-Instruct,GPTQ_2bit,Prompt_03,14,mlp,279,2048,31644.62890625,"1159,2023,1511,1050,454","714.212769,505.162933,239.040695,174.922791,121.664749",0.055459772065880555,0.00244140625,22.716322638184675,"160,4,114,81,149","189.835007,188.041794,187.712921,168.463455,162.90062",0.028344582552825105,0.017921146953405017,1.581627706447641,4,False
Llama-3.2-1B-Instruct,GPTQ_2bit,Prompt_03,15,attn,279,2048,15128.005859375,"1159,64,1366,653,2023","539.646729,270.285553,265.096191,257.929596,189.005951",0.10060572446927192,0.00244140625,41.20810474261378,"40,1,117,60,232","96.373283,89.384178,87.540215,83.532898,81.642845",0.02898421796404356,0.017921146953405017,1.6173193623936306,1,False
Llama-3.2-1B-Instruct,GPTQ_2bit,Prompt_03,15,mlp,279,2048,96408.6015625,"1159,698,400,1511,2029","8106.040039,2610.750488,2515.243408,2280.231201,2118.670654",0.1828772045349623,0.00244140625,74.90650297752056,"0,117,194,119,112","9759.708984,588.498779,547.885376,539.870972,538.01001",0.12420027274861448,0.017921146953405017,6.930375219372688,0,True
Llama-3.2-1B-Instruct,GPTQ_2bit,Prompt_04,0,attn,509,2048,64.35877990722656,"146,2023,64,1634,1618","0.672397,0.499271,0.263387,0.240225,0.235808",0.029694296688310563,0.00244140625,12.162783923532007,"502,13,23,9,17","0.564385,0.529467,0.514559,0.469169,0.454738",0.03934689067235492,0.009823182711198428,4.005513470445731,9,False
Llama-3.2-1B-Instruct,GPTQ_2bit,Prompt_04,0,mlp,509,2048,496.65496826171875,"894,1703,1334,636,146","11.421444,9.516216,5.470707,3.670829,2.755091",0.06611085730402184,0.00244140625,27.079007151727346,"0,136,3,6,153","36.015221,2.848724,2.702779,2.607159,2.581172",0.09413991092753707,0.009823182711198428,9.583442932423274,0,True
Llama-3.2-1B-Instruct,GPTQ_2bit,Prompt_04,1,attn,509,2048,357.7276611328125,"2023,146,1703,1131,788","7.861194,2.962028,2.647797,2.286964,2.168509",0.05011211804791325,0.00244140625,20.525923552425265,"152,43,136,286,17","1.777167,1.498649,1.481193,1.450374,1.450256",0.02140633877522816,0.009823182711198428,2.179165287318227,17,False
Llama-3.2-1B-Instruct,GPTQ_2bit,Prompt_04,1,mlp,509,2048,12497.205078125,"2029,698,1159,400,2023","3122.181152,3012.277832,2560.491699,2163.161621,124.50428",0.8788058705001072,0.00244140625,359.9588845568439,"0,1,33,25,256","11001.082031,32.249626,8.140694,7.912838,7.412049",0.8847416508284899,0.009823182711198428,90.06670005434027,0,True
Llama-3.2-1B-Instruct,GPTQ_2bit,Prompt_04,2,attn,509,2048,808.8462524414062,"146,2023,519,509,2037","8.210801,7.745077,7.335579,4.671005,3.086901",0.03838722624509541,0.00244140625,15.723407869991082,"20,84,477,21,25","6.25568,4.224698,4.004593,3.985864,3.895837",0.027652563695953338,0.009823182711198428,2.81503098424805,20,False
Llama-3.2-1B-Instruct,GPTQ_2bit,Prompt_04,2,mlp,509,2048,3081.603271484375,"2023,146,1159,2029,698","38.570892,18.550772,6.095248,4.306942,3.258435",0.02296930322707201,0.00244140625,9.408226601808696,"6,218,219,252,253","13.419285,12.784438,12.320652,11.508949,10.95139",0.019789930479493865,0.009823182711198428,2.0146149228124757,6,False
Llama-3.2-1B-Instruct,GPTQ_2bit,Prompt_04,3,attn,509,2048,1619.458251953125,"146,2023,519,195,14","24.123421,14.116836,10.629612,6.752509,4.756315",0.03728326590335641,0.00244140625,15.271225714014786,"121,114,94,196,117","8.029562,6.508694,6.234733,6.109739,6.0639",0.020344228405284187,0.009823182711198428,2.0710424516579304,94,False
Llama-3.2-1B-Instruct,GPTQ_2bit,Prompt_04,3,mlp,509,2048,5204.59716796875,"146,2023,195,94,1794","23.059811,18.944424,5.075041,5.049239,4.828505",0.010943598857399112,0.00244140625,4.482498091990676,"152,196,252,195,48","16.709461,16.171877,16.047794,15.649378,15.623425",0.015409824160581441,0.009823182711198428,1.5687200995471908,48,False
Llama-3.2-1B-Instruct,GPTQ_2bit,Prompt_04,4,attn,509,2048,2039.9388427734375,"146,2023,691,496,923","25.443104,16.845604,7.490775,7.274457,7.212937",0.031504315165315384,0.00244140625,12.904167491713181,"142,228,163,118,220","7.685382,7.522066,7.399024,7.105712,6.991995",0.017992785323525048,0.009823182711198428,1.8316655459348499,118,False
Llama-3.2-1B-Instruct,GPTQ_2bit,Prompt_04,4,mlp,509,2048,7140.3115234375,"2023,146,14,781,674","67.347046,43.172318,8.215956,7.043767,6.987716",0.018593978636780965,0.00244140625,7.616093649625483,"152,153,141,218,51","22.255316,21.690022,21.146154,19.871874,19.511826",0.01463174104743931,0.009823182711198428,1.4895112386293217,51,False
Llama-3.2-1B-Instruct,GPTQ_2bit,Prompt_04,5,attn,509,2048,2386.3046875,"146,2023,1366,653,435","19.441265,16.225739,15.268077,11.971462,10.220051",0.030644282319232143,0.00244140625,12.551898037957486,"228,216,289,259,121","8.524514,8.424243,8.360514,8.20947,8.154092",0.017463332619386505,0.009823182711198428,1.7777672606535464,121,False
Llama-3.2-1B-Instruct,GPTQ_2bit,Prompt_04,5,mlp,509,2048,7732.609375,"146,2023,923,904,1504","73.605545,37.944504,15.469935,13.51244,12.438102",0.01978252263900648,0.00244140625,8.102921272937055,"269,153,196,178,218","20.701004,20.380531,20.370939,20.344641,20.20435",0.013191079478749694,0.009823182711198428,1.3428518909367189,153,False
Llama-3.2-1B-Instruct,GPTQ_2bit,Prompt_04,6,attn,509,2048,3250.468505859375,"2023,146,963,498,674","91.804489,21.838608,11.872429,10.661212,10.041384",0.04498370746434615,0.00244140625,18.425326577396184,"228,467,419,162,240","12.111232,11.796945,11.022501,10.303392,10.15859",0.017041437047949592,0.009823182711198428,1.7348182914812684,162,False
Llama-3.2-1B-Instruct,GPTQ_2bit,Prompt_04,6,mlp,509,2048,8202.7451171875,"146,2023,444,1625,1621","211.749359,61.97723,8.518284,8.31661,8.151353",0.036416202786057596,0.00244140625,14.91607666116919,"117,121,162,171,272","21.917747,21.351967,21.220032,20.55563,20.455547",0.012861661465632158,0.009823182711198428,1.3093171372013537,117,False
Llama-3.2-1B-Instruct,GPTQ_2bit,Prompt_04,7,attn,509,2048,3508.669189453125,"146,2023,674,1472,1308","141.408813,67.709198,9.591805,8.356052,7.899138",0.06696698481697363,0.00244140625,27.4296769810324,"202,274,144,121,310","13.008325,12.736783,11.890524,11.872587,11.834675",0.01748323714649589,0.009823182711198428,1.7797935415132817,121,False
Llama-3.2-1B-Instruct,GPTQ_2bit,Prompt_04,7,mlp,509,2048,9286.5068359375,"146,2023,875,1787,244","209.265839,70.377823,15.298492,10.859323,10.692877",0.03408109850554973,0.00244140625,13.95961794787317,"72,213,122,81,220","24.133617,23.813906,23.732018,23.60128,23.455122",0.012785855986923653,0.009823182711198428,1.301600139468828,72,False
Llama-3.2-1B-Instruct,GPTQ_2bit,Prompt_04,8,attn,509,2048,4382.56787109375,"146,2023,1472,1932,20","388.05957,35.373985,8.49217,7.920753,7.516704",0.10207786218905489,0.00244140625,41.811092352636884,"314,197,202,470,216","17.760225,16.18215,15.111348,15.090432,15.056786",0.018071812079751778,0.009823182711198428,1.839710469718731,197,False
Llama-3.2-1B-Instruct,GPTQ_2bit,Prompt_04,8,mlp,509,2048,11560.39453125,"2023,146,189,674,781","316.806885,146.453339,22.314285,13.996309,12.401829",0.04428677795973659,0.00244140625,18.139864252308108,"359,141,202,250,314","32.873444,31.504711,30.370356,30.119444,29.457689",0.013349513063780872,0.009823182711198428,1.3589804298928927,141,False
Llama-3.2-1B-Instruct,GPTQ_2bit,Prompt_04,9,attn,509,2048,5541.748046875,"2023,189,1251,146,1387","228.43457,18.582304,17.601746,16.878582,15.84897",0.05365566214370677,0.00244140625,21.977359214062293,"202,303,270,115,220","26.741907,24.411304,23.274979,22.69121,22.421988",0.021571060399136525,0.009823182711198428,2.1959339486320983,115,False
Llama-3.2-1B-Instruct,GPTQ_2bit,Prompt_04,9,mlp,509,2048,14822.8291015625,"2023,1159,146,64,1040","353.727051,32.427868,25.268444,18.56094,18.332928",0.030245049486523012,0.00244140625,12.388372269679826,"297,160,306,303,419","38.195972,37.314217,37.1464,36.961945,36.856911",0.012580287294059252,0.009823182711198428,1.280673246535232,160,False
Llama-3.2-1B-Instruct,GPTQ_2bit,Prompt_04,10,attn,509,2048,4235.41357421875,"2023,146,1040,1251,674","244.069656,14.516126,10.560468,8.337372,8.171804",0.06744451055420332,0.00244140625,27.62527152300168,"115,233,293,328,478","17.857502,15.74069,15.693655,15.639749,15.227975",0.01892603104323928,0.009823182711198428,1.9266699602017587,115,False
Llama-3.2-1B-Instruct,GPTQ_2bit,Prompt_04,10,mlp,509,2048,19181.4921875,"2023,1159,1087,72,1042","185.474899,45.878551,25.707909,20.830959,20.372837",0.015549633173518092,0.00244140625,6.369129747873011,"494,229,176,316,233","55.384048,53.936737,52.854683,52.139832,51.061398",0.013835039859793234,0.009823182711198428,1.4084070577269512,176,False
Llama-3.2-1B-Instruct,GPTQ_2bit,Prompt_04,11,attn,509,2048,4100.13134765625,"2023,1040,604,591,653","120.563461,52.522667,41.934383,35.396271,35.037483",0.06962076588866901,0.00244140625,28.51666570799883,"250,214,202,115,274","20.99221,18.184031,18.023336,17.391146,17.215658",0.022391082977881924,0.009823182711198428,2.2794122471483798,115,False
Llama-3.2-1B-Instruct,GPTQ_2bit,Prompt_04,11,mlp,509,2048,23830.009765625,"2023,1159,807,395,1378","233.212585,117.333786,25.400116,24.803314,24.216999",0.01783326154939384,0.00244140625,7.304503930631716,"191,233,248,413,225","90.529701,87.374939,79.874283,79.646675,78.522339",0.017454795071537375,0.009823182711198428,1.7768981382825049,191,False
Llama-3.2-1B-Instruct,GPTQ_2bit,Prompt_04,12,attn,509,2048,4138.310546875,"2023,1159,189,781,963","215.726624,33.532677,10.977288,10.259666,9.8503",0.06774420489754887,0.00244140625,27.74802632603602,"476,403,323,287,202","24.861176,20.974995,19.102455,17.953388,17.468231",0.02425150157635282,0.009823182711198428,2.4688028604727172,202,False
Llama-3.2-1B-Instruct,GPTQ_2bit,Prompt_04,12,mlp,509,2048,30391.23828125,"2023,1159,253,819,1238","234.909088,106.464043,29.173685,27.970863,27.311905",0.014011590640137468,0.00244140625,5.739147526200307,"314,169,208,157,277","110.501419,99.02533,97.248833,97.246925,92.409546",0.016334709127656423,0.009823182711198428,1.662873389195424,157,False
Llama-3.2-1B-Instruct,GPTQ_2bit,Prompt_04,13,attn,509,2048,6173.3681640625,"2023,1159,2017,355,1472","137.482864,51.43222,13.813269,10.623289,10.467274",0.03625555818853318,0.00244140625,14.850276634023192,"243,76,147,462,472","26.43576,25.73885,24.905155,24.833454,24.769558",0.02052085124500734,0.009823182711198428,2.089022656741747,76,False
Llama-3.2-1B-Instruct,GPTQ_2bit,Prompt_04,13,mlp,509,2048,44011.56640625,"1159,2023,1050,819,963","420.264465,391.413757,63.799538,56.240028,51.695923",0.022344438919687393,0.00244140625,9.152282181503956,"211,314,38,277,191","157.994812,144.233704,138.155594,135.016235,131.20842",0.01605506966341678,0.009823182711198428,1.6344060917358283,38,False
Llama-3.2-1B-Instruct,GPTQ_2bit,Prompt_04,14,attn,509,2048,13333.6376953125,"2023,1159,400,349,519","373.973755,298.346252,82.806473,78.84066,74.546585",0.06813697001789631,0.00244140625,27.90890291933033,"476,403,276,439,480","69.229752,64.097588,62.696259,58.667793,57.359245",0.023403262919901607,0.009823182711198428,2.382452165245984,276,False
Llama-3.2-1B-Instruct,GPTQ_2bit,Prompt_04,14,mlp,509,2048,51929.2890625,"1159,2023,1511,454,1050","809.526733,570.101562,287.33667,165.824478,155.062836",0.0382799828537875,0.00244140625,15.67948097691136,"4,147,145,465,211","187.452606,187.105667,179.106949,174.972488,163.152252",0.01717315859877968,0.009823182711198428,1.7482275453557714,4,False
Llama-3.2-1B-Instruct,GPTQ_2bit,Prompt_04,15,attn,509,2048,28328.673828125,"1159,1040,64,1366,1472","944.210693,727.408081,546.366455,426.131897,416.894257",0.10805346883447721,0.00244140625,44.25870083460187,"308,1,480,115,120","106.350433,89.850052,88.874084,86.270569,85.055862",0.016110920113861556,0.009823182711198428,1.6400916675911066,1,False
Llama-3.2-1B-Instruct,GPTQ_2bit,Prompt_04,15,mlp,509,2048,160785.984375,"1159,1511,400,698,2029","10782.482422,3145.062012,2947.106445,2675.038086,2163.607666",0.13504471151141031,0.00244140625,55.31431383507366,"0,145,508,147,149","9858.735352,605.660645,562.457703,556.484436,550.938293",0.07546849567986481,0.009823182711198428,7.6826928602102385,0,True
Qwen2.5-1.5B-Instruct,GPTQ_8bit,Prompt_01,0,attn,305,1536,16.432199478149414,"1421,609,1288,1340,319","0.212864,0.152679,0.138028,0.121583,0.099214",0.04408222874557251,0.0032552083333333335,13.542060670639874,"211,117,119,22,1","5.245604,0.913068,0.156449,0.145712,0.144302",0.4019629248520494,0.01639344262295082,24.51973841597501,1,False
Qwen2.5-1.5B-Instruct,GPTQ_8bit,Prompt_01,0,mlp,305,1536,45.77310562133789,"1421,609,605,618,711","0.423178,0.187416,0.172161,0.168777,0.158614",0.024253230646850255,0.0032552083333333335,7.450592454712398,"211,117,1,2,125","16.375862,2.832267,1.213104,0.773262,0.456429",0.4730053266295223,0.01639344262295082,28.85332492440086,1,False
Qwen2.5-1.5B-Instruct,GPTQ_8bit,Prompt_01,1,attn,305,1536,9.89165210723877,"286,1073,580,1421,520","0.062252,0.058931,0.056454,0.054624,0.043184",0.02784626045190828,0.0032552083333333335,8.554371210826224,"211,118,119,117,212","0.536233,0.406417,0.38489,0.31025,0.198095",0.18559939941086462,0.01639344262295082,11.321563364062742,117,False
Qwen2.5-1.5B-Instruct,GPTQ_8bit,Prompt_01,1,mlp,305,1536,156.8838348388672,"520,609,408,1421,872","64.039467,9.319873,4.063163,3.319122,1.59986",0.5248563955260005,0.0032552083333333335,161.23588470558735,"0,1,211,117,119","100.012299,12.316586,11.998645,7.746464,1.203363",0.8495288497179264,0.01639344262295082,51.82125983279351,0,True
Qwen2.5-1.5B-Instruct,GPTQ_8bit,Prompt_01,2,attn,305,1536,18.118919372558594,"1421,865,580,609,356","0.254095,0.105082,0.079841,0.068289,0.057092",0.03114973519221789,0.0032552083333333335,9.569198651049335,"211,212,126,117,1","3.612896,0.511139,0.294983,0.289237,0.256437",0.27400599840076334,0.01639344262295082,16.714365902446563,1,False
Qwen2.5-1.5B-Instruct,GPTQ_8bit,Prompt_01,2,mlp,305,1536,451.2686462402344,"408,940,520,286,1421","144.209641,144.069138,36.090164,20.282671,5.407917",0.7757231589463597,0.0032552083333333335,238.30215442832167,"0,211,1,117,113","375.230255,30.713268,2.940217,2.921574,1.685907",0.9162861510156337,0.01639344262295082,55.89345521195365,0,True
Qwen2.5-1.5B-Instruct,GPTQ_8bit,Prompt_01,3,attn,305,1536,20.23066520690918,"1421,609,580,865,1283","0.615838,0.172985,0.161466,0.075756,0.070674",0.054210724924210606,0.0032552083333333335,16.653534696717497,"211,212,1,113,126","2.407771,1.00632,0.45699,0.414549,0.178845",0.22067861383776943,0.01639344262295082,13.461395444103935,1,False
Qwen2.5-1.5B-Instruct,GPTQ_8bit,Prompt_01,3,mlp,305,1536,90.03812408447266,"1421,609,408,1372,940","7.396001,1.987643,0.505807,0.315562,0.284248",0.11649800274999476,0.0032552083333333335,35.78818644479839,"211,117,1,212,118","39.24221,2.773258,2.684803,1.757159,1.308022",0.5305025379450385,0.01639344262295082,32.36065481464735,1,False
Qwen2.5-1.5B-Instruct,GPTQ_8bit,Prompt_01,4,attn,305,1536,22.698802947998047,"1421,609,580,1360,1285","0.644541,0.181341,0.14785,0.115133,0.085297",0.051727885353058764,0.0032552083333333335,15.89080638045965,"211,126,212,235,1","2.140334,0.255561,0.235138,0.158395,0.153522",0.12965224343757642,0.01639344262295082,7.908786849692161,1,False
Qwen2.5-1.5B-Instruct,GPTQ_8bit,Prompt_01,4,mlp,305,1536,98.62056732177734,"1421,609,408,940,1156","1.409562,0.597272,0.58124,0.305941,0.284076",0.032225438724408466,0.0032552083333333335,9.89965477613828,"211,117,1,212,118","23.094433,3.51734,3.346801,1.607568,1.493904",0.33522463146143994,0.01639344262295082,20.448702519147837,1,False
Qwen2.5-1.5B-Instruct,GPTQ_8bit,Prompt_01,5,attn,305,1536,28.89764976501465,"1421,609,356,865,113","1.748831,0.282503,0.082012,0.064827,0.064331",0.07760159256102576,0.0032552083333333335,23.839209234747113,"211,212,117,118,184","1.619835,0.57605,0.476611,0.366174,0.326783",0.11646115678816234,0.01639344262295082,7.104130564077902,117,False
Qwen2.5-1.5B-Instruct,GPTQ_8bit,Prompt_01,5,mlp,305,1536,82.42514038085938,"1421,609,739,113,1419","3.368255,0.444406,0.181009,0.178081,0.162729",0.052586877528548744,0.0032552083333333335,16.154688776770172,"211,1,117,212,118","18.371128,4.577031,3.399058,1.104165,0.973821",0.3448608652574857,0.01639344262295082,21.036512780706627,1,False
Qwen2.5-1.5B-Instruct,GPTQ_8bit,Prompt_01,6,attn,305,1536,18.614282608032227,"1421,356,609,865,1424","0.750067,0.134559,0.108505,0.095852,0.066613",0.0620811983918838,0.0032552083333333335,19.071344145986703,"211,118,3,2,119","2.132961,0.20865,0.199107,0.192211,0.163438",0.1555991780101842,0.01639344262295082,9.491549858621235,2,False
Qwen2.5-1.5B-Instruct,GPTQ_8bit,Prompt_01,6,mlp,305,1536,103.5038833618164,"1421,19,6,729,1205","0.842036,0.189643,0.169841,0.16324,0.162946",0.014759892060280128,0.0032552083333333335,4.534238840918055,"211,117,1,118,212","17.143219,3.884306,3.763922,1.816721,1.318031",0.26980822411976124,0.01639344262295082,16.458301671305435,1,False
Qwen2.5-1.5B-Instruct,GPTQ_8bit,Prompt_01,7,attn,305,1536,20.523649215698242,"1421,609,1424,580,752","0.996597,0.169486,0.144154,0.092856,0.087107",0.07260895092824059,0.0032552083333333335,22.305469725155508,"211,117,212,1,2","1.065836,0.433059,0.418165,0.337824,0.217452",0.1204627439394597,0.01639344262295082,7.3482273803070415,1,False
Qwen2.5-1.5B-Instruct,GPTQ_8bit,Prompt_01,7,mlp,305,1536,97.34942626953125,"1421,609,1395,329,643","1.748819,0.303494,0.203917,0.170766,0.169852",0.026675542176105804,0.0032552083333333335,8.194726556499702,"211,1,117,118,2","13.940707,4.664495,3.124228,1.521195,1.417153",0.253394179713387,0.01639344262295082,15.457044962516607,1,False
Qwen2.5-1.5B-Instruct,GPTQ_8bit,Prompt_01,8,attn,305,1536,22.857749938964844,"1421,865,609,1395,901","0.819466,0.091688,0.086746,0.050975,0.03833",0.04756392645921527,0.0032552083333333335,14.61163820827093,"211,212,2,213,115","0.859595,0.325862,0.237362,0.204063,0.202716",0.08004278438897587,0.01639344262295082,4.882609847727528,2,False
Qwen2.5-1.5B-Instruct,GPTQ_8bit,Prompt_01,8,mlp,305,1536,96.65169525146484,"1421,609,1089,55,1395","1.622479,0.197754,0.150187,0.146388,0.13269",0.023274277408760476,0.0032552083333333335,7.149858019971218,"211,1,117,118,2","10.38328,3.05078,2.520728,1.458033,1.308314",0.19369690450936275,0.01639344262295082,11.815511175071126,1,False
Qwen2.5-1.5B-Instruct,GPTQ_8bit,Prompt_01,9,attn,305,1536,23.15274429321289,"1421,609,865,580,113","2.059865,0.223133,0.078224,0.06479,0.056932",0.10724186746099626,0.0032552083333333335,32.94470168401805,"211,2,114,212,298","1.056575,0.260826,0.218564,0.197526,0.181069",0.08269253534931977,0.01639344262295082,5.044244656308505,2,False
Qwen2.5-1.5B-Instruct,GPTQ_8bit,Prompt_01,9,mlp,305,1536,95.95923614501953,"1421,609,1395,270,729","3.926218,0.407617,0.176964,0.163338,0.141979",0.05018918500864515,0.0032552083333333335,15.41811763465579,"211,1,117,2,118","8.989328,2.440273,1.975825,1.414275,1.279123",0.16776731656172986,0.01639344262295082,10.233806310265521,1,False
Qwen2.5-1.5B-Instruct,GPTQ_8bit,Prompt_01,10,attn,305,1536,33.05696487426758,"1421,609,752,865,356","2.402183,0.241303,0.081549,0.069941,0.061136",0.08639969027260973,0.0032552083333333335,26.541984851745706,"211,244,2,304,114","1.805854,0.343302,0.295992,0.286856,0.269189",0.09078848786910672,0.01639344262295082,5.53809776001551,2,False
Qwen2.5-1.5B-Instruct,GPTQ_8bit,Prompt_01,10,mlp,305,1536,90.96827697753906,"1421,609,408,1395,1506","4.009902,0.435925,0.180108,0.13159,0.110132",0.05350939715654787,0.0032552083333333335,16.438086806491505,"211,1,117,244,118","6.031083,2.188793,1.673691,1.645924,0.989861",0.1377332033144254,0.01639344262295082,8.401725402179949,1,False
Qwen2.5-1.5B-Instruct,GPTQ_8bit,Prompt_01,11,attn,305,1536,39.85017395019531,"1421,609,977,356,1283","7.126439,0.722289,0.070941,0.068912,0.068591",0.2021866160901601,0.0032552083333333335,62.111728462897176,"211,244,212,119,98","0.884273,0.815345,0.451991,0.336129,0.323188",0.07053736333679352,0.01639344262295082,4.302779163544404,98,False
Qwen2.5-1.5B-Instruct,GPTQ_8bit,Prompt_01,11,mlp,305,1536,86.56944274902344,"1421,609,408,1345,855","4.062284,0.465837,0.162981,0.117802,0.109873",0.05681885932018017,0.0032552083333333335,17.45475358315935,"211,1,244,117,119","4.179637,1.863858,1.352591,1.185607,0.957037",0.11018587349947077,0.01639344262295082,6.721338283467717,1,False
Qwen2.5-1.5B-Instruct,GPTQ_8bit,Prompt_01,12,attn,305,1536,23.435012817382812,"1421,609,249,253,1290","1.884487,0.244964,0.046244,0.034058,0.032818",0.09569318920236979,0.0032552083333333335,29.396947722967997,"211,125,250,5,115","0.523149,0.300611,0.278596,0.236153,0.225553",0.06674038427417753,0.01639344262295082,4.071163440724829,5,False
Qwen2.5-1.5B-Instruct,GPTQ_8bit,Prompt_01,12,mlp,305,1536,87.93692016601562,"1421,609,865,356,587","3.523898,0.470467,0.130658,0.116529,0.115963",0.04955272908332659,0.0032552083333333335,15.22259837439793,"211,244,1,214,117","4.542337,1.686935,1.291253,1.194651,1.088882",0.11148967930780905,0.01639344262295082,6.800870437776352,1,False
Qwen2.5-1.5B-Instruct,GPTQ_8bit,Prompt_01,13,attn,305,1536,33.610809326171875,"1421,609,580,865,1360","3.227859,0.406706,0.193037,0.177285,0.130302",0.123031537060123,0.0032552083333333335,37.79528818486978,"211,118,2,212,124","0.61266,0.376228,0.280256,0.255022,0.239098",0.05246122347481611,0.01639344262295082,3.2001346319637825,2,False
Qwen2.5-1.5B-Instruct,GPTQ_8bit,Prompt_01,13,mlp,305,1536,86.96776580810547,"1421,609,739,40,1258","3.157517,0.434899,0.127551,0.105958,0.103542",0.04518302759995821,0.0032552083333333335,13.88022607870716,"211,1,244,30,214","3.069937,1.528865,1.477003,1.09955,1.024284",0.09428364970064582,0.01639344262295082,5.751302631739395,1,False
Qwen2.5-1.5B-Instruct,GPTQ_8bit,Prompt_01,14,attn,305,1536,32.94297790527344,"1421,609,752,793,507","3.023204,0.468066,0.074959,0.070142,0.066818",0.1124120941721234,0.0032552083333333335,34.53299532967631,"211,122,253,208,304","0.66906,0.558678,0.501041,0.472563,0.429441",0.07985869063262668,0.01639344262295082,4.871380128590228,122,False
Qwen2.5-1.5B-Instruct,GPTQ_8bit,Prompt_01,14,mlp,305,1536,112.00428771972656,"1421,609,1496,1290,752","3.344921,0.53393,0.201202,0.184552,0.162058",0.03952226730658488,0.0032552083333333335,12.141240516582876,"211,244,1,30,123","4.26395,1.953172,1.434988,1.426375,1.185671",0.09164075326215654,0.01639344262295082,5.590085948991549,1,False
Qwen2.5-1.5B-Instruct,GPTQ_8bit,Prompt_01,15,attn,305,1536,51.489418029785156,"1421,609,865,507,113","6.097658,0.904496,0.156383,0.112695,0.112681",0.14340642795237865,0.0032552083333333335,44.05445466697072,"211,244,214,123,30","1.104879,0.516452,0.493901,0.486051,0.462641",0.05950589832653733,0.01639344262295082,3.629859797918777,30,False
Qwen2.5-1.5B-Instruct,GPTQ_8bit,Prompt_01,15,mlp,305,1536,98.88320922851562,"1421,609,113,752,865","4.369413,0.728376,0.308972,0.209123,0.193725",0.05875224329942087,0.0032552083333333335,18.04868914158209,"211,244,1,30,65","2.517466,1.913927,1.368057,1.275381,1.154632",0.08322407455701106,0.01639344262295082,5.0766685479776745,1,False
Qwen2.5-1.5B-Instruct,GPTQ_8bit,Prompt_01,16,attn,305,1536,37.8863525390625,"1421,609,1424,793,47","3.886242,0.677697,0.069707,0.062655,0.062437",0.1256055747869444,0.0032552083333333335,38.586032574549314,"117,211,298,243,210","0.861554,0.823346,0.76013,0.606554,0.388134",0.09079044280524544,0.01639344262295082,5.538217011119971,117,False
Qwen2.5-1.5B-Instruct,GPTQ_8bit,Prompt_01,16,mlp,305,1536,123.54656982421875,"1421,609,503,154,865","4.623418,0.914623,0.171161,0.145571,0.142447",0.04854218554782735,0.0032552083333333335,14.91215940029256,"211,244,30,1,117","3.387558,1.834581,1.768885,1.76254,1.739676",0.08493348193620451,0.01639344262295082,5.180942398108475,1,False
Qwen2.5-1.5B-Instruct,GPTQ_8bit,Prompt_01,17,attn,305,1536,43.66200637817383,"1421,609,1156,553,1347","1.735384,0.308234,0.070438,0.067803,0.067384",0.05151489096416979,0.0032552083333333335,15.82537450419296,"211,244,120,304,1","0.834367,0.757256,0.566985,0.540953,0.488954",0.07302720913549181,0.01639344262295082,4.454659757265,1,False
Qwen2.5-1.5B-Instruct,GPTQ_8bit,Prompt_01,17,mlp,305,1536,157.52191162109375,"1421,609,408,503,154","3.542149,0.771359,0.214293,0.185144,0.184652",0.031091527430614618,0.0032552083333333335,9.55131722668481,"211,244,30,1,120","4.254303,2.919609,2.348317,1.877774,1.836693",0.08403081323554085,0.01639344262295082,5.125879607367992,1,False
Qwen2.5-1.5B-Instruct,GPTQ_8bit,Prompt_01,18,attn,305,1536,59.65791320800781,"1421,609,934,1394,900","2.459018,0.735683,0.259414,0.224763,0.143894",0.06407820956042869,0.0032552083333333335,19.68482597696369,"9,244,211,11,27","0.838288,0.768576,0.761179,0.61127,0.556606",0.05926989872858586,0.01639344262295082,3.615463822443737,9,False
Qwen2.5-1.5B-Instruct,GPTQ_8bit,Prompt_01,18,mlp,305,1536,202.00320434570312,"1421,609,1516,1014,1394","3.60937,1.087198,0.374189,0.29741,0.292018",0.02802027028098841,0.0032552083333333335,8.607827030319639,"211,30,244,1,120","4.467795,3.315804,3.276408,2.708885,2.435373",0.0802178641025459,0.01639344262295082,4.8932897102553,1,False
Qwen2.5-1.5B-Instruct,GPTQ_8bit,Prompt_01,19,attn,305,1536,97.2454833984375,"1421,609,868,752,900","3.391766,1.22199,0.293872,0.287872,0.257806",0.05607771772047424,0.0032552083333333335,17.227074883729685,"123,210,124,211,209","1.738599,1.469659,1.461036,1.295796,1.202554",0.07370669872338022,0.01639344262295082,4.496108622126193,123,False
Qwen2.5-1.5B-Instruct,GPTQ_8bit,Prompt_01,19,mlp,305,1536,325.2628479003906,"1421,609,1200,1073,553","6.192962,2.695483,1.381105,0.755574,0.675297",0.03597220343128815,0.0032552083333333335,11.05066089409172,"211,244,30,1,110","7.443873,5.467249,5.101889,4.756579,4.71304",0.08449360249227521,0.01639344262295082,5.154109752028788,1,False
Qwen2.5-1.5B-Instruct,GPTQ_8bit,Prompt_01,20,attn,305,1536,130.40499877929688,"1421,609,927,286,9","17.507076,6.848657,0.21664,0.197497,0.191323",0.1914128693357135,0.0032552083333333335,58.80203345993118,"211,17,16,22,13","4.808846,4.508815,2.758145,2.141406,2.075905",0.1249424307021278,0.01639344262295082,7.621488272829795,13,False
Qwen2.5-1.5B-Instruct,GPTQ_8bit,Prompt_01,20,mlp,305,1536,361.3709411621094,"1421,609,553,1029,939","7.074003,3.298868,0.457828,0.370659,0.354184",0.03197695408221475,0.0032552083333333335,9.823320294056371,"211,12,244,15,110","8.023572,6.409886,5.817944,5.676686,5.668897",0.08743642961902404,0.01639344262295082,5.333622206760466,12,False
Qwen2.5-1.5B-Instruct,GPTQ_8bit,Prompt_01,21,attn,305,1536,86.03582000732422,"1421,609,969,553,1200","3.887009,2.938346,0.415381,0.384195,0.363247",0.09284712172783145,0.0032552083333333335,28.52263579478982,"22,17,13,211,11","2.363538,1.439455,1.43513,1.376046,1.238687",0.0912742530363211,0.01639344262295082,5.567729435215587,11,False
Qwen2.5-1.5B-Instruct,GPTQ_8bit,Prompt_01,21,mlp,305,1536,575.8446655273438,"1421,609,503,1272,1446","6.00388,3.804145,1.169362,0.835358,0.761645",0.021836427710694602,0.0032552083333333335,6.7081505927253815,"211,12,14,19,9","13.327932,11.473325,11.264872,10.597441,10.321844",0.09895969522522272,0.01639344262295082,6.036541408738585,9,False
Qwen2.5-1.5B-Instruct,GPTQ_8bit,Prompt_01,22,attn,305,1536,135.89907836914062,"609,1421,752,580,901","5.996707,4.523436,0.417457,0.415351,0.383796",0.08636369671429672,0.0032552083333333335,26.53092763063195,"212,10,15,211,16","3.10287,2.972845,2.856815,2.447326,2.326768",0.10085884463348455,0.01639344262295082,6.152389522642557,10,False
Qwen2.5-1.5B-Instruct,GPTQ_8bit,Prompt_01,22,mlp,305,1536,762.8018188476562,"609,1421,553,1073,1200","13.793504,10.60398,1.542892,1.264007,1.169875",0.0371974204146428,0.0032552083333333335,11.427047551378267,"14,19,211,18,9","22.925566,20.735291,19.101578,18.841991,18.612856",0.13138050104238805,0.01639344262295082,8.01421056358567,9,False
Qwen2.5-1.5B-Instruct,GPTQ_8bit,Prompt_01,23,attn,305,1536,172.2877197265625,"609,1421,1525,1418,987","7.510378,6.181264,0.599549,0.404635,0.399698",0.0876181179107555,0.0032552083333333335,26.916285822184086,"123,210,124,122,212","13.44632,6.603685,6.065058,3.433229,3.287969",0.19058966005635616,0.01639344262295082,11.625969263437725,122,False
Qwen2.5-1.5B-Instruct,GPTQ_8bit,Prompt_01,23,mlp,305,1536,933.2269287109375,"609,1421,553,611,1158","11.907127,9.32541,1.236276,1.200007,1.17682",0.026623366006125575,0.0032552083333333335,8.178698037081777,"19,14,18,20,9","38.15263,30.461363,30.298237,28.667717,27.492878",0.16616838859933852,0.01639344262295082,10.136271704559649,9,False
Qwen2.5-1.5B-Instruct,GPTQ_8bit,Prompt_01,24,attn,305,1536,210.60906982421875,"609,1421,507,1209,46","4.528232,3.862192,0.463285,0.402395,0.390216",0.04580201769595542,0.0032552083333333335,14.070379836197503,"15,210,124,211,111","6.974193,6.720926,4.885901,4.326596,3.798533",0.1268043501760119,0.01639344262295082,7.735065360736726,15,False
Qwen2.5-1.5B-Instruct,GPTQ_8bit,Prompt_01,24,mlp,305,1536,1304.0794677734375,"609,1421,659,1290,280","22.077797,20.385323,1.933001,1.668183,1.623327",0.03656804258702526,0.0032552083333333335,11.233702682734158,"19,9,31,18,20","74.975586,56.156876,50.972149,50.706238,47.314812",0.21480720946017226,0.01639344262295082,13.103239777070508,9,False
Qwen2.5-1.5B-Instruct,GPTQ_8bit,Prompt_01,25,attn,305,1536,316.0852355957031,"1421,609,553,1087,285","18.066732,17.719591,1.449269,1.061836,0.913128",0.12405057754873024,0.0032552083333333335,38.108337422969925,"22,12,18,16,244","8.013873,7.230915,6.200339,5.97898,5.846673",0.10525888244448627,0.01639344262295082,6.420791829113662,12,False
Qwen2.5-1.5B-Instruct,GPTQ_8bit,Prompt_01,25,mlp,305,1536,1889.311279296875,"609,1421,553,100,529","21.578552,19.067358,3.179855,2.815335,2.777124",0.02615674022393401,0.0032552083333333335,8.035350596792528,"19,10,20,9,18","151.217529,103.304672,85.41021,82.290398,75.1651",0.26326415604644704,0.01639344262295082,16.059113518833268,9,False
Qwen2.5-1.5B-Instruct,GPTQ_8bit,Prompt_01,26,attn,305,1536,221.87911987304688,"1421,609,1222,520,1073","26.513874,23.626583,0.381825,0.370686,0.362982",0.23100844710877536,0.0032552083333333335,70.96579495181578,"285,17,284,210,124","5.0062,3.933562,3.879831,3.869886,3.825712",0.092461120467751,0.01639344262295082,5.64012834853281,17,False
Qwen2.5-1.5B-Instruct,GPTQ_8bit,Prompt_01,26,mlp,305,1536,3170.44287109375,"609,940,408,520,1421","161.962814,146.002945,68.508476,67.139076,61.720448",0.15938901639240746,0.0032552083333333335,48.96430583574757,"0,19,10,9,20","444.036011,313.728333,243.153259,145.429367,129.507462",0.40242149819184064,0.01639344262295082,24.54771138970228,0,True
Qwen2.5-1.5B-Instruct,GPTQ_8bit,Prompt_01,27,attn,305,1536,1439.582275390625,"113,609,1421,793,900","84.667953,65.259125,64.196442,51.403385,51.325176",0.22010001561935844,0.0032552083333333335,67.6147247982669,"1,210,209,208,167","69.700691,59.698769,53.229633,48.529099,45.506725",0.19218416461616655,0.01639344262295082,11.72323404158616,1,False
Qwen2.5-1.5B-Instruct,GPTQ_8bit,Prompt_01,27,mlp,305,1536,10690.0009765625,"1424,1421,609,503,940","728.588989,672.401489,664.46051,553.721497,405.47757",0.28294196688804824,0.0032552083333333335,86.91977222800841,"0,19,10,12,29","4335.87207,442.606232,364.389648,333.693665,266.958984",0.5372797447527128,0.01639344262295082,32.77406442991548,0,True
Qwen2.5-1.5B-Instruct,GPTQ_8bit,Prompt_02,0,attn,284,1536,19.02149200439453,"1421,1288,609,1340,319","0.26803,0.204804,0.196079,0.163559,0.141922",0.051225982653714024,0.0032552083333333335,15.736621871220947,"98,221,70,158,192","7.959592,0.365067,0.245492,0.244039,0.233473",0.4756547849437567,0.017605633802816902,27.017191784805377,70,False
Qwen2.5-1.5B-Instruct,GPTQ_8bit,Prompt_02,0,mlp,284,1536,52.75092315673828,"1421,605,618,711,421","0.526932,0.262126,0.246574,0.230177,0.214758",0.028067111174170028,0.0032552083333333335,8.622216552705032,"98,1,2,221,51","25.087208,1.268673,0.761941,0.730069,0.540963",0.5381678550235032,0.017605633802816902,30.56793416533498,1,False
Qwen2.5-1.5B-Instruct,GPTQ_8bit,Prompt_02,1,attn,284,1536,9.11550521850586,"1424,1360,1421,1283,1073","0.107534,0.087782,0.049215,0.046828,0.042465",0.036621610929767845,0.0032552083333333335,11.250158877624681,"98,99,1,2,3","0.813456,0.273897,0.115246,0.114472,0.083782",0.1536780860613289,0.017605633802816902,8.728915288283481,1,False
Qwen2.5-1.5B-Instruct,GPTQ_8bit,Prompt_02,1,mlp,284,1536,805.403564453125,"940,408,609,520,286","256.043915,196.084885,121.408821,64.036163,25.042337",0.8227131317914005,0.0032552083333333335,252.73747408631823,"0,98,1,79,97","747.609802,18.310802,15.635607,0.739691,0.660733",0.9721295491602892,0.017605633802816902,55.21695839230442,0,True
Qwen2.5-1.5B-Instruct,GPTQ_8bit,Prompt_02,2,attn,284,1536,18.170991897583008,"1421,356,580,865,507","0.162387,0.105072,0.067185,0.063432,0.060038",0.025211263806135784,0.0032552083333333335,7.744900241244912,"98,99,1,80,59","5.047954,0.662796,0.316793,0.172459,0.158347",0.3499175696687451,0.017605633802816902,19.87531795718472,1,False
Qwen2.5-1.5B-Instruct,GPTQ_8bit,Prompt_02,2,mlp,284,1536,459.79620361328125,"408,940,520,286,1421","144.196075,144.055817,36.084774,20.271347,5.580286",0.7616163219815589,0.0032552083333333335,233.9685341127349,"0,98,1,99,211","375.387939,43.260727,3.552839,1.074644,0.819804",0.9223562817946608,0.017605633802816902,52.38983680593673,0,True
Qwen2.5-1.5B-Instruct,GPTQ_8bit,Prompt_02,3,attn,284,1536,22.965547561645508,"1421,609,580,356,1424","1.068239,0.335267,0.261964,0.119784,0.101647",0.08216225348636164,0.0032552083333333335,25.240244271010294,"98,99,1,211,100","4.61781,1.399539,0.61324,0.31181,0.258597",0.31355646551684757,0.017605633802816902,17.810007241356942,1,False
Qwen2.5-1.5B-Instruct,GPTQ_8bit,Prompt_02,3,mlp,284,1536,100.01512145996094,"1421,609,520,408,865","8.370163,2.723927,1.174383,0.88936,0.367508",0.1352329516059812,0.0032552083333333335,41.543562733357426,"98,0,1,99,211","48.174026,3.755014,3.044617,2.675044,0.957147",0.5859698568530057,0.017605633802816902,33.28308786925072,0,True
Qwen2.5-1.5B-Instruct,GPTQ_8bit,Prompt_02,4,attn,284,1536,18.275676727294922,"1421,580,1395,865,33","0.191572,0.09092,0.080035,0.067487,0.056603",0.026626514159569296,0.0032552083333333335,8.179665149819687,"98,99,212,1,80","3.054791,0.779965,0.218382,0.170712,0.150211",0.23933782021136502,0.017605633802816902,13.594388188005532,1,False
Qwen2.5-1.5B-Instruct,GPTQ_8bit,Prompt_02,4,mlp,284,1536,103.31529235839844,"1421,304,408,440,1156","1.085923,0.30187,0.257473,0.253034,0.248223",0.02077642595760575,0.0032552083333333335,6.382518054176486,"98,1,99,158,159","34.233994,3.991485,3.004829,1.28853,1.190681",0.42306920335655485,0.017605633802816902,24.030330750652315,1,False
Qwen2.5-1.5B-Instruct,GPTQ_8bit,Prompt_02,5,attn,284,1536,23.1611385345459,"1421,609,865,156,961","1.597016,0.274614,0.059931,0.045759,0.045389",0.08733200448616651,0.0032552083333333335,26.82839177815035,"98,99,100,105,125","1.793425,0.62695,0.326217,0.275032,0.264688",0.14188907748239393,0.017605633802816902,8.059299600999974,98,False
Qwen2.5-1.5B-Instruct,GPTQ_8bit,Prompt_02,5,mlp,284,1536,94.8485107421875,"1421,609,739,241,804","3.565141,0.573748,0.279736,0.250776,0.22737",0.05162729355990162,0.0032552083333333335,15.859904581601779,"98,1,158,192,99","24.759113,5.248464,2.417275,1.669277,1.490515",0.37517346386546185,0.017605633802816902,21.30985274755823,1,False
Qwen2.5-1.5B-Instruct,GPTQ_8bit,Prompt_02,6,attn,284,1536,14.506465911865234,"1421,609,356,1395,580","0.767278,0.106989,0.055414,0.049896,0.049423",0.07093392194611157,0.0032552083333333335,21.790900821845476,"98,2,99,154,3","1.480129,0.217318,0.211281,0.186007,0.164759",0.15575772072716218,0.017605633802816902,8.847038537302812,2,False
Qwen2.5-1.5B-Instruct,GPTQ_8bit,Prompt_02,6,mlp,284,1536,106.38365173339844,"1421,1499,903,19,684","0.73206,0.247718,0.2302,0.206381,0.198883",0.015183174305815625,0.0032552083333333335,4.66427114674656,"98,1,99,158,192","24.224352,4.380965,2.071596,1.758453,1.181397",0.3159955473060011,0.017605633802816902,17.948547086980863,1,False
Qwen2.5-1.5B-Instruct,GPTQ_8bit,Prompt_02,7,attn,284,1536,18.10637092590332,"1421,609,752,356,1395","0.863459,0.149982,0.086666,0.069403,0.068044",0.06834905587334099,0.0032552083333333335,20.996829964290352,"98,99,1,2,100","1.956276,0.866264,0.449895,0.26357,0.231042",0.2080509089215969,0.017605633802816902,11.817291626746703,1,False
Qwen2.5-1.5B-Instruct,GPTQ_8bit,Prompt_02,7,mlp,284,1536,106.58184814453125,"1421,609,1395,833,848","1.798241,0.374594,0.244338,0.218592,0.188661",0.02650006753808332,0.0032552083333333335,8.140820747699195,"98,1,99,158,2","20.048584,5.662389,2.528737,1.720749,1.470214",0.2948970593625035,0.017605633802816902,16.750152971790197,1,False
Qwen2.5-1.5B-Instruct,GPTQ_8bit,Prompt_02,8,attn,284,1536,18.534770965576172,"1421,865,609,1137,901","0.408813,0.067317,0.048556,0.030008,0.029873",0.031538971133488476,0.0032552083333333335,9.68877193220766,"98,99,2,244,125","1.231018,0.440051,0.269696,0.223441,0.186247",0.1268131355634821,0.017605633802816902,7.202986100005782,2,False
Qwen2.5-1.5B-Instruct,GPTQ_8bit,Prompt_02,8,mlp,284,1536,103.64671325683594,"1421,609,225,912,840","1.321636,0.253011,0.185564,0.179421,0.165516",0.020310803988492755,0.0032552083333333335,6.239478985264974,"98,1,99,2,158","14.889212,3.658522,2.021202,1.457389,1.240763",0.22448457076246753,0.017605633802816902,12.750723619308156,1,False
Qwen2.5-1.5B-Instruct,GPTQ_8bit,Prompt_02,9,attn,284,1536,17.337827682495117,"1421,609,865,1360,253","1.393419,0.129436,0.060359,0.05077,0.050172",0.09713764223711402,0.0032552083333333335,29.840683695241424,"98,99,2,147,19","0.9446,0.408594,0.314468,0.163636,0.155492",0.11459278395030151,0.017605633802816902,6.508870128377126,2,False
Qwen2.5-1.5B-Instruct,GPTQ_8bit,Prompt_02,9,mlp,284,1536,98.2025375366211,"1421,609,1170,151,1067","3.274385,0.299704,0.151962,0.136237,0.13538",0.04070839360489909,0.0032552083333333335,12.505618515425,"98,1,2,99,181","10.921347,2.862975,1.51017,1.246634,1.036837",0.17899701381405253,0.017605633802816902,10.167030384638183,1,False
Qwen2.5-1.5B-Instruct,GPTQ_8bit,Prompt_02,10,attn,284,1536,27.889511108398438,"1421,609,353,752,448","2.221897,0.219394,0.051533,0.039731,0.039713",0.09223065973398141,0.0032552083333333335,28.333258670279086,"98,103,2,149,81","1.972209,0.326026,0.289785,0.279689,0.272393",0.11259077504134826,0.017605633802816902,6.395156022348581,2,False
Qwen2.5-1.5B-Instruct,GPTQ_8bit,Prompt_02,10,mlp,284,1536,87.88312530517578,"1421,609,408,865,1395","3.617764,0.371296,0.210174,0.130057,0.126616",0.05070266629522294,0.0032552083333333335,15.575859085892485,"98,1,2,181,99","7.098821,2.546009,0.913393,0.873876,0.856931",0.13983378529608906,0.017605633802816902,7.942559004817858,1,False
Qwen2.5-1.5B-Instruct,GPTQ_8bit,Prompt_02,11,attn,284,1536,30.435426712036133,"1421,609,865,1505,901","3.651726,0.379611,0.0525,0.049152,0.048841",0.13740010687520135,0.0032552083333333335,42.209312832061855,"98,81,171,42,99","1.502926,0.342065,0.299194,0.279105,0.27205",0.08855929452340108,0.017605633802816902,5.030167928929181,42,False
Qwen2.5-1.5B-Instruct,GPTQ_8bit,Prompt_02,11,mlp,284,1536,78.33695220947266,"1421,609,408,703,855","3.083252,0.366015,0.114889,0.114414,0.095913",0.04818265382754073,0.0032552083333333335,14.80171125582051,"98,1,21,2,101","5.432321,2.084791,1.231525,0.888284,0.689799",0.1318243688680154,0.017605633802816902,7.487624151703275,1,False
Qwen2.5-1.5B-Instruct,GPTQ_8bit,Prompt_02,12,attn,284,1536,19.46363067626953,"1421,609,190,1290,1295","1.81137,0.26041,0.031365,0.029079,0.028683",0.1110227763150313,0.0032552083333333335,34.10619688397761,"98,21,80,76,283","1.038857,0.364643,0.281119,0.240227,0.239234",0.11118584086232923,0.017605633802816902,6.3153557609803,21,False
Qwen2.5-1.5B-Instruct,GPTQ_8bit,Prompt_02,12,mlp,284,1536,78.831298828125,"1421,609,901,381,865","4.227089,0.452616,0.117893,0.1139,0.109068",0.06368747009458242,0.0032552083333333335,19.56479081305572,"98,1,21,101,146","6.046583,1.513657,1.435001,0.911723,0.778204",0.1355447566995878,0.017605633802816902,7.698942180536586,1,False
Qwen2.5-1.5B-Instruct,GPTQ_8bit,Prompt_02,13,attn,284,1536,23.344390869140625,"1421,580,865,609,1283","0.819315,0.22547,0.161513,0.137716,0.078531",0.060937365187090906,0.0032552083333333335,18.719958585474327,"98,21,2,146,99","0.625608,0.314519,0.265423,0.248974,0.23665",0.0724445916900996,0.017605633802816902,4.114852807997657,2,False
Qwen2.5-1.5B-Instruct,GPTQ_8bit,Prompt_02,13,mlp,284,1536,70.49312591552734,"1421,609,1337,659,444","2.253509,0.29659,0.101812,0.082599,0.080549",0.03993380110772295,0.0032552083333333335,12.267663700292488,"98,21,1,101,81","4.49505,1.66255,1.636016,0.905829,0.874087",0.13580801002199752,0.017605633802816902,7.713894969249459,1,False
Qwen2.5-1.5B-Instruct,GPTQ_8bit,Prompt_02,14,attn,284,1536,20.404312133789062,"1421,609,1283,868,865","1.111759,0.177508,0.049923,0.046102,0.045402",0.07011723672186339,0.0032552083333333335,21.540015120956433,"98,77,283,146,97","0.555986,0.509247,0.436032,0.381771,0.32349",0.10814020602116187,0.017605633802816902,6.142363702001994,77,False
Qwen2.5-1.5B-Instruct,GPTQ_8bit,Prompt_02,14,mlp,284,1536,85.34638214111328,"1421,609,1496,752,1290","2.434284,0.381913,0.134263,0.11721,0.116957",0.037314147982201076,0.0032552083333333335,11.46290626013217,"98,21,1,81,42","5.000591,2.101812,1.636598,1.276272,1.267087",0.13219495364108286,0.017605633802816902,7.508673366813506,1,False
Qwen2.5-1.5B-Instruct,GPTQ_8bit,Prompt_02,15,attn,284,1536,37.65321731567383,"1421,609,113,865,1424","4.046961,0.57692,0.107368,0.102802,0.092513",0.13084047113817698,0.0032552083333333335,40.19419273364797,"98,21,177,81,101","1.149959,0.557537,0.512373,0.369839,0.3581",0.07828832493378039,0.017605633802816902,4.446776856238726,21,False
Qwen2.5-1.5B-Instruct,GPTQ_8bit,Prompt_02,15,mlp,284,1536,75.30057525634766,"1421,609,113,865,752","3.055511,0.550658,0.197205,0.142282,0.141461",0.05427735747756514,0.0032552083333333335,16.67400421710801,"98,21,1,42,81","3.220301,1.940494,1.543856,1.025486,0.921258",0.11489148409030095,0.017605633802816902,6.525836296329094,1,False
Qwen2.5-1.5B-Instruct,GPTQ_8bit,Prompt_02,16,attn,284,1536,28.736480712890625,"1421,609,1105,403,356","1.534075,0.265093,0.063161,0.050346,0.04761",0.06821590601659663,0.0032552083333333335,20.955926328298485,"98,101,146,145,150","0.936038,0.474476,0.47083,0.414328,0.365762",0.09261520761185042,0.017605633802816902,5.260543792353103,98,False
Qwen2.5-1.5B-Instruct,GPTQ_8bit,Prompt_02,16,mlp,284,1536,95.27435302734375,"1421,609,287,503,901","2.723852,0.627633,0.12685,0.122677,0.112712",0.038979268766315925,0.0032552083333333335,11.974431365012252,"98,21,1,101,146","3.743634,2.547082,2.002367,1.591885,1.392312",0.11836637558256859,0.017605633802816902,6.7232101330898955,1,False
Qwen2.5-1.5B-Instruct,GPTQ_8bit,Prompt_02,17,attn,284,1536,31.858707427978516,"1421,609,170,580,253","1.135268,0.219865,0.07294,0.070212,0.050813",0.04862398834877614,0.0032552083333333335,14.937289220744029,"98,283,101,80,1","0.724957,0.518377,0.48241,0.476602,0.458165",0.08350968991575115,0.017605633802816902,4.743350387214665,1,False
Qwen2.5-1.5B-Instruct,GPTQ_8bit,Prompt_02,17,mlp,284,1536,123.75819396972656,"1421,609,1408,408,503","2.357112,0.567437,0.161366,0.142426,0.139812",0.027215602478208503,0.0032552083333333335,8.360633081305652,"98,21,1,101,146","4.79224,2.772816,1.883438,1.747165,1.508495",0.1026530256576041,0.017605633802816902,5.830691857351913,1,False
Qwen2.5-1.5B-Instruct,GPTQ_8bit,Prompt_02,18,attn,284,1536,41.01579666137695,"1421,609,934,1394,900","1.968232,0.480912,0.171289,0.124033,0.099423",0.06933643785903054,0.0032552083333333335,21.300153710294182,"22,98,78,101,146","0.598894,0.540494,0.494362,0.459829,0.443885",0.06186551604834243,0.017605633802816902,3.5139613115458497,22,False
Qwen2.5-1.5B-Instruct,GPTQ_8bit,Prompt_02,18,mlp,284,1536,146.6995849609375,"1421,609,356,154,113","2.572025,0.878853,0.178501,0.176021,0.173953",0.027125860480602247,0.0032552083333333335,8.33306433964101,"98,21,1,15,16","5.30283,2.930845,2.840427,2.560891,2.029711",0.10678082949799586,0.017605633802816902,6.065151115486165,1,False
Qwen2.5-1.5B-Instruct,GPTQ_8bit,Prompt_02,19,attn,284,1536,59.2335319519043,"1421,609,356,553,742","2.015815,0.677092,0.184654,0.136848,0.131379",0.05310821247685187,0.0032552083333333335,16.314842872888896,"79,96,78,95,97","1.466443,1.395299,1.382249,1.094778,1.088029",0.10849933489892105,0.017605633802816902,6.162762222258715,78,False
Qwen2.5-1.5B-Instruct,GPTQ_8bit,Prompt_02,19,mlp,284,1536,226.56556701660156,"1421,609,223,1073,1200","5.567377,2.219416,0.440087,0.426068,0.407081",0.03998855652614078,0.0032552083333333335,12.284484564830446,"98,21,1,15,78","8.028404,5.434094,4.933613,4.464033,3.162494",0.11485698671509094,0.017605633802816902,6.523876845417165,1,False
Qwen2.5-1.5B-Instruct,GPTQ_8bit,Prompt_02,20,attn,284,1536,79.16813659667969,"1421,609,1471,426,1123","5.543905,2.179808,0.150817,0.134711,0.134651",0.10286829632005316,0.0032552083333333335,31.60114062952033,"98,78,79,96,80","3.455266,1.946419,1.402904,1.217017,1.17954",0.11622284572224419,0.017605633802816902,6.601457637023469,78,False
Qwen2.5-1.5B-Instruct,GPTQ_8bit,Prompt_02,20,mlp,284,1536,232.10975646972656,"1421,609,939,722,553","4.805928,2.171155,0.265088,0.25269,0.25191",0.03337546210789239,0.0032552083333333335,10.252941959544541,"98,15,16,19,80","7.507989,5.576241,4.914851,4.625403,4.413941",0.1164898190814937,0.017605633802816902,6.616621723828842,15,False
Qwen2.5-1.5B-Instruct,GPTQ_8bit,Prompt_02,21,attn,284,1536,56.020774841308594,"1421,609,829,553,503","0.815053,0.504428,0.301948,0.229502,0.192322",0.036473128955003944,0.0032552083333333335,11.20454521497721,"79,80,78,8,22","1.23534,1.210842,1.135577,0.967998,0.864058",0.09663940850539068,0.017605633802816902,5.489118403106191,8,False
Qwen2.5-1.5B-Instruct,GPTQ_8bit,Prompt_02,21,mlp,284,1536,360.76092529296875,"1421,609,503,1446,1360","2.908623,2.011186,0.641623,0.453409,0.422127",0.017842752356021032,0.0032552083333333335,5.4812935237696605,"98,15,16,19,78","10.853867,9.634699,9.015122,7.862164,7.161287",0.1234256113524152,0.017605633802816902,7.010574724817183,15,False
Qwen2.5-1.5B-Instruct,GPTQ_8bit,Prompt_02,22,attn,284,1536,77.87042236328125,"609,1421,868,901,742","2.244834,2.002562,0.24761,0.223518,0.219724",0.0634162118806674,0.0032552083333333335,19.481460289741026,"21,97,79,22,78","2.218942,1.981495,1.952076,1.769952,1.65532",0.12299642526545486,0.017605633802816902,6.986196955077836,21,False
Qwen2.5-1.5B-Instruct,GPTQ_8bit,Prompt_02,22,mlp,284,1536,482.1553039550781,"609,1421,1073,1105,584","5.897029,4.711897,0.936039,0.677591,0.550302",0.02649116905121852,0.0032552083333333335,8.138087132534329,"15,16,98,22,21","19.276722,13.177046,12.873835,12.618881,11.892756",0.14484801982877052,0.017605633802816902,8.227367526274165,15,False
Qwen2.5-1.5B-Instruct,GPTQ_8bit,Prompt_02,23,attn,284,1536,115.37315368652344,"609,1421,1525,73,1418","3.664824,2.722151,0.326934,0.308718,0.278738",0.06328477803148883,0.0032552083333333335,19.441083811273366,"79,78,97,77,103","7.197666,7.195639,5.404284,3.932679,1.708588",0.22049200545688158,0.017605633802816902,12.523945909950873,77,False
Qwen2.5-1.5B-Instruct,GPTQ_8bit,Prompt_02,23,mlp,284,1536,669.3400268554688,"1421,609,1272,503,1265","7.489554,7.277771,0.870412,0.837802,0.776587",0.025774831926271242,0.0032552083333333335,7.918028367750525,"21,15,16,22,17","30.615845,19.960991,19.513985,17.720018,15.534318",0.15439858616270855,0.017605633802816902,8.769839694041845,15,False
Qwen2.5-1.5B-Instruct,GPTQ_8bit,Prompt_02,24,attn,284,1536,128.52713012695312,"609,1421,623,553,1248","3.23449,3.022517,0.357347,0.337235,0.331684",0.05666721604520112,0.0032552083333333335,17.408168769085783,"97,79,96,21,17","6.206205,5.870361,2.937352,2.504424,2.095637",0.1526057519546716,0.017605633802816902,8.668006711025347,17,False
Qwen2.5-1.5B-Instruct,GPTQ_8bit,Prompt_02,24,mlp,284,1536,1003.9635009765625,"1421,609,507,1290,1000","12.014121,11.167604,1.396718,1.36624,1.287258",0.027124431604642195,0.0032552083333333335,8.332625388946083,"21,16,22,98,15","57.972458,32.309307,29.849903,25.82477,24.633862",0.1699168359683768,0.017605633802816902,9.651276283003803,15,False
Qwen2.5-1.5B-Instruct,GPTQ_8bit,Prompt_02,25,attn,284,1536,202.42535400390625,"609,1421,711,285,612","11.01735,10.88552,0.819983,0.748687,0.722361",0.11952012181682278,0.0032552083333333335,36.71658142212796,"98,216,78,13,101","7.560118,6.165212,5.710476,5.087578,4.109695",0.14145006523370612,0.017605633802816902,8.034363705274508,13,False
Qwen2.5-1.5B-Instruct,GPTQ_8bit,Prompt_02,25,mlp,284,1536,1437.9212646484375,"609,1421,553,503,1420","23.704884,21.249502,2.204003,1.919306,1.909065",0.035458655925475646,0.0032552083333333335,10.892899100306119,"21,98,16,20,13","81.602127,61.675648,57.245552,38.755848,37.565155",0.19253093798683826,0.017605633802816902,10.935757277652414,13,False
Qwen2.5-1.5B-Instruct,GPTQ_8bit,Prompt_02,26,attn,284,1536,157.3856964111328,"1421,609,1258,930,1073","14.763743,13.426888,0.264683,0.257967,0.2424",0.1839791131433451,0.0032552083333333335,56.518383557635616,"98,170,79,97,96","6.846605,4.775255,4.64182,3.818596,3.578827",0.15033832701742383,0.017605633802816902,8.539216974589673,79,False
Qwen2.5-1.5B-Instruct,GPTQ_8bit,Prompt_02,26,mlp,284,1536,2185.330810546875,"609,940,408,520,1421","149.628372,145.784332,66.185081,65.328278,46.867176",0.2168061883910552,0.0032552083333333335,66.60286107373216,"0,16,21,18,98","443.369873,79.059792,68.297501,52.650753,50.21188",0.31738434262100307,0.017605633802816902,18.027430660872973,0,True
Qwen2.5-1.5B-Instruct,GPTQ_8bit,Prompt_02,27,attn,284,1536,1674.466552734375,"113,752,609,900,793","86.48259,76.073715,75.50972,49.219227,48.097721",0.20029244242460031,0.0032552083333333335,61.529838312837214,"97,95,13,283,96","221.16095,129.718109,120.732224,115.931519,105.591736",0.4139434856745859,0.017605633802816902,23.51198998631648,13,False
Qwen2.5-1.5B-Instruct,GPTQ_8bit,Prompt_02,27,mlp,284,1536,12593.384765625,"1424,940,1421,503,553","1697.613037,1026.048706,718.396912,499.015747,449.137451",0.34861254505985206,0.0032552083333333335,107.09377384238655,"0,97,98,21,96","8996.267578,166.057968,110.331497,95.808975,88.533623",0.7509496630873135,0.017605633802816902,42.6539408633594,0,True
Qwen2.5-1.5B-Instruct,GPTQ_8bit,Prompt_03,0,attn,177,1536,16.79886245727539,"1421,1288,609,1340,319","0.196821,0.165086,0.153527,0.141228,0.116503",0.04602480635126521,0.0032552083333333335,14.138820511108673,"93,65,28,74,12","6.465657,0.88525,0.287539,0.194174,0.172151",0.47650685636079126,0.02824858757062147,16.868342715172012,12,False
Qwen2.5-1.5B-Instruct,GPTQ_8bit,Prompt_03,0,mlp,177,1536,43.10430145263672,"1421,605,618,609,711","0.436122,0.226762,0.200825,0.189672,0.179491",0.02860206447451727,0.0032552083333333335,8.786554206571704,"93,65,1,2,80","20.870758,1.72469,1.230521,0.668536,0.587748",0.5818967401664529,0.02824858757062147,20.599144601892434,1,False
Qwen2.5-1.5B-Instruct,GPTQ_8bit,Prompt_03,1,attn,177,1536,7.457552433013916,"1421,1283,507,865,520","0.061556,0.037693,0.036829,0.030954,0.030875",0.0265378973218085,0.0032552083333333335,8.152442057259572,"93,94,1,66,2","0.741634,0.269553,0.125094,0.12301,0.111399",0.1837988433351422,0.02824858757062147,6.506479054064034,1,False
Qwen2.5-1.5B-Instruct,GPTQ_8bit,Prompt_03,1,mlp,177,1536,615.0828247070312,"940,408,520,286,713","256.033264,144.058319,64.019905,25.036987,12.355701",0.8153441467774254,0.0032552083333333335,250.47372189002508,"0,93,1,65,92","567.539124,15.535799,14.730184,0.831504,0.546282",0.9741498823569338,0.02824858757062147,34.484905835435455,0,True
Qwen2.5-1.5B-Instruct,GPTQ_8bit,Prompt_03,2,attn,177,1536,13.830188751220703,"356,1421,580,507,868","0.091098,0.081408,0.076243,0.065358,0.049689",0.026304532635627462,0.0032552083333333335,8.080752425664755,"93,94,1,176,65","4.182058,0.47424,0.304108,0.239866,0.155066",0.3872208971946222,0.02824858757062147,13.707619760689626,1,False
Qwen2.5-1.5B-Instruct,GPTQ_8bit,Prompt_03,2,mlp,177,1536,452.70831298828125,"940,408,520,286,969","144.046204,100.264191,64.071556,16.021273,7.649457",0.733480397450619,0.0032552083333333335,225.32517809683014,"0,93,1,94,65","368.474365,52.318157,3.503514,1.057353,0.769277",0.941274188966605,0.02824858757062147,33.32110628941781,0,True
Qwen2.5-1.5B-Instruct,GPTQ_8bit,Prompt_03,3,attn,177,1536,17.78594207763672,"1421,609,1360,865,356","0.736778,0.238835,0.08465,0.072357,0.061634",0.06714594685486988,0.0032552083333333335,20.627234873816025,"93,94,1,53,77","3.679353,1.919165,0.63237,0.189168,0.18801",0.3715330667511997,0.02824858757062147,13.152270562992468,1,False
Qwen2.5-1.5B-Instruct,GPTQ_8bit,Prompt_03,3,mlp,177,1536,126.67166900634766,"1421,609,520,940,408","19.256245,5.187918,1.201342,1.065583,1.008581",0.21883083764613,0.0032552083333333335,67.22483332489114,"93,0,1,94,2","85.097031,4.33586,3.064426,2.881516,0.792141",0.7592145543343719,0.02824858757062147,26.876195223436767,0,True
Qwen2.5-1.5B-Instruct,GPTQ_8bit,Prompt_03,4,attn,177,1536,18.634206771850586,"1421,1395,580,1424,865","0.155422,0.087059,0.069701,0.069144,0.067837",0.02410426638621426,0.0032552083333333335,7.4048306338450205,"93,94,97,13,1","3.875539,2.25228,0.216915,0.197748,0.188296",0.3612054618718238,0.02824858757062147,12.786673350262562,1,False
Qwen2.5-1.5B-Instruct,GPTQ_8bit,Prompt_03,4,mlp,177,1536,101.68115997314453,"1421,408,609,213,440","3.155395,1.005129,0.456858,0.373901,0.319918",0.05223387125153432,0.0032552083333333335,16.046245248471344,"93,94,1,2,0","45.094265,5.097498,3.822331,1.034619,0.95607",0.5507882054567707,0.02824858757062147,19.49790247316968,0,True
Qwen2.5-1.5B-Instruct,GPTQ_8bit,Prompt_03,5,attn,177,1536,23.108564376831055,"1421,609,33,113,156","2.248357,0.381837,0.073454,0.059416,0.051966",0.12181761065104552,0.0032552083333333335,37.42236999200118,"93,94,28,1,77","4.658639,2.015369,0.248382,0.224737,0.223494",0.3189562985332147,0.02824858757062147,11.291052968075801,1,False
Qwen2.5-1.5B-Instruct,GPTQ_8bit,Prompt_03,5,mlp,177,1536,80.03937530517578,"1421,609,241,720,739","3.660028,0.557684,0.223844,0.219679,0.212348",0.06088981606095404,0.0032552083333333335,18.70535149392508,"93,1,94,2,166","29.214472,5.114597,3.494174,1.003765,0.722373",0.49412406212953086,0.02824858757062147,17.491991799385392,1,False
Qwen2.5-1.5B-Instruct,GPTQ_8bit,Prompt_03,6,attn,177,1536,12.791426658630371,"1421,580,609,356,507","0.545522,0.116795,0.100728,0.10011,0.071633",0.07307921760159693,0.0032552083333333335,22.449935647210577,"93,94,95,1,3","1.848005,0.283858,0.281723,0.172563,0.166117",0.21516489158141155,0.02824858757062147,7.6168371619819695,1,False
Qwen2.5-1.5B-Instruct,GPTQ_8bit,Prompt_03,6,mlp,177,1536,94.27264404296875,"1421,604,19,838,1499","1.056834,0.249332,0.231702,0.225412,0.221182",0.021050232432247826,0.0032552083333333335,6.466631403186532,"93,1,94,2,99","28.189573,4.268274,3.58379,1.102417,1.042158",0.4050614558939972,0.02824858757062147,14.339175538647503,1,False
Qwen2.5-1.5B-Instruct,GPTQ_8bit,Prompt_03,7,attn,177,1536,17.32803726196289,"1421,609,752,113,865","0.684169,0.107268,0.084507,0.075193,0.069591",0.05890613108678792,0.0032552083333333335,18.095963469861246,"93,94,1,2,99","2.464786,1.167175,0.387044,0.245639,0.218987",0.2587500861321039,0.02824858757062147,9.159753049076476,1,False
Qwen2.5-1.5B-Instruct,GPTQ_8bit,Prompt_03,7,mlp,177,1536,91.3380126953125,"1421,609,815,833,848","1.591221,0.304926,0.204456,0.1977,0.194448",0.027291502462107795,0.0032552083333333335,8.383949556359514,"93,1,94,2,99","23.295433,5.456321,3.619173,1.462723,1.433348",0.3861152355992254,0.02824858757062147,13.66847934021258,1,False
Qwen2.5-1.5B-Instruct,GPTQ_8bit,Prompt_03,8,attn,177,1536,16.116031646728516,"1421,865,609,253,1395","0.459975,0.054358,0.053318,0.035001,0.032049",0.03938317021408041,0.0032552083333333335,12.0985098897655,"93,94,41,99,2","1.281341,0.484001,0.357039,0.308613,0.273868",0.16783670448297058,0.02824858757062147,5.941419338697159,2,False
Qwen2.5-1.5B-Instruct,GPTQ_8bit,Prompt_03,8,mlp,177,1536,87.11336517333984,"1421,55,225,609,387","1.61461,0.258021,0.242485,0.20319,0.197829",0.028883446955335828,0.0032552083333333335,8.872994904679166,"93,1,94,99,2","19.812435,3.570567,2.74118,2.00913,1.426377",0.33932437932224063,0.02824858757062147,12.012083028007318,1,False
Qwen2.5-1.5B-Instruct,GPTQ_8bit,Prompt_03,9,attn,177,1536,16.957487106323242,"1421,609,865,752,113","1.049925,0.11134,0.069234,0.062146,0.058674",0.07968863936961784,0.0032552083333333335,24.480350014346598,"93,94,99,2,97","1.166766,1.09848,0.51929,0.310231,0.283",0.19919030837826934,0.02824858757062147,7.051336916590735,2,False
Qwen2.5-1.5B-Instruct,GPTQ_8bit,Prompt_03,9,mlp,177,1536,82.66893768310547,"1421,609,1242,1170,1100","2.437355,0.23713,0.192457,0.191349,0.180717",0.03918046853131945,0.0032552083333333335,12.036239932821335,"93,1,99,94,2","15.154087,2.832689,2.520403,1.965443,1.644285",0.2917287653096285,0.02824858757062147,10.32719829196085,1,False
Qwen2.5-1.5B-Instruct,GPTQ_8bit,Prompt_03,10,attn,177,1536,25.90915870666504,"1421,609,587,865,1313","2.621341,0.278277,0.049103,0.042486,0.040635",0.1170181382892537,0.0032552083333333335,35.94797208245873,"93,99,94,176,73","2.390201,1.99172,0.696506,0.349962,0.342073",0.22271898615570346,0.02824858757062147,7.884252109911903,73,False
Qwen2.5-1.5B-Instruct,GPTQ_8bit,Prompt_03,10,mlp,177,1536,76.05552673339844,"1421,609,408,290,1395","4.137933,0.428433,0.226885,0.1764,0.133174",0.06709341692789969,0.0032552083333333335,20.611097680250783,"93,99,1,94,2","9.902488,2.542378,2.385841,1.404103,0.983349",0.22638934169278996,0.02824858757062147,8.014182695924765,1,False
Qwen2.5-1.5B-Instruct,GPTQ_8bit,Prompt_03,11,attn,177,1536,28.518272399902344,"1421,609,865,1283,901","3.241815,0.365879,0.079559,0.050837,0.049914",0.1328272494901613,0.0032552083333333335,40.80453104337755,"93,99,94,74,97","1.599895,1.117441,0.356678,0.349661,0.33816",0.1319096334832998,0.02824858757062147,4.669601025308812,74,False
Qwen2.5-1.5B-Instruct,GPTQ_8bit,Prompt_03,11,mlp,177,1536,71.69892120361328,"1421,609,408,116,113","3.51481,0.389617,0.125161,0.121203,0.101904",0.059313223386819,0.0032552083333333335,18.221022224430797,"93,1,99,2,94","7.624009,2.23955,1.680951,0.928632,0.905743",0.18659812575836204,0.02824858757062147,6.605573651846016,1,False
Qwen2.5-1.5B-Instruct,GPTQ_8bit,Prompt_03,12,attn,177,1536,16.169734954833984,"1421,609,1244,378,793","1.124706,0.137078,0.031548,0.030792,0.028151",0.08362999018118104,0.0032552083333333335,25.691132983658814,"93,76,36,57,99","0.693247,0.32471,0.277018,0.235539,0.228894",0.10880868761410956,0.02824858757062147,3.8518275415394783,36,False
Qwen2.5-1.5B-Instruct,GPTQ_8bit,Prompt_03,12,mlp,177,1536,72.97195434570312,"1421,609,381,550,1483","2.803111,0.323795,0.161347,0.151621,0.111393",0.048666188818536724,0.0032552083333333335,14.95025320505448,"93,1,99,24,12","7.251593,1.574269,1.357803,0.931572,0.80654",0.16337477704196107,0.02824858757062147,5.783467107285422,1,False
Qwen2.5-1.5B-Instruct,GPTQ_8bit,Prompt_03,13,attn,177,1536,23.025360107421875,"1421,865,609,580,1360","0.79282,0.18344,0.112527,0.096536,0.084776",0.05516085572966024,0.0032552083333333335,16.945414880151624,"93,99,54,2,55","0.672753,0.517157,0.295505,0.264245,0.250023",0.08684694004764776,0.02824858757062147,3.0743816776867305,2,False
Qwen2.5-1.5B-Instruct,GPTQ_8bit,Prompt_03,13,mlp,177,1536,69.867919921875,"1421,609,607,1366,739","1.711142,0.261712,0.105169,0.09783,0.090165",0.032432890969244774,0.0032552083333333335,9.963384105751993,"93,1,74,99,24","5.092907,1.642401,0.980313,0.96572,0.888476",0.1369701087431293,0.02824858757062147,4.8487418495067764,1,False
Qwen2.5-1.5B-Instruct,GPTQ_8bit,Prompt_03,14,attn,177,1536,22.35149383544922,"1421,609,868,1290,865","1.183156,0.184248,0.05182,0.050867,0.047091",0.06787831033005592,0.0032552083333333335,20.85221693339318,"93,176,73,90,115","1.338001,0.777751,0.570288,0.425114,0.395852",0.1569025939061084,0.02824858757062147,5.554351824276237,73,False
Qwen2.5-1.5B-Instruct,GPTQ_8bit,Prompt_03,14,mlp,177,1536,89.04254913330078,"1421,609,1290,1144,291","2.471415,0.382693,0.128335,0.126868,0.123055",0.036301349029237893,0.0032552083333333335,11.15177442178188,"93,1,68,99,74","6.489121,1.5821,1.227648,1.203365,1.129483",0.1306310050094315,0.02824858757062147,4.6243375773338755,1,False
Qwen2.5-1.5B-Instruct,GPTQ_8bit,Prompt_03,15,attn,177,1536,34.9995231628418,"1421,609,580,901,793","2.509705,0.463125,0.090752,0.076996,0.068377",0.09168565866822745,0.0032552083333333335,28.16583434287947,"93,72,30,176,40","1.379154,0.54075,0.489313,0.459908,0.407207",0.09361076505885886,0.02824858757062147,3.313821083083604,30,False
Qwen2.5-1.5B-Instruct,GPTQ_8bit,Prompt_03,15,mlp,177,1536,75.13336181640625,"1421,609,113,901,752","2.110906,0.404351,0.197742,0.142944,0.138525",0.039855364174827476,0.0032552083333333335,12.243567874507,"93,1,17,72,29","4.123865,1.502777,1.01169,1.007395,0.99313",0.11498029271274629,0.02824858757062147,4.070302362031219,1,False
Qwen2.5-1.5B-Instruct,GPTQ_8bit,Prompt_03,16,attn,177,1536,29.991138458251953,"1421,609,587,268,868","2.053969,0.347663,0.049038,0.048606,0.047157",0.08490621085202653,0.0032552083333333335,26.083187973742547,"93,72,112,149,115","1.59684,0.889421,0.744233,0.641703,0.565941",0.1479816292221938,0.02824858757062147,5.23854967446566,72,False
Qwen2.5-1.5B-Instruct,GPTQ_8bit,Prompt_03,16,mlp,177,1536,96.94547271728516,"1421,609,503,793,1122","2.62009,0.516093,0.139419,0.133013,0.126349",0.03646341630887372,0.0032552083333333335,11.201561490086005,"93,1,72,115,29","6.28712,2.009238,1.693231,1.568261,1.348278",0.13312770125248322,0.02824858757062147,4.712720624337906,1,False
Qwen2.5-1.5B-Instruct,GPTQ_8bit,Prompt_03,17,attn,177,1536,29.486268997192383,"1421,609,510,1395,28","1.050109,0.246432,0.065834,0.055636,0.051732",0.04984496141706832,0.0032552083333333335,15.312372147323387,"93,91,149,68,1","1.071842,0.676523,0.473296,0.440258,0.435749",0.10505463152690578,0.02824858757062147,3.7189339560524646,1,False
Qwen2.5-1.5B-Instruct,GPTQ_8bit,Prompt_03,17,mlp,177,1536,128.7845458984375,"1421,609,503,1302,154","2.950094,0.6645,0.172563,0.159032,0.151029",0.03181451631535645,0.0032552083333333335,9.773419412077502,"93,72,1,65,29","7.685629,2.16744,1.955844,1.940232,1.736449",0.12024419302599139,0.02824858757062147,4.256644433120095,1,False
Qwen2.5-1.5B-Instruct,GPTQ_8bit,Prompt_03,18,attn,177,1536,40.685604095458984,"1421,609,934,900,752","1.579006,0.373029,0.145319,0.111334,0.110345",0.056998862311678784,0.0032552083333333335,17.51005050214772,"94,93,92,91,74","0.923024,0.902876,0.636357,0.635557,0.601537",0.09092526670371451,0.02824858757062147,3.2187544413114937,74,False
Qwen2.5-1.5B-Instruct,GPTQ_8bit,Prompt_03,18,mlp,177,1536,154.765625,"1421,609,1332,113,739","2.388157,0.819073,0.183134,0.183134,0.179534",0.02424977286664721,0.0032552083333333335,7.449530224634023,"93,72,1,65,68","7.633296,3.068125,2.811525,2.609172,2.209833",0.11844976002492429,0.02824858757062147,4.19312150488232,1,False
Qwen2.5-1.5B-Instruct,GPTQ_8bit,Prompt_03,19,attn,177,1536,66.67122650146484,"1421,609,900,901,934","1.987604,0.729391,0.175234,0.168695,0.138726",0.04799147181667453,0.0032552083333333335,14.742980142082414,"93,91,92,94,75","3.578852,2.294479,2.183324,1.732205,1.535645",0.16985595505800558,0.02824858757062147,6.012900809053398,75,False
Qwen2.5-1.5B-Instruct,GPTQ_8bit,Prompt_03,19,mlp,177,1536,257.54046630859375,"1421,609,1215,1073,1166","6.022705,2.769833,0.540416,0.53521,0.396631",0.03985701546944776,0.0032552083333333335,12.244075152214352,"93,72,1,65,12","13.309786,5.202989,5.194622,4.918383,4.148591",0.12725911609385188,0.02824858757062147,4.504972709722357,1,False
Qwen2.5-1.5B-Instruct,GPTQ_8bit,Prompt_03,20,attn,177,1536,92.96124267578125,"1421,609,426,754,1259","7.588752,2.691269,0.164863,0.163397,0.158206",0.11581693464939724,0.0032552083333333335,35.57896232429483,"93,94,55,68,72","4.079699,3.183778,2.727724,2.727235,2.121608",0.15963688350950084,0.02824858757062147,5.65114567623633,55,False
Qwen2.5-1.5B-Instruct,GPTQ_8bit,Prompt_03,20,mlp,177,1536,293.3126525878906,"1421,609,103,553,1211","5.122432,2.453527,0.350992,0.349277,0.331569",0.029346827146342486,0.0032552083333333335,9.015345299356412,"93,72,65,68,12","9.894514,7.327217,6.678921,6.057995,5.941408",0.12239518007455623,0.02824858757062147,4.33278937463929,12,False
Qwen2.5-1.5B-Instruct,GPTQ_8bit,Prompt_03,21,attn,177,1536,64.2867431640625,"1421,609,829,503,553","1.608484,0.866881,0.239335,0.228982,0.20321",0.048950878403910096,0.0032552083333333335,15.037709845681182,"51,32,94,56,70","1.536772,1.459247,1.310736,1.117752,1.097729",0.1014553712400572,0.02824858757062147,3.591520141898025,32,False
Qwen2.5-1.5B-Instruct,GPTQ_8bit,Prompt_03,21,mlp,177,1536,470.73944091796875,"1421,609,503,752,868","3.35938,2.499077,0.637342,0.557718,0.54795",0.016147929134098186,0.0032552083333333335,4.960643829994963,"93,72,65,9,12","15.362388,13.393169,12.071836,11.998423,10.469778",0.13445993209808113,0.02824858757062147,4.759881596272072,9,False
Qwen2.5-1.5B-Instruct,GPTQ_8bit,Prompt_03,22,attn,177,1536,90.27497100830078,"609,1421,868,1283,900","1.804267,1.78818,0.338305,0.248417,0.22227",0.04875592445599716,0.0032552083333333335,14.977819992882328,"46,70,93,94,32","4.128106,2.840111,2.647499,2.513711,2.511167",0.1621777704852584,0.02824858757062147,5.741093075178147,32,False
Qwen2.5-1.5B-Instruct,GPTQ_8bit,Prompt_03,22,mlp,177,1536,650.0804443359375,"609,1421,1073,1211,752","5.693583,4.974923,0.962229,0.840289,0.780932",0.020385101723156634,0.0032552083333333335,6.262303249353717,"72,65,93,9,12","22.590351,22.581163,20.150358,19.773573,17.9478",0.15850846143027295,0.02824858757062147,5.6111995346316625,9,False
Qwen2.5-1.5B-Instruct,GPTQ_8bit,Prompt_03,23,attn,177,1536,104.45112609863281,"609,1421,1525,1418,608","2.129224,1.559441,0.353667,0.263258,0.21097",0.04324088949089077,0.0032552083333333335,13.283601251601644,"92,75,73,94,91","7.410951,6.20574,3.548723,3.1803,2.932152",0.2228589315690497,0.02824858757062147,7.889206177544359,73,False
Qwen2.5-1.5B-Instruct,GPTQ_8bit,Prompt_03,23,mlp,177,1536,803.1030883789062,"609,1421,194,1105,239","5.999849,5.516263,0.977578,0.972688,0.953968",0.017955784840995706,0.0032552083333333335,5.516017103153881,"12,72,65,93,13","33.768875,31.458717,28.831217,23.45105,22.888325",0.17481964070487394,0.02824858757062147,6.188615280952537,12,False
Qwen2.5-1.5B-Instruct,GPTQ_8bit,Prompt_03,24,attn,177,1536,137.1782684326172,"609,1421,286,649,507","2.565054,2.224698,0.496787,0.376012,0.312179",0.04355449012609961,0.0032552083333333335,13.3799393667378,"75,72,92,76,91","4.528375,4.167957,3.383247,2.42926,2.388573",0.12317848548099775,0.02824858757062147,4.36051838602732,72,False
Qwen2.5-1.5B-Instruct,GPTQ_8bit,Prompt_03,24,mlp,177,1536,1056.04296875,"1421,609,31,1403,1469","15.171139,14.687852,1.492031,1.377567,1.369368",0.03228841876713076,0.0032552083333333335,9.91900224526257,"12,72,65,11,93","50.16655,46.106255,44.948341,40.687866,34.604012",0.20502293695694793,0.02824858757062147,7.2578119682759565,11,False
Qwen2.5-1.5B-Instruct,GPTQ_8bit,Prompt_03,25,attn,177,1536,210.71646118164062,"1421,609,880,1255,514","14.747302,13.118651,0.860824,0.756964,0.736922",0.14341861523874047,0.0032552083333333335,44.05819860134107,"46,93,72,77,69","5.831253,4.830367,4.617949,4.326268,3.959588",0.11183475573434373,0.02824858757062147,3.9589503529957684,46,False
Qwen2.5-1.5B-Instruct,GPTQ_8bit,Prompt_03,25,mlp,177,1536,1484.9912109375,"609,1421,919,1472,553","15.198371,13.901808,2.089337,2.00713,1.948982",0.023667228337282353,0.0032552083333333335,7.270572545213138,"11,12,72,65,13","78.440712,76.629562,64.597122,53.542564,51.19455",0.21845550876576894,0.02824858757062147,7.733325010308221,11,False
Qwen2.5-1.5B-Instruct,GPTQ_8bit,Prompt_03,26,attn,177,1536,142.505126953125,"1421,609,1073,1025,1222","13.37101,12.79584,0.279572,0.253904,0.240851",0.18905407852222286,0.0032552083333333335,58.07741292202686,"72,76,75,17,92","6.260087,5.751173,4.535885,4.177122,3.512322",0.17007521027460978,0.02824858757062147,6.020662443721187,17,False
Qwen2.5-1.5B-Instruct,GPTQ_8bit,Prompt_03,26,mlp,177,1536,4493.7099609375,"408,940,609,520,1421","1938.623169,401.543549,136.195465,65.859581,37.277893",0.5740245316858916,0.0032552083333333335,176.3403361339059,"0,11,12,13,64","2579.436035,135.740204,104.995598,79.662476,66.113747",0.6600221794396204,0.02824858757062147,23.36478515216256,0,True
Qwen2.5-1.5B-Instruct,GPTQ_8bit,Prompt_03,27,attn,177,1536,1307.03271484375,"113,752,609,900,1283","60.281204,59.43026,55.443668,37.962818,35.475128",0.1901965119398028,0.0032552083333333335,58.42836846790742,"92,90,176,91,75","125.1092,122.691177,104.34745,102.922333,86.25087",0.41416028747726297,0.02824858757062147,14.661274176695109,75,False
Qwen2.5-1.5B-Instruct,GPTQ_8bit,Prompt_03,27,mlp,177,1536,10800.2333984375,"1424,1421,503,553,940","945.365356,675.208313,585.026123,572.81958,553.383667",0.30849360894345546,0.0032552083333333335,94.76923666742951,"0,11,92,12,91","7644.333008,180.937744,142.2323,92.958931,87.033203",0.7543813931249135,0.02824858757062147,26.70510131662194,0,True
Qwen2.5-1.5B-Instruct,GPTQ_8bit,Prompt_04,0,attn,192,1536,17.208850860595703,"1421,1288,609,1340,319","0.212023,0.196223,0.163452,0.158416,0.139211",0.050516165665121696,0.0032552083333333335,15.518566092325385,"127,133,187,120,1","7.540565,0.313991,0.285714,0.279286,0.150525",0.49800429908070964,0.026041666666666668,19.12336508469925,1,False
Qwen2.5-1.5B-Instruct,GPTQ_8bit,Prompt_04,0,mlp,192,1536,49.36443328857422,"1421,605,618,711,421","0.46862,0.245386,0.225383,0.209761,0.205104",0.02743378103316773,0.0032552083333333335,8.427657533389127,"127,187,1,133,120","23.644405,1.407862,1.230521,0.751971,0.67245",0.5612787747699294,0.026041666666666668,21.553104951165288,1,False
Qwen2.5-1.5B-Instruct,GPTQ_8bit,Prompt_04,1,attn,192,1536,7.910094738006592,"1421,969,1283,356,1424","0.081,0.060849,0.046897,0.041568,0.040275",0.03420801838194271,0.0032552083333333335,10.508703246932802,"127,128,1,2,18","0.847695,0.272815,0.125094,0.111399,0.10748",0.1851410218455716,0.026041666666666668,7.109415238869949,1,False
Qwen2.5-1.5B-Instruct,GPTQ_8bit,Prompt_04,1,mlp,192,1536,619.7323608398438,"940,408,520,286,713","256.056427,144.085953,64.030037,25.034975,12.369544",0.8093443815281038,0.0032552083333333335,248.6305940054335,"0,127,1,133,126","567.539124,16.196411,14.730184,0.97451,0.810282",0.9685640547603607,0.026041666666666668,37.19285970279785,0,True
Qwen2.5-1.5B-Instruct,GPTQ_8bit,Prompt_04,2,attn,192,1536,14.30782699584961,"1421,580,262,868,865","0.084679,0.063955,0.05027,0.048471,0.044289",0.02038492876750568,0.0032552083333333335,6.262250117377745,"127,128,191,1,187","4.78169,0.638106,0.386324,0.304108,0.1818",0.43976122127244677,0.026041666666666668,16.886830896861955,1,False
Qwen2.5-1.5B-Instruct,GPTQ_8bit,Prompt_04,2,mlp,192,1536,440.0321044921875,"940,408,520,286,969","144.053665,100.185585,64.069756,16.02215,7.617737",0.7543743062958996,0.0032552083333333335,231.74378689410037,"0,127,1,128,133","368.474365,38.352463,3.503514,1.262226,1.028148",0.937705961284896,0.026041666666666668,36.00790891334,0,True
Qwen2.5-1.5B-Instruct,GPTQ_8bit,Prompt_04,3,attn,192,1536,17.921138763427734,"1421,609,356,865,580","0.792976,0.234958,0.065442,0.064239,0.063649",0.06814654265005421,0.0032552083333333335,20.93461790209665,"127,128,1,80,133","3.036971,1.528632,0.63237,0.209361,0.202914",0.31305201302959884,0.026041666666666668,12.021197300336596,1,False
Qwen2.5-1.5B-Instruct,GPTQ_8bit,Prompt_04,3,mlp,192,1536,87.61910247802734,"1421,609,520,940,408","6.705782,2.319346,1.157023,1.028392,0.871464",0.13789237863395867,0.0032552083333333335,42.3605387163521,"127,0,128,1,187","42.753197,4.33586,3.268962,3.064426,1.285022",0.6243783420847617,0.026041666666666668,23.97612833605485,0,True
Qwen2.5-1.5B-Instruct,GPTQ_8bit,Prompt_04,4,attn,192,1536,17.58688735961914,"1421,1395,865,1424,113","0.148749,0.08495,0.068896,0.060048,0.043109",0.023071278339009394,0.0032552083333333335,7.0874967057436855,"127,128,130,1,131","3.632761,1.253363,0.229943,0.188296,0.181599",0.3119347571316989,0.026041666666666668,11.978294673857237,1,False
Qwen2.5-1.5B-Instruct,GPTQ_8bit,Prompt_04,4,mlp,192,1536,88.7066421508789,"1421,408,304,609,410","1.450134,0.802387,0.251611,0.240624,0.22392",0.033466220998323123,0.0032552083333333335,10.280823090684864,"127,128,1,187,2","30.578382,4.098165,3.822331,1.042154,1.034619",0.45741387879907014,0.026041666666666668,17.564692945884293,1,False
Qwen2.5-1.5B-Instruct,GPTQ_8bit,Prompt_04,5,attn,192,1536,19.05887222290039,"1421,609,1202,580,1426","1.114867,0.194505,0.052196,0.044957,0.040557",0.0759269314648884,0.0032552083333333335,23.324753346013715,"127,128,187,8,1","1.86896,0.646132,0.351026,0.307948,0.224737",0.17833181283499416,0.026041666666666668,6.847941612863775,1,False
Qwen2.5-1.5B-Instruct,GPTQ_8bit,Prompt_04,5,mlp,192,1536,73.49021911621094,"1421,609,241,1373,739","2.8691,0.448726,0.207173,0.194885,0.194646",0.05326599064003048,0.0032552083333333335,16.36331232461736,"127,1,128,2,187","23.857859,5.114597,1.941578,1.003765,0.750602",0.44452717931255714,0.026041666666666668,17.069843685602194,1,False
Qwen2.5-1.5B-Instruct,GPTQ_8bit,Prompt_04,6,attn,192,1536,11.863080978393555,"1421,356,609,580,1360","0.502315,0.128911,0.083915,0.062338,0.060458",0.07063391596597313,0.0032552083333333335,21.698738984746942,"127,128,129,1,3","1.829495,0.320575,0.242512,0.172563,0.166117",0.2302321537586152,0.026041666666666668,8.840914704330823,1,False
Qwen2.5-1.5B-Instruct,GPTQ_8bit,Prompt_04,6,mlp,192,1536,85.74299621582031,"1421,903,1499,19,1205","0.694047,0.198263,0.194777,0.178414,0.171439",0.016758688832839524,0.0032552083333333335,5.148269209448301,"127,1,128,2,18","21.944277,4.268274,2.99756,1.102417,0.967623",0.364812903067365,0.026041666666666668,14.008815477786817,1,False
Qwen2.5-1.5B-Instruct,GPTQ_8bit,Prompt_04,7,attn,192,1536,14.841808319091797,"1421,609,580,752,356","0.656301,0.092114,0.086637,0.06203,0.053466",0.06404532318295131,0.0032552083333333335,19.674723281802642,"127,128,1,129,2","1.324843,0.71876,0.387044,0.248159,0.245639",0.19704102690241912,0.026041666666666668,7.566375433052894,1,False
Qwen2.5-1.5B-Instruct,GPTQ_8bit,Prompt_04,7,mlp,192,1536,87.37151336669922,"1421,609,833,1395,224","1.534169,0.297007,0.232378,0.199318,0.171062",0.027857302623944077,0.0032552083333333335,8.557763366075621,"127,1,128,2,8","19.074087,5.456321,3.212866,1.462723,0.926868",0.34488204157908703,0.026041666666666668,13.24347039663694,1,False
Qwen2.5-1.5B-Instruct,GPTQ_8bit,Prompt_04,8,attn,192,1536,15.687417030334473,"1421,865,609,356,253","0.377111,0.042833,0.041663,0.028095,0.02651",0.032906174395263936,0.0032552083333333335,10.108776774225081,"127,128,2,191,42","0.932604,0.40698,0.273868,0.233573,0.219294",0.1317182417477935,0.026041666666666668,5.05798048311527,2,False
Qwen2.5-1.5B-Instruct,GPTQ_8bit,Prompt_04,8,mlp,192,1536,88.11302947998047,"1421,609,225,55,871","1.469498,0.199596,0.170498,0.164492,0.155406",0.024508175968952176,0.0032552083333333335,7.528911657662108,"127,1,128,2,8","13.9468,3.570567,3.181717,1.426377,0.946728",0.2618476457706718,0.026041666666666668,10.054949597593797,1,False
Qwen2.5-1.5B-Instruct,GPTQ_8bit,Prompt_04,9,attn,192,1536,19.24883270263672,"1421,609,900,113,580","1.067973,0.117433,0.056537,0.052068,0.043958",0.06950912620100888,0.0032552083333333335,21.353203568949926,"127,128,191,2,99","1.037137,0.58915,0.37999,0.310231,0.231177",0.13235534335744634,0.026041666666666668,5.082445184925939,2,False
Qwen2.5-1.5B-Instruct,GPTQ_8bit,Prompt_04,9,mlp,192,1536,88.7957992553711,"1421,609,1259,206,1190","1.966428,0.208536,0.139381,0.13127,0.126518",0.02896683273127288,0.0032552083333333335,8.89861101504703,"127,1,128,2,8","11.012593,2.832689,2.198822,1.644285,0.991178",0.2103654395104309,0.026041666666666668,8.078032877200547,1,False
Qwen2.5-1.5B-Instruct,GPTQ_8bit,Prompt_04,10,attn,192,1536,26.982282638549805,"1421,609,865,1185,587","1.804546,0.159929,0.053891,0.047673,0.045166",0.07824412520224985,0.0032552083333333335,24.036595262131154,"127,191,128,2,84","2.596545,0.870232,0.619736,0.339347,0.312377",0.17560552312386815,0.026041666666666668,6.743252087956536,2,False
Qwen2.5-1.5B-Instruct,GPTQ_8bit,Prompt_04,10,mlp,192,1536,84.05164337158203,"1421,609,408,1506,1395","3.163558,0.388336,0.205935,0.14722,0.114507",0.04782245634106476,0.0032552083333333335,14.691058587975093,"127,1,128,2,18","8.864624,2.385841,1.379662,0.983349,0.850388",0.17208307535652084,0.026041666666666668,6.6079900936904,1,False
Qwen2.5-1.5B-Instruct,GPTQ_8bit,Prompt_04,11,attn,192,1536,30.91703224182129,"1421,609,1395,356,865","5.192726,0.5561,0.049354,0.047947,0.044673",0.19053572152356507,0.0032552083333333335,58.53257365203919,"127,41,128,43,113","2.706418,0.73686,0.59814,0.436586,0.346258",0.15603896349464252,0.026041666666666668,5.991896198194273,41,False
Qwen2.5-1.5B-Instruct,GPTQ_8bit,Prompt_04,11,mlp,192,1536,72.79509735107422,"1421,609,408,221,772","2.628745,0.28615,0.097311,0.095422,0.094415",0.04398709311391338,0.0032552083333333335,13.512835004594189,"127,1,128,2,8","6.069551,2.23955,1.117852,0.928632,0.752517",0.15259409285787126,0.026041666666666668,5.859613165742256,1,False
Qwen2.5-1.5B-Instruct,GPTQ_8bit,Prompt_04,12,attn,192,1536,17.443355560302734,"1421,609,53,1073,865","1.819874,0.203444,0.038971,0.035625,0.032902",0.1221562845872795,0.0032552083333333335,37.526410625212264,"127,61,41,191,84","0.717131,0.360537,0.31404,0.279968,0.260226",0.1107528838177949,0.026041666666666668,4.252910738603324,41,False
Qwen2.5-1.5B-Instruct,GPTQ_8bit,Prompt_04,12,mlp,192,1536,71.90208435058594,"1421,609,767,868,1446","2.658107,0.319573,0.102234,0.101557,0.092442",0.04553293131621809,0.0032552083333333335,13.987716500342197,"127,1,128,41,84","5.462529,1.574269,0.946428,0.751432,0.711692",0.13137797301670673,0.026041666666666668,5.044914163841538,1,False
Qwen2.5-1.5B-Instruct,GPTQ_8bit,Prompt_04,13,attn,192,1536,23.469730377197266,"1421,865,609,1360,1283","0.881078,0.15517,0.154414,0.137622,0.111821",0.061360128706471194,0.0032552083333333335,18.84983153862795,"127,128,84,191,2","0.842114,0.288674,0.286093,0.28462,0.264245",0.08375665730833363,0.026041666666666668,3.2162556406400116,2,False
Qwen2.5-1.5B-Instruct,GPTQ_8bit,Prompt_04,13,mlp,192,1536,65.574951171875,"1421,609,1337,1366,791","2.873037,0.403949,0.096647,0.092313,0.090219",0.054230546774651424,0.0032552083333333335,16.659623969172916,"127,1,128,61,28","4.08768,1.642401,0.896844,0.817971,0.689358",0.12404514696848415,0.026041666666666668,4.7633336435897915,1,False
Qwen2.5-1.5B-Instruct,GPTQ_8bit,Prompt_04,14,attn,192,1536,17.544668197631836,"1421,609,868,865,356","0.920999,0.164263,0.060336,0.04927,0.038237",0.07028370866250531,0.0032552083333333335,21.59115530112163,"127,109,126,111,191","0.812232,0.482843,0.399716,0.38633,0.304081",0.13595020372434122,0.026041666666666668,5.220487823014703,109,False
Qwen2.5-1.5B-Instruct,GPTQ_8bit,Prompt_04,14,mlp,192,1536,80.11813354492188,"1421,609,1404,1496,1285","2.391632,0.338307,0.110069,0.108451,0.102092",0.038075661559716166,0.0032552083333333335,11.696843231144806,"127,1,2,128,61","4.840603,1.5821,1.047318,1.022899,1.010065",0.11861216156866748,0.026041666666666668,4.554707004236831,1,False
Qwen2.5-1.5B-Instruct,GPTQ_8bit,Prompt_04,15,attn,192,1536,31.291946411132812,"1421,609,1360,865,901","2.886956,0.409383,0.139458,0.116857,0.072344",0.11584442745065339,0.0032552083333333335,35.58740811284072,"127,62,191,97,168","1.116832,0.438386,0.393219,0.389691,0.378719",0.08682256915643992,0.026041666666666668,3.333986655607293,62,False
Qwen2.5-1.5B-Instruct,GPTQ_8bit,Prompt_04,15,mlp,192,1536,64.85771179199219,"1421,609,113,752,865","2.406227,0.429619,0.294479,0.134625,0.124784",0.05226415210862684,0.0032552083333333335,16.055547527770162,"127,1,84,61,2","3.073446,1.502777,0.776219,0.776026,0.769437",0.10635442852219085,0.026041666666666668,4.084010055252128,1,False
Qwen2.5-1.5B-Instruct,GPTQ_8bit,Prompt_04,16,attn,192,1536,30.843524932861328,"1421,609,1200,580,1332","2.624218,0.626093,0.083852,0.057659,0.054421",0.11173309725067698,0.0032552083333333335,34.324407475407966,"127,96,17,93,28","1.102676,0.522328,0.397425,0.391108,0.38135",0.09061500325585048,0.026041666666666668,3.4796161250246582,17,False
Qwen2.5-1.5B-Instruct,GPTQ_8bit,Prompt_04,16,mlp,192,1536,85.17948913574219,"1421,609,503,901,739","3.775379,0.787875,0.147035,0.113248,0.089829",0.05768251071283407,0.0032552083333333335,17.720067290982627,"127,1,61,84,92","4.085414,2.009238,1.050076,1.01957,0.928565",0.10674943253910603,0.026041666666666668,4.099178209501671,1,False
Qwen2.5-1.5B-Instruct,GPTQ_8bit,Prompt_04,17,attn,192,1536,27.800752639770508,"1421,609,553,1161,1158","1.164144,0.254395,0.099659,0.065241,0.048321",0.05869479670169347,0.0032552083333333335,18.031041546760232,"127,191,1,124,126","0.752359,0.463411,0.435749,0.334771,0.306883",0.08248602407543949,0.026041666666666668,3.167463324496876,1,False
Qwen2.5-1.5B-Instruct,GPTQ_8bit,Prompt_04,17,mlp,192,1536,105.25110626220703,"1421,609,408,503,358","2.610014,0.700927,0.130981,0.129769,0.129477",0.035165118115196195,0.0032552083333333335,10.80272428498827,"127,1,61,42,84","5.151318,1.955844,1.441544,1.267042,1.190606",0.10457232963306151,0.026041666666666668,4.015577457909562,1,False
Qwen2.5-1.5B-Instruct,GPTQ_8bit,Prompt_04,18,attn,192,1536,39.47133255004883,"1421,609,934,356,1290","3.996761,1.138125,0.139879,0.088507,0.085497",0.1380436835259254,0.0032552083333333335,42.40701957916428,"7,127,9,8,11","0.731946,0.729836,0.588459,0.559511,0.488938",0.07850481841755232,0.026041666666666668,3.0145850272340087,7,False
Qwen2.5-1.5B-Instruct,GPTQ_8bit,Prompt_04,18,mlp,192,1536,123.6285400390625,"1421,609,1200,553,793","1.722512,0.518862,0.205935,0.181261,0.159418",0.022551335329518692,0.0032552083333333335,6.927770213228142,"127,1,8,42,61","4.986018,2.811525,1.714414,1.693966,1.545543",0.10314339024847817,0.026041666666666668,3.9607061855415617,1,False
Qwen2.5-1.5B-Instruct,GPTQ_8bit,Prompt_04,19,attn,192,1536,48.90247344970703,"1421,609,580,1200,507","3.250049,1.286055,0.223345,0.140877,0.108791",0.10243074217461069,0.0032552083333333335,31.466723996040404,"125,111,61,126,8","1.402259,1.288044,1.174162,0.894255,0.826957",0.11422073928057981,0.026041666666666668,4.386076388374264,8,False
Qwen2.5-1.5B-Instruct,GPTQ_8bit,Prompt_04,19,mlp,192,1536,199.0816650390625,"1421,609,1200,1073,113","7.032324,2.387249,0.812087,0.630915,0.409951",0.05662263118248648,0.0032552083333333335,17.394472299259846,"127,1,61,8,42","6.36697,5.194622,3.82317,3.342509,2.552791",0.10689111786173942,0.026041666666666668,4.104618925890794,1,False
Qwen2.5-1.5B-Instruct,GPTQ_8bit,Prompt_04,20,attn,192,1536,77.63876342773438,"1421,609,520,679,654","12.622861,4.340375,0.163101,0.128819,0.118605",0.22377687969695767,0.0032552083333333335,68.7442574429054,"127,9,7,111,126","3.430632,1.679403,1.58007,1.522833,1.131329",0.12035570161870737,0.026041666666666668,4.621658942158363,7,False
Qwen2.5-1.5B-Instruct,GPTQ_8bit,Prompt_04,20,mlp,192,1536,211.62637329101562,"1421,609,1200,553,722","4.588785,2.041689,0.316936,0.278862,0.264616",0.03539676307394846,0.0032552083333333335,10.873885616316967,"127,15,8,61,20","7.474284,3.52206,3.168955,3.103676,3.062215",0.09607115499397006,0.026041666666666668,3.6891323517684502,8,False
Qwen2.5-1.5B-Instruct,GPTQ_8bit,Prompt_04,21,attn,192,1536,56.330318450927734,"1421,609,1200,286,802","1.861086,1.38105,0.572896,0.245936,0.221839",0.07603023501260102,0.0032552083333333335,23.356488195871034,"127,111,112,152,14","0.833431,0.733782,0.725816,0.711749,0.703639",0.06583340556815338,0.026041666666666668,2.52800277381709,14,False
Qwen2.5-1.5B-Instruct,GPTQ_8bit,Prompt_04,21,mlp,192,1536,338.19000244140625,"1421,609,553,503,807","4.642725,3.195889,0.646467,0.60092,0.441471",0.02817194630209325,0.0032552083333333335,8.654421904003046,"127,10,7,8,6","9.744276,7.44645,7.071023,5.959049,5.533591",0.10572279032035381,0.026041666666666668,4.059755148301586,6,False
Qwen2.5-1.5B-Instruct,GPTQ_8bit,Prompt_04,22,attn,192,1536,61.2236328125,"1421,609,868,1283,901","1.905166,1.756514,0.195977,0.176453,0.174524",0.06874198257032284,0.0032552083333333335,21.117537045603175,"8,7,126,111,128","1.290996,1.076487,1.057287,0.975845,0.942718",0.08727567241109455,0.026041666666666668,3.3513858205860303,7,False
Qwen2.5-1.5B-Instruct,GPTQ_8bit,Prompt_04,22,mlp,192,1536,438.280029296875,"609,1421,1200,553,1073","8.086072,5.986086,1.167579,0.792764,0.702184",0.0381826295332819,0.0032552083333333335,11.7297037926242,"7,10,127,6,8","13.973866,13.474382,12.366483,10.387625,10.189667",0.13779323067967547,0.026041666666666668,5.291260058099538,6,False
Qwen2.5-1.5B-Instruct,GPTQ_8bit,Prompt_04,23,attn,192,1536,89.32414245605469,"609,1421,333,1525,1418","2.518731,2.475199,0.33302,0.331708,0.315555",0.06688239575793904,0.0032552083333333335,20.546271976838874,"126,110,111,109,1","6.606071,6.096261,6.041757,4.079274,2.286",0.28110384327019017,0.026041666666666668,10.794387581575302,1,False
Qwen2.5-1.5B-Instruct,GPTQ_8bit,Prompt_04,23,mlp,192,1536,543.1322021484375,"609,1421,553,601,503","7.129765,5.238863,1.130044,0.726771,0.71895",0.02751520366283621,0.0032552083333333335,8.452670565223285,"7,10,6,8,34","24.704229,21.097589,16.254574,15.578305,11.860143",0.16477543068756956,0.026041666666666668,6.327376538402671,6,False
Qwen2.5-1.5B-Instruct,GPTQ_8bit,Prompt_04,24,attn,192,1536,115.34468078613281,"609,1421,1200,46,848","3.345023,3.114208,0.379263,0.340659,0.339874",0.06518745992481509,0.0032552083333333335,20.025587688903194,"111,126,125,110,109","7.875497,6.866921,2.377998,1.869702,1.588747",0.17841191211431748,0.026041666666666668,6.851017425189791,109,False
Qwen2.5-1.5B-Instruct,GPTQ_8bit,Prompt_04,24,mlp,192,1536,703.8118896484375,"609,1421,1057,891,1285","8.43964,8.15872,0.948472,0.922614,0.91124",0.027536743835492653,0.0032552083333333335,8.459287706263343,"10,34,35,7,6","35.700645,32.143402,23.925926,21.994661,20.697994",0.19104910445993126,0.026041666666666668,7.33628561126136,6,False
Qwen2.5-1.5B-Instruct,GPTQ_8bit,Prompt_04,25,attn,192,1536,159.22674560546875,"1421,609,641,368,1288","11.163462,10.153673,0.720736,0.563146,0.542859",0.14535168092561593,0.0032552083333333335,44.65203638034921,"127,34,42,125,147","6.049511,3.304404,2.900073,2.69812,2.582339",0.11012249637856293,0.026041666666666668,4.228703860936816,34,False
Qwen2.5-1.5B-Instruct,GPTQ_8bit,Prompt_04,25,mlp,192,1536,971.7892456054688,"609,1421,553,592,1272","9.799063,9.37276,2.12559,2.063806,1.5925",0.025678117244318243,0.0032552083333333335,7.888317617454564,"34,10,35,6,7","50.539482,42.543125,32.579037,30.528196,28.103685",0.18964352009305482,0.026041666666666668,7.282311171573305,6,False
Qwen2.5-1.5B-Instruct,GPTQ_8bit,Prompt_04,26,attn,192,1536,124.58789825439453,"1421,609,1157,254,578","8.558789,8.256516,0.384016,0.377869,0.352169",0.1439093024274058,0.0032552083333333335,44.20893770569906,"35,36,111,126,125","16.38789,6.115391,4.690124,4.397448,2.608164",0.27449709843579156,0.026041666666666668,10.540688579934395,35,False
Qwen2.5-1.5B-Instruct,GPTQ_8bit,Prompt_04,26,mlp,192,1536,3926.213623046875,"408,940,609,520,1421","1938.226196,401.449829,134.585999,65.457001,33.246235",0.6553299384750597,0.0032552083333333335,201.31735709953833,"0,6,35,10,34","2579.436035,65.996399,60.376362,60.007626,49.156258",0.7169687965336653,0.026041666666666668,27.531601786892747,0,True
Qwen2.5-1.5B-Instruct,GPTQ_8bit,Prompt_04,27,attn,192,1536,1368.0654296875,"113,752,609,900,1283","91.419609,71.236214,53.521446,45.466961,33.224773",0.21553719700706475,0.0032552083333333335,66.21302692057029,"126,125,40,191,111","163.860367,103.725021,97.920822,93.962959,92.858932",0.4037293195298162,0.026041666666666668,15.503205869944942,40,False
Qwen2.5-1.5B-Instruct,GPTQ_8bit,Prompt_04,27,mlp,192,1536,11481.1357421875,"1424,503,1421,553,940","957.555664,818.87207,737.394165,578.056274,556.463806",0.31776837055145574,0.0032552083333333335,97.6184434334072,"0,6,8,126,10","7644.333008,202.607605,186.991653,149.03952,139.804077",0.7249087178756117,0.026041666666666668,27.83649476642349,0,True
Qwen2.5-1.5B-Instruct,GPTQ_4bit,Prompt_01,0,attn,305,1536,453.3699645996094,"1421,72,327,458,612","2.388171,2.297389,2.239847,2.05319,1.974692",0.024159712670823768,0.0032552083333333335,7.421863732477061,"0,304,122,208,1","5.032318,4.310501,4.236483,4.176987,3.862776",0.047685259322697786,0.01639344262295082,2.908800818684565,0,True
Qwen2.5-1.5B-Instruct,GPTQ_4bit,Prompt_01,0,mlp,305,1536,1303.7769775390625,"1421,609,1169,1235,735","5.330193,4.276422,3.270749,2.756723,2.716914",0.014075261379549968,0.0032552083333333335,4.32392029579775,"304,122,208,0,210","57.13855,56.854424,56.586277,34.864071,33.27541",0.18309781779780632,0.01639344262295082,11.168966885666185,0,True
Qwen2.5-1.5B-Instruct,GPTQ_4bit,Prompt_01,1,attn,305,1536,314.5619812011719,"1166,1360,1421,609,113","1.961984,1.73,1.431564,1.245707,1.177101",0.023990048403274993,0.0032552083333333335,7.369742869486077,"1,0,2,67,3","9.196445,8.175925,6.82727,3.928237,3.627903",0.10095237557029704,0.01639344262295082,6.15809490978812,0,True
Qwen2.5-1.5B-Instruct,GPTQ_4bit,Prompt_01,1,mlp,305,1536,256563.0625,"408,520,940,609,286","87619.960938,60517.773438,49286.527344,29935.4375,3600.885498",0.9002098411964505,0.0032552083333333335,276.54446321554957,"0,1,118,208,122","254937.5,64.354141,33.804047,33.768463,33.685131",0.9943095739863177,0.01639344262295082,60.65288401316538,0,True
Qwen2.5-1.5B-Instruct,GPTQ_4bit,Prompt_01,2,attn,305,1536,952.4483642578125,"1421,609,865,1360,1424","11.988508,5.016407,4.547216,4.269492,3.300416",0.030575977541433423,0.0032552083333333335,9.392940300728347,"211,210,126,124,59","11.207893,9.422836,8.812132,7.983566,7.026824",0.046672613831771195,0.01639344262295082,2.847029443738043,59,False
Qwen2.5-1.5B-Instruct,GPTQ_4bit,Prompt_01,2,mlp,305,1536,17456.6953125,"408,520,609,940,553","4379.501953,2938.012939,1188.293823,919.022522,185.967026",0.5505508161490689,0.0032552083333333335,169.12921072099394,"0,208,304,122,124","13618.410156,122.743698,117.809914,107.533386,80.654984",0.8046856574102791,0.01639344262295082,49.08582510202702,0,True
Qwen2.5-1.5B-Instruct,GPTQ_4bit,Prompt_01,3,attn,305,1536,1570.2872314453125,"1421,1424,690,507,865","12.508803,9.666713,7.331883,6.382586,6.339101",0.026892588173643654,0.0032552083333333335,8.26140308694333,"124,210,8,122,216","14.763102,13.120844,13.096109,12.302394,11.579489",0.041305774859716725,0.01639344262295082,2.51965226644272,8,False
Qwen2.5-1.5B-Instruct,GPTQ_4bit,Prompt_01,3,mlp,305,1536,4716.29345703125,"1421,609,33,865,1372","32.430901,10.724009,8.464737,6.660581,5.846225",0.013596791166324272,0.0032552083333333335,4.176934246294817,"118,165,208,304,1","57.685276,54.021019,50.678535,47.700603,46.534943",0.054411449089442156,0.01639344262295082,3.3190983944559713,1,False
Qwen2.5-1.5B-Instruct,GPTQ_4bit,Prompt_01,4,attn,305,1536,1820.5224609375,"1421,580,901,113,865","16.386967,8.792472,7.517833,7.489245,6.557183",0.025675981998455114,0.0032552083333333335,7.887661669925411,"125,122,152,208,299","21.302521,13.908116,13.502463,13.493661,13.151322",0.04139365882556465,0.01639344262295082,2.5250131883594436,122,False
Qwen2.5-1.5B-Instruct,GPTQ_4bit,Prompt_01,4,mlp,305,1536,7618.04833984375,"1421,609,408,1227,940","71.669548,17.337301,11.043417,9.908365,9.089746",0.01562714919621584,0.0032552083333333335,4.8006602330775054,"118,125,1,165,2","80.672897,76.88266,73.660988,68.633186,62.464279",0.04755994963517905,0.01639344262295082,2.901156927745922,1,False
Qwen2.5-1.5B-Instruct,GPTQ_4bit,Prompt_01,5,attn,305,1536,2786.58837890625,"1421,609,580,33,901","176.42276,38.534683,7.675034,6.177005,5.747013",0.08417335327048697,0.0032552083333333335,25.858054124693595,"125,65,66,124,57","29.357794,21.458654,20.60355,20.317377,20.314342",0.040211076926082716,0.01639344262295082,2.4528756924910455,57,False
Qwen2.5-1.5B-Instruct,GPTQ_4bit,Prompt_01,5,mlp,305,1536,6890.658203125,"1421,609,408,113,940","193.144592,41.800537,25.50922,16.737202,16.372456",0.04260319075843456,0.0032552083333333335,13.087700200991096,"165,1,0,122,118","89.286018,71.297852,65.548386,62.435371,56.920559",0.050138629575764516,0.01639344262295082,3.0584564041216353,0,True
Qwen2.5-1.5B-Instruct,GPTQ_4bit,Prompt_01,6,attn,305,1536,1699.452880859375,"1421,868,356,580,969","34.97031,10.120013,7.524362,7.320724,6.701473",0.03921078349261933,0.0032552083333333335,12.04555268893266,"165,64,253,175,8","15.557903,15.355227,13.260089,13.031949,11.028815",0.04015056061240987,0.01639344262295082,2.4491841973570017,8,False
Qwen2.5-1.5B-Instruct,GPTQ_4bit,Prompt_01,6,mlp,305,1536,9988.25,"1421,609,124,928,49","74.682068,15.038984,12.779676,11.486444,11.47087",0.012560563257775152,0.0032552083333333335,3.8586050327885264,"118,5,165,1,2","115.402016,113.522491,80.353065,75.767448,74.338585",0.04599240166766263,0.01639344262295082,2.80553650172742,1,False
Qwen2.5-1.5B-Instruct,GPTQ_4bit,Prompt_01,7,attn,305,1536,2184.56982421875,"1421,580,609,752,356","72.7379,28.194445,13.907167,10.674949,10.318771",0.062178475565148765,0.0032552083333333335,19.1012276936137,"5,17,8,19,11","20.485304,20.30809,17.760908,16.14603,13.790371",0.04050715450539886,0.01639344262295082,2.4709364248293304,5,False
Qwen2.5-1.5B-Instruct,GPTQ_4bit,Prompt_01,7,mlp,305,1536,10067.5712890625,"1421,609,535,1072,1519","86.417046,16.750656,12.073728,11.552477,11.276557",0.013714376697574679,0.0032552083333333335,4.213056521494941,"5,118,1,2,24","111.125885,107.111206,93.022118,86.47023,81.963936",0.047647376472629815,0.01639344262295082,2.9064899648304188,1,False
Qwen2.5-1.5B-Instruct,GPTQ_4bit,Prompt_01,8,attn,305,1536,2684.687255859375,"1421,901,865,609,253","44.622707,10.173688,6.375713,5.77898,4.532376",0.026626363766074575,0.0032552083333333335,8.17961894893811,"152,196,243,125,66","33.549141,30.734064,28.079441,23.440485,21.89941",0.05129183850576171,0.01639344262295082,3.128802148851464,66,False
Qwen2.5-1.5B-Instruct,GPTQ_4bit,Prompt_01,8,mlp,305,1536,11122.6748046875,"1421,609,820,1317,749","152.582703,24.183647,12.561486,12.041617,11.731426",0.019159139289470526,0.0032552083333333335,5.885687589725346,"5,125,7,244,214","129.44133,100.139442,97.850105,97.020729,95.515129",0.046748353698222916,0.01639344262295082,2.8516495755915976,5,False
Qwen2.5-1.5B-Instruct,GPTQ_4bit,Prompt_01,9,attn,305,1536,2811.2041015625,"1421,609,901,113,865","211.394302,25.956877,12.774399,9.490424,9.423653",0.09570264667087926,0.0032552083333333335,29.399853057294106,"64,123,208,103,304","23.427685,21.923901,21.150967,20.163189,19.811947",0.037876186788148566,0.01639344262295082,2.3104473940770625,64,False
Qwen2.5-1.5B-Instruct,GPTQ_4bit,Prompt_01,9,mlp,305,1536,12268.3056640625,"1421,609,1290,1029,1395","417.224976,46.822403,18.643463,15.161189,14.791793",0.04178603083959755,0.0032552083333333335,12.836668673924368,"5,244,8,119,7","143.03009,118.790802,115.647598,111.437798,108.381317",0.04868541867243186,0.01639344262295082,2.9698105390183436,5,False
Qwen2.5-1.5B-Instruct,GPTQ_4bit,Prompt_01,10,attn,305,1536,4723.521484375,"1421,609,277,865,172","309.847992,32.659458,9.50486,9.183731,9.056264",0.07838480687781353,0.0032552083333333335,24.079812672864314,"254,18,17,141,66","43.770615,37.675247,35.621754,34.757721,34.000023",0.039340429333046094,0.01639344262295082,2.3997661893158115,17,False
Qwen2.5-1.5B-Instruct,GPTQ_4bit,Prompt_01,10,mlp,305,1536,12701.431640625,"1421,609,408,1395,1258","439.844421,49.06459,20.536201,15.696755,15.516081",0.04256670400251694,0.0032552083333333335,13.076491469573204,"5,244,7,119,254","129.639343,111.292206,103.852699,99.162521,96.897461",0.042581360399671975,0.01639344262295082,2.59746298437999,5,False
Qwen2.5-1.5B-Instruct,GPTQ_4bit,Prompt_01,11,attn,305,1536,5153.46240234375,"1421,609,580,765,1360","527.2229,63.464035,12.863321,9.331095,9.191992",0.12070980182373217,0.0032552083333333335,37.08205112025052,"66,31,65,48,105","48.673801,47.81757,44.207375,41.553047,40.361519",0.04319684406086586,0.01639344262295082,2.635007487712817,31,False
Qwen2.5-1.5B-Instruct,GPTQ_4bit,Prompt_01,11,mlp,305,1536,12244.203125,"1421,609,977,408,848","437.393707,46.764702,15.959139,15.916071,15.206316",0.04338706119222234,0.0032552083333333335,13.328505198250703,"244,76,7,5,119","99.957626,95.635841,95.517441,86.367538,83.254517",0.037628661211172636,0.01639344262295082,2.2953483338815306,5,False
Qwen2.5-1.5B-Instruct,GPTQ_4bit,Prompt_01,12,attn,305,1536,3826.629638671875,"1421,609,1360,901,646","317.900269,42.564934,10.710899,6.434946,6.189028",0.10029715848824876,0.0032552083333333335,30.811287087590017,"88,257,254,75,215","40.541,35.429462,34.518929,34.06781,32.982101",0.04639573813112584,0.01639344262295082,2.830140025998676,75,False
Qwen2.5-1.5B-Instruct,GPTQ_4bit,Prompt_01,12,mlp,305,1536,12998.7607421875,"1421,609,865,194,507","362.818939,44.945644,19.044973,15.694551,14.809491",0.03518132287400294,0.0032552083333333335,10.807702386893704,"76,109,244,125,119","115.456329,113.757156,111.526321,93.429298,92.526299",0.04051889599451751,0.01639344262295082,2.471652655665568,76,False
Qwen2.5-1.5B-Instruct,GPTQ_4bit,Prompt_01,13,attn,305,1536,4099.37353515625,"1421,580,1424,609,1283","140.11026,31.747992,21.468082,18.340776,17.023119",0.05578662546928319,0.0032552083333333335,17.137651344163796,"102,255,256,77,114","27.097509,26.179201,25.828487,25.711651,25.678936",0.031833105096446115,0.01639344262295082,1.941819410883213,77,False
Qwen2.5-1.5B-Instruct,GPTQ_4bit,Prompt_01,13,mlp,305,1536,12350.263671875,"1421,609,739,1086,990","354.611237,47.965366,15.053553,14.294997,14.064604",0.03611175906384843,0.0032552083333333335,11.093532384414237,"76,30,7,8,214","126.18988,109.251045,101.855667,97.828064,94.701729",0.04290000351871283,0.01639344262295082,2.6169002146414826,7,False
Qwen2.5-1.5B-Instruct,GPTQ_4bit,Prompt_01,14,attn,305,1536,4035.7255859375,"1421,609,580,1283,356","156.101868,28.266836,9.9359,9.932034,8.043419",0.05260022152005175,0.0032552083333333335,16.158788050959895,"124,210,302,226,304","55.598206,45.810986,43.721416,38.996796,36.121334",0.05457475838960766,0.01639344262295082,3.329060261766067,124,False
Qwen2.5-1.5B-Instruct,GPTQ_4bit,Prompt_01,14,mlp,305,1536,15947.2197265625,"1421,609,113,1496,752","446.495728,59.089565,26.611273,25.891491,24.981003",0.036562425348070506,0.0032552083333333335,11.231977066927259,"123,244,28,7,8","136.788986,131.813507,131.79982,130.866623,128.236526",0.041355515536388866,0.01639344262295082,2.5226864477197206,7,False
Qwen2.5-1.5B-Instruct,GPTQ_4bit,Prompt_01,15,attn,305,1536,7255.5908203125,"1421,609,580,253,1360","672.462158,152.561737,27.988152,26.478851,21.074272",0.12412017268472252,0.0032552083333333335,38.129717048746755,"123,99,119,78,110","69.651497,58.349667,53.940319,52.284954,49.574821",0.03911483937830808,0.01639344262295082,2.3860052020767926,78,False
Qwen2.5-1.5B-Instruct,GPTQ_4bit,Prompt_01,15,mlp,305,1536,14584.861328125,"1421,609,113,752,580","698.81073,100.080788,38.664608,25.195946,25.00164",0.06086816344510689,0.0032552083333333335,18.698699810336837,"244,214,7,17,123","157.115051,122.746223,121.681213,119.615036,109.704956",0.043254609941092335,0.01639344262295082,2.638531206406632,7,False
Qwen2.5-1.5B-Instruct,GPTQ_4bit,Prompt_01,16,attn,305,1536,5751.90771484375,"1421,609,580,865,817","635.030823,126.073326,13.098787,11.960983,10.974825",0.13858685386905006,0.0032552083333333335,42.57388150857218,"119,99,298,304,114","63.817192,60.711727,60.525356,57.517612,56.114655",0.051928259068598756,0.01639344262295082,3.167623803184524,99,False
Qwen2.5-1.5B-Instruct,GPTQ_4bit,Prompt_01,16,mlp,305,1536,18313.87109375,"1421,609,503,1272,580","703.765198,149.799072,27.806187,20.598373,20.232662",0.05035535815257859,0.0032552083333333335,15.469166024472143,"31,7,244,123,119","196.321777,183.834961,177.342163,173.282181,162.314606",0.04876607668133209,0.01639344262295082,2.9747306775612574,7,False
Qwen2.5-1.5B-Instruct,GPTQ_4bit,Prompt_01,17,attn,305,1536,6755.21435546875,"1421,609,28,969,114","495.334015,84.614594,17.055847,15.316814,12.778425",0.09253588391895468,0.0032552083333333335,28.427023539902876,"208,304,210,99,244","66.726044,63.720482,56.081211,56.011871,53.747581",0.043860513496554565,0.01639344262295082,2.6754913232898283,99,False
Qwen2.5-1.5B-Instruct,GPTQ_4bit,Prompt_01,17,mlp,305,1536,23748.71484375,"1421,609,503,1150,553","694.876648,130.26944,30.925388,27.439716,26.288673",0.03830943833144919,0.0032552083333333335,11.76865945542119,"30,7,244,19,32","229.060684,221.910156,220.798477,210.975937,203.031036",0.04571936849049891,0.01639344262295082,2.7888814779204334,7,False
Qwen2.5-1.5B-Instruct,GPTQ_4bit,Prompt_01,18,attn,305,1536,7919.7080078125,"1421,609,900,934,507","311.764709,85.475174,28.023764,21.66361,20.318144",0.058997809250336104,0.0032552083333333335,18.12412700170325,"12,120,11,111,114","77.516724,76.596527,70.159241,67.128044,60.70871",0.044459878139742615,0.01639344262295082,2.7120525665242994,11,False
Qwen2.5-1.5B-Instruct,GPTQ_4bit,Prompt_01,18,mlp,305,1536,29234.93359375,"1421,609,113,553,793","707.499878,213.647675,39.086414,33.635002,31.641682",0.03507826063050906,0.0032552083333333335,10.776041665692384,"19,32,30,31,244","336.823395,283.877777,270.551453,265.260956,251.93161",0.04817679191859375,0.01639344262295082,2.938784307034219,19,False
Qwen2.5-1.5B-Instruct,GPTQ_4bit,Prompt_01,19,attn,305,1536,13576.818359375,"1421,609,1283,868,113","540.992676,215.926071,35.761448,33.361935,31.909271",0.0631923808907963,0.0032552083333333335,19.412699409652625,"210,296,209,304,124","207.621384,201.005905,199.730743,195.76593,188.148712",0.07308580094229436,0.01639344262295082,4.458233857479955,124,False
Qwen2.5-1.5B-Instruct,GPTQ_4bit,Prompt_01,19,mlp,305,1536,45107.296875,"1421,609,1200,553,1073","987.939331,395.103088,95.508904,78.534164,74.588448",0.03617317071153607,0.0032552083333333335,11.11239804258388,"244,19,65,18,110","491.832642,462.808105,412.37323,406.71759,402.740906",0.04825100511211635,0.01639344262295082,2.943311311839097,18,False
Qwen2.5-1.5B-Instruct,GPTQ_4bit,Prompt_01,20,attn,305,1536,16842.578125,"1421,609,1444,145,1282","1283.885254,469.474731,34.307201,26.375082,24.424759",0.10915592312776863,0.0032552083333333335,33.53269958485052,"210,211,110,114,115","253.583084,205.666733,201.095657,165.803436,152.568268",0.05810970006030104,0.01639344262295082,3.5446917036783634,110,False
Qwen2.5-1.5B-Instruct,GPTQ_4bit,Prompt_01,20,mlp,305,1536,49120.6328125,"1421,609,553,922,1074","702.520142,343.059814,64.977669,53.187477,51.475246",0.024739508987042583,0.0032552083333333335,7.599977160819481,"19,25,31,18,26","509.959015,498.096313,491.958588,485.375641,484.057434",0.05027311091269087,0.01639344262295082,3.066659765674143,18,False
Qwen2.5-1.5B-Instruct,GPTQ_4bit,Prompt_01,21,attn,305,1536,12434.7216796875,"1421,609,1010,286,510","285.335999,240.664581,52.01292,39.053669,35.036255",0.05244214316875904,0.0032552083333333335,16.110226381442775,"22,100,210,16,12","229.395447,198.304214,142.797409,127.304268,110.787186",0.06502666660383856,0.01639344262295082,3.9666266628341518,12,False
Qwen2.5-1.5B-Instruct,GPTQ_4bit,Prompt_01,21,mlp,305,1536,75240.265625,"1421,609,503,1446,553","758.09259,480.296844,120.613113,95.530975,80.782372",0.020405509007913606,0.0032552083333333335,6.26857236723106,"20,9,19,18,11","1038.218628,971.438599,922.441284,906.795288,854.058228",0.06237288118874182,0.01639344262295082,3.804745752513251,9,False
Qwen2.5-1.5B-Instruct,GPTQ_4bit,Prompt_01,22,attn,305,1536,17866.81640625,"609,1421,253,901,868","648.988281,473.598358,68.325233,51.910973,51.654247",0.07245146652586794,0.0032552083333333335,22.25709051674663,"15,30,100,101,19","255.620773,181.038986,180.188004,172.335526,167.242264",0.05353083142304005,0.01639344262295082,3.265380716805443,15,False
Qwen2.5-1.5B-Instruct,GPTQ_4bit,Prompt_01,22,mlp,305,1536,90056.6796875,"609,1421,1073,1105,1424","1019.9021,915.219666,135.893921,120.130295,107.733772",0.025527033539207728,0.0032552083333333335,7.841904703244614,"9,20,31,19,18","1569.055054,1554.744995,1549.620361,1547.735107,1500.937622",0.08574704038385549,0.01639344262295082,5.2305694634151845,9,False
Qwen2.5-1.5B-Instruct,GPTQ_4bit,Prompt_01,23,attn,305,1536,19069.265625,"609,1421,668,678,2","586.159241,429.914948,37.032536,34.678329,31.969322",0.058720373219996506,0.0032552083333333335,18.038898653182926,"208,124,210,304,122","410.771637,256.927826,249.159683,238.550156,182.790833",0.07017575934115187,0.01639344262295082,4.280721319810264,122,False
Qwen2.5-1.5B-Instruct,GPTQ_4bit,Prompt_01,23,mlp,305,1536,99228.5390625,"609,1421,503,100,32","1169.860474,1036.335327,129.494217,115.491165,114.306076",0.02585432909650725,0.0032552083333333335,7.942449898447027,"31,20,11,19,9","2293.479004,2260.816162,2029.751831,1957.938599,1864.000122",0.10486887592901267,0.01639344262295082,6.397001431669772,9,False
Qwen2.5-1.5B-Instruct,GPTQ_4bit,Prompt_01,24,attn,305,1536,24171.2890625,"609,1421,507,46,1257","354.653595,323.884705,52.450264,46.418297,44.738415",0.034013298237675446,0.0032552083333333335,10.448885218613897,"210,17,11,208,9","319.603394,312.104431,291.075653,281.919006,272.200165",0.06110152355018302,0.01639344262295082,3.7271929365611642,9,False
Qwen2.5-1.5B-Instruct,GPTQ_4bit,Prompt_01,24,mlp,305,1536,125050.28125,"609,1421,507,1272,1290","2012.456665,1942.356934,176.670197,140.04039,136.800293",0.03525241737136237,0.0032552083333333335,10.82954261648252,"20,31,19,11,9","3785.470947,3031.984375,2999.633789,2825.01001,2767.781982",0.1232294778175479,0.01639344262295082,7.516998146870421,9,False
Qwen2.5-1.5B-Instruct,GPTQ_4bit,Prompt_01,25,attn,305,1536,30462.15625,"609,1421,422,1390,1285","1315.667358,1306.86377,102.45208,81.464157,77.840683",0.09468430475723465,0.0032552083333333335,29.08701842142248,"18,28,209,22,2","430.746216,423.763916,395.704773,370.697449,347.387512",0.0646146002493873,0.01639344262295082,3.941490615212625,2,False
Qwen2.5-1.5B-Instruct,GPTQ_4bit,Prompt_01,25,mlp,305,1536,168648.515625,"609,1421,553,1052,1046","2846.09668,2609.607422,324.123352,236.186661,235.796753",0.037070062620992904,0.0032552083333333335,11.38792323716902,"10,20,19,11,9","6047.759766,5500.898438,4078.408691,3838.177979,3700.70752",0.13736231882043878,0.01639344262295082,8.379101448046764,9,False
Qwen2.5-1.5B-Instruct,GPTQ_4bit,Prompt_01,26,attn,305,1536,25067.509765625,"1421,609,23,1324,642","1695.094727,1619.750366,48.730965,44.707069,42.661636",0.13766604088256984,0.0032552083333333335,42.291007759125456,"285,209,115,124,210","306.436249,304.451965,290.321503,280.189789,277.867767",0.05821349418542818,0.01639344262295082,3.5510231453111185,115,False
Qwen2.5-1.5B-Instruct,GPTQ_4bit,Prompt_01,26,mlp,305,1536,441579.53125,"408,520,940,609,1421","69981.835938,55968.351562,38797.5625,38396.5625,5878.343262",0.47335223092952183,0.0032552083333333335,145.4138053415491,"0,10,20,9,19","220069.75,11306.25293,7270.777344,6563.731934,5756.641602",0.5683396500276529,0.01639344262295082,34.668718651686824,0,True
Qwen2.5-1.5B-Instruct,GPTQ_4bit,Prompt_01,27,attn,305,1536,82067.7265625,"1421,609,1424,865,113","5134.178223,4312.703125,2568.436279,2283.41748,2120.039795",0.20006372880478196,0.0032552083333333335,61.45957748882901,"302,31,10,208,303","2665.314697,1434.330444,1334.206787,1317.540039,1286.076416",0.09793702209941123,0.01639344262295082,5.974158348064084,10,False
Qwen2.5-1.5B-Instruct,GPTQ_4bit,Prompt_01,27,mlp,305,1536,427431.3125,"609,1421,503,1424,909","38786.546875,34833.230469,10086.65332,8693.368164,6933.953613",0.23239700720919926,0.0032552083333333335,71.392360614666,"0,9,10,23,210","20005.242188,13536.889648,13086.761719,9879.376953,8507.485352",0.15210808359413303,0.01639344262295082,9.278593099242114,0,True
Qwen2.5-1.5B-Instruct,GPTQ_4bit,Prompt_02,0,attn,284,1536,428.8558044433594,"1421,1340,1098,1251,327","2.56008,2.415568,2.339763,1.906268,1.90036",0.025934219925114996,0.0032552083333333335,7.966992360995326,"0,98,95,77,283","5.057169,4.278931,4.251338,4.224581,4.165953",0.051247929497343116,0.017605633802816902,2.910882395449089,0,True
Qwen2.5-1.5B-Instruct,GPTQ_4bit,Prompt_02,0,mlp,284,1536,1197.1763916015625,"1421,609,1169,750,735","4.010461,3.648263,3.160574,2.604823,2.533815",0.013329644190446903,0.0032552083333333335,4.094866695305289,"77,95,283,0,79","56.514732,54.811745,53.895622,34.920952,31.278589",0.19330623540559558,0.017605633802816902,10.979794171037828,0,True
Qwen2.5-1.5B-Instruct,GPTQ_4bit,Prompt_02,1,attn,284,1536,264.5690612792969,"1360,1421,113,1166,609","1.717696,1.25186,1.129237,1.075144,1.061257",0.023567355995496343,0.0032552083333333335,7.239891761816477,"1,0,2,3,4","9.29439,8.208097,6.986845,3.669784,3.158952",0.11837388468335579,0.017605633802816902,6.723636650014608,0,True
Qwen2.5-1.5B-Instruct,GPTQ_4bit,Prompt_02,1,mlp,284,1536,287339.0625,"408,520,940,609,286","97347.9375,68645.546875,56646.941406,32767.365234,4097.11084",0.9031312636965257,0.0032552083333333335,277.4419242075727,"0,1,39,77,283","285859.03125,66.791664,33.531681,33.455791,33.346497",0.9954308118131345,0.017605633802816902,56.540470110986035,0,True
Qwen2.5-1.5B-Instruct,GPTQ_4bit,Prompt_02,2,attn,284,1536,791.9884643554688,"1421,609,865,580,356","9.434307,3.560911,3.528516,3.527743,2.125052",0.028001075683231864,0.0032552083333333335,8.601930449888828,"98,97,79,80,95","9.684373,9.582386,8.976223,8.305432,7.744978",0.05592681481471206,0.017605633802816902,3.176643081475645,79,False
Qwen2.5-1.5B-Instruct,GPTQ_4bit,Prompt_02,2,mlp,284,1536,17269.28125,"408,520,609,940,553","4371.749023,2935.024902,1186.367798,914.36676,186.585663",0.5555584269937407,0.0032552083333333335,170.66754877247715,"0,77,283,95,39","13618.117188,119.127777,112.063126,96.841957,65.75235",0.8113772739528462,0.017605633802816902,46.08622916052166,0,True
Qwen2.5-1.5B-Instruct,GPTQ_4bit,Prompt_02,3,attn,284,1536,1395.8031005859375,"1421,865,580,1285,507","11.772929,7.452371,7.008591,5.764407,5.043586",0.02653804491509363,0.0032552083333333335,8.152487397916763,"79,97,81,8,99","15.108984,14.787048,13.520922,13.124552,12.475114",0.04944581137003988,0.017605633802816902,2.808522085818265,8,False
Qwen2.5-1.5B-Instruct,GPTQ_4bit,Prompt_02,3,mlp,284,1536,4439.41552734375,"1421,609,408,1279,1088","60.067097,17.064919,9.658319,5.297949,5.218149",0.021918748995674513,0.0032552083333333335,6.73343969147121,"159,193,163,197,1","87.5653,79.828323,73.628326,60.108875,46.722359",0.07835563224633557,0.017605633802816902,4.45059991159186,1,False
Qwen2.5-1.5B-Instruct,GPTQ_4bit,Prompt_02,4,attn,284,1536,1550.31298828125,"1421,580,865,113,507","19.743898,11.307027,5.743979,5.686423,4.302697",0.03017714968090176,0.0032552083333333335,9.27042038197302,"80,77,124,95,81","21.968555,15.375104,14.364514,13.654556,12.90865",0.050487468114584974,0.017605633802816902,2.8676881889084265,77,False
Qwen2.5-1.5B-Instruct,GPTQ_4bit,Prompt_02,4,mlp,284,1536,7091.32421875,"1421,609,136,923,1291","64.056137,15.548586,9.21169,8.601586,8.559127",0.014944617367089737,0.0032552083333333335,4.5909864551699675,"159,193,163,80,158","160.848724,129.680008,82.601883,80.530312,79.923553",0.07524468719754938,0.017605633802816902,4.273898232820804,80,False
Qwen2.5-1.5B-Instruct,GPTQ_4bit,Prompt_02,5,attn,284,1536,2139.037109375,"1421,609,450,1202,1468","101.074936,20.402349,4.058131,3.881995,3.785702",0.06227246323002373,0.0032552083333333335,19.13010070426329,"80,146,144,8,193","34.391911,19.845631,19.748734,19.546831,19.421671",0.05280636434691062,0.017605633802816902,2.999401494904523,8,False
Qwen2.5-1.5B-Instruct,GPTQ_4bit,Prompt_02,5,mlp,284,1536,8033.04736328125,"1421,609,113,408,674","149.137039,33.18998,26.010254,24.479225,17.304129",0.031136453472444547,0.0032552083333333335,9.565118506734965,"159,193,158,192,163","226.006271,174.775604,158.34198,122.860146,115.048477",0.09921919225153952,0.017605633802816902,5.635650119887445,158,False
Qwen2.5-1.5B-Instruct,GPTQ_4bit,Prompt_02,6,attn,284,1536,1686.283203125,"1421,609,868,865,1360","50.706451,9.771206,8.92404,7.246964,6.701938",0.0494285900742086,0.0032552083333333335,15.184462870796882,"159,110,182,129,86","20.551937,18.28895,17.215639,16.80666,15.849868",0.052608635552603325,0.017605633802816902,2.9881704993878686,86,False
Qwen2.5-1.5B-Instruct,GPTQ_4bit,Prompt_02,6,mlp,284,1536,10567.4482421875,"1421,1252,1152,493,1430","71.213264,14.420705,14.401814,13.916725,13.734681",0.012083067917424408,0.0032552083333333335,3.7119184642327783,"159,193,158,110,129","170.042938,143.300842,132.061584,124.729439,123.028458",0.06559419579418554,0.017605633802816902,3.725750321109739,110,False
Qwen2.5-1.5B-Instruct,GPTQ_4bit,Prompt_02,7,attn,284,1536,2044.101806640625,"1421,580,609,865,1424","72.830994,19.115595,14.446898,9.583259,9.354721",0.06131371063204549,0.0032552083333333335,18.835571906164375,"5,8,81,20,159","19.846197,18.329967,17.487883,16.724073,14.388212",0.042452062019618424,0.017605633802816902,2.4112771227143264,5,False
Qwen2.5-1.5B-Instruct,GPTQ_4bit,Prompt_02,7,mlp,284,1536,11447.486328125,"1421,609,667,1220,1422","138.48703,19.689194,14.199368,13.723312,13.599665",0.01744475356045857,0.0032552083333333335,5.359028293772872,"110,182,92,129,159","176.185318,171.031967,169.070129,168.859787,163.078735",0.07409713607296088,0.017605633802816902,4.208717328944178,92,False
Qwen2.5-1.5B-Instruct,GPTQ_4bit,Prompt_02,8,attn,284,1536,2559.709228515625,"1421,609,865,1353,1210","59.483887,6.209065,6.095699,5.046659,4.946701",0.031949727737973777,0.0032552083333333335,9.814956361105544,"9,80,244,241,129","30.689104,29.399715,28.669113,26.72826,26.396673",0.05542928731738997,0.017605633802816902,3.14838351962775,9,False
Qwen2.5-1.5B-Instruct,GPTQ_4bit,Prompt_02,8,mlp,284,1536,12930.74609375,"1421,609,1298,816,196","196.217728,27.013987,16.741398,15.97871,15.703739",0.021008497585998247,0.0032552083333333335,6.453810458418661,"110,182,129,92,159","199.876678,180.172394,174.033936,159.809784,153.676758",0.06709354385184778,0.017605633802816902,3.8109132907849537,92,False
Qwen2.5-1.5B-Instruct,GPTQ_4bit,Prompt_02,9,attn,284,1536,2218.18603515625,"1421,609,865,113,752","162.842773,18.469183,8.281377,6.652553,6.517664",0.09140962326471627,0.0032552083333333335,28.081036266920837,"78,129,227,110,283","21.937653,19.684708,19.48101,18.825424,17.820755",0.04406733624523839,0.017605633802816902,2.5030246987295404,78,False
Qwen2.5-1.5B-Instruct,GPTQ_4bit,Prompt_02,9,mlp,284,1536,13295.779296875,"1421,609,1290,1395,1470","401.205139,44.0742,16.689476,15.671548,14.923753",0.03704665265821699,0.0032552083333333335,11.380731696604258,"110,182,129,238,163","192.877823,168.293793,162.240936,161.33371,161.240356",0.06362821429615455,0.017605633802816902,3.6140825720215783,110,False
Qwen2.5-1.5B-Instruct,GPTQ_4bit,Prompt_02,10,attn,284,1536,4154.3466796875,"1421,609,356,247,326","323.863159,33.684799,8.404203,7.142439,6.695525",0.09141993419919037,0.0032552083333333335,28.084203785991278,"149,42,101,147,44","47.589252,41.671734,39.052933,38.452324,38.414307",0.0493893643964306,0.017605633802816902,2.805315897717258,42,False
Qwen2.5-1.5B-Instruct,GPTQ_4bit,Prompt_02,10,mlp,284,1536,12842.0546875,"1421,609,408,1518,734","567.665283,54.527367,20.291555,16.345337,15.246983",0.052489773209115805,0.0032552083333333335,16.124858329840375,"110,182,163,129,101","190.909943,154.57193,147.636887,141.237152,140.034088",0.060301099278311066,0.017605633802816902,3.4251024390080684,101,False
Qwen2.5-1.5B-Instruct,GPTQ_4bit,Prompt_02,11,attn,284,1536,4852.70263671875,"1421,609,580,1424,865","463.550903,52.004951,12.708629,8.600849,8.539276",0.11239192731981766,0.0032552083333333335,34.52680007264799,"101,22,146,147,23","74.963966,56.233292,50.877426,49.21402,48.201931",0.05759483982981053,0.017605633802816902,3.271386902333238,22,False
Qwen2.5-1.5B-Instruct,GPTQ_4bit,Prompt_02,11,mlp,284,1536,11707.9677734375,"1421,609,408,977,503","580.63916,57.141567,18.498835,13.241164,12.840791",0.05828180641038142,0.0032552083333333335,17.90417092926917,"159,101,193,163,110","120.970322,119.628754,110.706451,110.2164,110.126816",0.04882561634417133,0.017605633802816902,2.7732950083489314,101,False
Qwen2.5-1.5B-Instruct,GPTQ_4bit,Prompt_02,12,attn,284,1536,2832.400390625,"1421,609,1072,1378,868","176.315964,23.338285,5.05546,4.938851,4.870848",0.07573767647699714,0.0032552083333333335,23.266614213733522,"42,197,97,193,147","36.28352,36.176437,34.640823,32.718262,32.707848",0.06091189881112048,0.017605633802816902,3.4597958524716432,42,False
Qwen2.5-1.5B-Instruct,GPTQ_4bit,Prompt_02,12,mlp,284,1536,11429.07421875,"1421,609,1283,865,793","349.94223,45.235912,17.529966,16.324051,14.522017",0.03880927971015533,0.0032552083333333335,11.922210726959717,"21,42,101,193,163","122.882767,120.501404,120.214699,111.250862,104.44326",0.05068590488279788,0.017605633802816902,2.8789593973429195,21,False
Qwen2.5-1.5B-Instruct,GPTQ_4bit,Prompt_02,13,attn,284,1536,3500.59423828125,"1421,580,793,1360,609","93.419373,22.19997,20.139772,20.039261,16.308636",0.04916508403218929,0.0032552083333333335,15.103513814688549,"33,34,149,81,118","31.598129,30.05588,28.119862,27.944153,26.44787",0.041183263109486015,0.017605633802816902,2.3392093446188054,33,False
Qwen2.5-1.5B-Instruct,GPTQ_4bit,Prompt_02,13,mlp,284,1536,10522.4267578125,"1421,609,1048,640,1432","393.742157,42.17173,12.220093,11.807613,11.693869",0.044821929235965036,0.0032552083333333335,13.769296661288458,"21,19,42,101,18","144.16449,124.791336,121.773857,105.708702,101.422134",0.05681774256343292,0.017605633802816902,3.2272477776029898,18,False
Qwen2.5-1.5B-Instruct,GPTQ_4bit,Prompt_02,14,attn,284,1536,2937.593505859375,"1421,609,752,507,868","145.560608,25.311264,7.514774,6.754583,6.135931",0.06511355128073965,0.0032552083333333335,20.00288295344322,"101,147,79,145,97","50.736614,48.674644,45.893951,45.74617,43.414528",0.07981563689420458,0.017605633802816902,4.53352817559082,79,False
Qwen2.5-1.5B-Instruct,GPTQ_4bit,Prompt_02,14,mlp,284,1536,12783.693359375,"1421,609,1290,752,1496","380.643646,52.248367,20.330982,18.384813,18.014015",0.03830049833077448,0.0032552083333333335,11.765913087213919,"19,101,42,21,7","170.413406,157.245941,143.604294,138.627411,130.1306",0.057887934702580544,0.017605633802816902,3.2880346911065748,7,False
Qwen2.5-1.5B-Instruct,GPTQ_4bit,Prompt_02,15,attn,284,1536,5861.341796875,"1421,609,580,1360,868","443.058655,77.059464,14.275443,14.005955,12.797993",0.0957455801502629,0.0032552083333333335,29.41304222216076,"101,39,22,239,145","88.164711,50.954967,47.418236,45.734268,45.501778",0.04739085288704758,0.017605633802816902,2.6918004439843024,22,False
Qwen2.5-1.5B-Instruct,GPTQ_4bit,Prompt_02,15,mlp,284,1536,11565.8828125,"1421,609,113,752,901","397.829102,60.568977,48.487087,29.156715,20.70105",0.048136655795973204,0.0032552083333333335,14.787580660522968,"101,146,42,19,16","145.020721,137.211273,126.268616,125.826363,122.697189",0.05680708680332038,0.017605633802816902,3.2266425304285975,16,False
Qwen2.5-1.5B-Instruct,GPTQ_4bit,Prompt_02,16,attn,284,1536,4964.6640625,"1421,609,580,356,132","276.461914,49.364376,9.319822,9.228797,8.815895",0.07114092543868622,0.0032552083333333335,21.854492294764405,"19,100,118,102,101","112.717804,83.713837,72.429634,68.656647,62.518829",0.08057679998646686,0.017605633802816902,4.576762239231317,19,False
Qwen2.5-1.5B-Instruct,GPTQ_4bit,Prompt_02,16,mlp,284,1536,15053.8828125,"1421,609,503,580,793","556.127747,127.88089,18.793007,18.548401,17.91958",0.04910823755758611,0.0032552083333333335,15.086050577690452,"101,19,146,7,42","229.305405,221.010071,201.089233,184.352722,168.621002",0.06671889441936958,0.017605633802816902,3.789633203020192,7,False
Qwen2.5-1.5B-Instruct,GPTQ_4bit,Prompt_02,17,attn,284,1536,5356.46923828125,"1421,609,1376,909,969","355.58139,43.347935,12.351665,11.933511,10.205528",0.08091524363291358,0.0032552083333333335,24.857162844031052,"96,95,101,147,102","62.735512,60.727703,60.297607,56.929142,56.05069",0.055398556104899806,0.017605633802816902,3.146637986758309,95,False
Qwen2.5-1.5B-Instruct,GPTQ_4bit,Prompt_02,17,mlp,284,1536,19593.576171875,"1421,609,503,1291,791","650.161926,128.540939,25.505178,22.083397,20.813522",0.04323381158385476,0.0032552083333333335,13.281426918560182,"101,19,13,7,21","306.757294,272.268524,239.130753,221.701553,216.496414",0.06412073432469646,0.017605633802816902,3.642057709642759,7,False
Qwen2.5-1.5B-Instruct,GPTQ_4bit,Prompt_02,18,attn,284,1536,6209.83935546875,"1421,609,934,868,113","232.249893,69.355827,18.674507,15.407736,15.156028",0.05649807894493295,0.0032552083333333335,17.356209851883403,"22,23,42,101,146","85.247963,74.076523,66.715096,65.188965,61.36417",0.056779683373263085,0.017605633802816902,3.225086015601343,22,False
Qwen2.5-1.5B-Instruct,GPTQ_4bit,Prompt_02,18,mlp,284,1536,22594.240234375,"1421,609,113,154,356","440.053833,145.634018,26.999479,25.233946,25.009592",0.029340701005709506,0.0032552083333333335,9.01346334895396,"15,19,16,13,101","372.661224,309.583221,307.891022,299.762024,279.385925",0.0694550217660388,0.017605633802816902,3.945045236311003,13,False
Qwen2.5-1.5B-Instruct,GPTQ_4bit,Prompt_02,19,attn,284,1536,9754.6328125,"1421,609,222,900,868","389.414764,145.160858,25.69791,23.219826,21.962946",0.06206859566127633,0.0032552083333333335,19.06747258714409,"79,97,96,95,101","247.599487,232.958527,216.018692,165.703735,140.054276",0.1027547357305383,0.017605633802816902,5.836468989494575,79,False
Qwen2.5-1.5B-Instruct,GPTQ_4bit,Prompt_02,19,mlp,284,1536,35700.0234375,"1421,609,1200,1073,1424","817.950195,374.858795,91.301895,76.178711,67.685745",0.03999928303399661,0.0032552083333333335,12.287779748043757,"15,101,16,19,42","656.768982,530.132507,484.028625,472.800903,471.163666",0.0732462973260478,0.017605633802816902,4.160389688119515,15,False
Qwen2.5-1.5B-Instruct,GPTQ_4bit,Prompt_02,20,attn,284,1536,14208.76171875,"1421,609,813,235,1471","1532.219482,557.884705,27.741896,27.37652,25.970636",0.15280663848203258,0.0032552083333333335,46.94219934168041,"19,97,105,15,96","496.771149,195.64212,195.110199,193.839478,187.420715",0.08929586662938774,0.017605633802816902,5.0720052245492235,15,False
Qwen2.5-1.5B-Instruct,GPTQ_4bit,Prompt_02,20,mlp,284,1536,37336.953125,"1421,609,408,939,553","712.903625,334.914459,45.32798,41.322662,40.921509",0.031480615326429706,0.0032552083333333335,9.670845028279205,"15,19,16,13,14","882.104187,778.739624,767.181702,575.381104,486.85144",0.09347999138964623,0.017605633802816902,5.309663510931905,13,False
Qwen2.5-1.5B-Instruct,GPTQ_4bit,Prompt_02,21,attn,284,1536,10483.619140625,"1421,609,553,227,857","231.008789,205.060913,53.5723,45.082268,34.210155",0.054268897087029186,0.0032552083333333335,16.671405185135367,"13,15,19,76,80","181.621933,136.411362,128.82402,124.210693,119.737495",0.06589380372616283,0.017605633802816902,3.742768051646048,13,False
Qwen2.5-1.5B-Instruct,GPTQ_4bit,Prompt_02,21,mlp,284,1536,58048.578125,"1421,609,1073,503,1272","629.181396,385.356628,82.661278,80.569321,68.732681",0.021473417317634556,0.0032552083333333335,6.596633799977335,"15,16,13,19,17","1424.870605,1249.476074,1128.135742,996.244995,971.112305",0.09939674717484737,0.017605633802816902,5.64573523953133,13,False
Qwen2.5-1.5B-Instruct,GPTQ_4bit,Prompt_02,22,attn,284,1536,11503.7431640625,"609,1421,253,742,868","250.595123,185.992981,45.121422,38.034744,33.525269",0.04809473954342137,0.0032552083333333335,14.774703987739043,"18,97,21,95,15","190.633911,177.037796,170.153137,141.963867,130.036652",0.07039668452854977,0.017605633802816902,3.998531681221627,15,False
Qwen2.5-1.5B-Instruct,GPTQ_4bit,Prompt_02,22,mlp,284,1536,74061.203125,"609,1421,553,129,1424","814.2323,704.451233,110.943436,93.991058,93.422928",0.02453431674014545,0.0032552083333333335,7.536942102572682,"15,16,13,18,17","1931.885986,1885.767822,1733.200073,1377.2677,1348.276123",0.11175078329430663,0.017605633802816902,6.347444491116616,13,False
Qwen2.5-1.5B-Instruct,GPTQ_4bit,Prompt_02,23,attn,284,1536,15451.544921875,"609,1421,1433,678,725","352.323425,302.483551,33.337563,33.261002,30.683308",0.048674023923831446,0.0032552083333333335,14.95266014940102,"17,79,97,96,95","277.905731,262.578949,248.455109,223.052933,211.435257",0.07917835949100457,0.017605633802816902,4.4973308190890595,17,False
Qwen2.5-1.5B-Instruct,GPTQ_4bit,Prompt_02,23,mlp,284,1536,99597.2734375,"609,1421,438,825,1035","1094.556763,991.606934,122.064247,116.556984,115.4963",0.024501486494319977,0.0032552083333333335,7.5268566510550965,"16,18,17,21,13","2595.942139,2409.836182,2363.535156,2072.459717,2057.7229",0.11545994882044885,0.017605633802816902,6.558125093001495,13,False
Qwen2.5-1.5B-Instruct,GPTQ_4bit,Prompt_02,24,attn,284,1536,16009.3759765625,"609,1421,1285,1492,284","249.264938,227.468567,39.948868,33.852024,31.861586",0.036378432047967986,0.0032552083333333335,11.175454325135766,"17,97,80,21,79","294.881989,267.755554,263.98645,250.479141,228.411087",0.08154685630082127,0.017605633802816902,4.631861437886648,17,False
Qwen2.5-1.5B-Instruct,GPTQ_4bit,Prompt_02,24,mlp,284,1536,145145.125,"609,1421,869,507,1049","1705.20874,1532.016357,272.510345,220.423172,199.202148",0.027071943309864007,0.0032552083333333335,8.316500984790222,"18,16,20,13,21","3515.809326,3187.174316,3094.427734,3062.1875,2866.452148",0.10834708214450882,0.017605633802816902,6.154114265808101,13,False
Qwen2.5-1.5B-Instruct,GPTQ_4bit,Prompt_02,25,attn,284,1536,22787.029296875,"1421,609,140,1102,553","1224.507812,1224.422607,83.160576,73.205971,71.690247",0.11747855632303156,0.0032552083333333335,36.089412502435295,"13,216,16,19,96","820.681519,605.068787,467.219177,409.9151,380.53537",0.11776084924957737,0.017605633802816902,6.6888162373759945,13,False
Qwen2.5-1.5B-Instruct,GPTQ_4bit,Prompt_02,25,mlp,284,1536,205948.96875,"609,1421,553,1181,512","2314.25,1814.857422,323.432922,274.971375,245.259354",0.024145646498138874,0.0032552083333333335,7.417542604228261,"16,18,20,21,13","5266.401367,4619.231445,4334.473145,3505.996094,3458.724854",0.10286444404385978,0.017605633802816902,5.842700421691235,13,False
Qwen2.5-1.5B-Instruct,GPTQ_4bit,Prompt_02,26,attn,284,1536,19832.609375,"1421,609,749,1073,1429","1400.955811,1387.381348,39.769924,38.302708,30.565197",0.14607130321983916,0.0032552083333333335,44.873104349134586,"96,19,117,101,136","446.132996,356.726288,313.500763,286.131195,274.622986",0.08456346949113952,0.017605633802816902,4.803205067096725,19,False
Qwen2.5-1.5B-Instruct,GPTQ_4bit,Prompt_02,26,mlp,284,1536,463624.34375,"408,520,940,609,1421","70277.046875,56006.402344,38715.808594,37006.976562,4029.874512",0.4444031634177967,0.0032552083333333335,136.52065180194714,"0,16,18,20,13","220049.609375,8487.740234,5586.551758,4696.441406,4321.246094",0.5244366077897522,0.017605633802816902,29.787999322457924,0,True
Qwen2.5-1.5B-Instruct,GPTQ_4bit,Prompt_02,27,attn,284,1536,54077.84765625,"1421,609,1424,113,752","3413.864746,2880.089844,2292.901855,1795.43335,1754.000244",0.2244225970820856,0.0032552083333333335,68.94262182361669,"80,159,95,21,97","1895.684692,1266.202515,1154.11377,997.867554,904.13562",0.1149824681273647,0.017605633802816902,6.531004189634315,21,False
Qwen2.5-1.5B-Instruct,GPTQ_4bit,Prompt_02,27,mlp,284,1536,426165.09375,"609,1421,1424,503,909","34231.726562,33163.507812,7547.216309,7518.414062,6294.168457",0.20826445047741549,0.0032552083333333335,63.978839186662036,"0,16,96,17,20","15143.206055,10796.198242,10378.328125,9421.411133,8817.975586",0.12801873731006388,0.017605633802816902,7.271464279211628,0,True
Qwen2.5-1.5B-Instruct,GPTQ_4bit,Prompt_03,0,attn,177,1536,308.94012451171875,"1340,1421,1251,327,337","1.711817,1.66123,1.569296,1.488528,1.455562",0.02552738532699156,0.0032552083333333335,7.842012772451806,"0,90,176,73,1","5.077106,4.260535,4.227767,4.227489,3.872185",0.0701271194811994,0.02824858757062147,2.482500029634459,0,True
Qwen2.5-1.5B-Instruct,GPTQ_4bit,Prompt_03,0,mlp,177,1536,921.9203491210938,"609,1421,1169,735,809","2.971843,2.968034,2.95144,2.419282,2.362428",0.01483102857162151,0.0032552083333333335,4.5560919772021276,"73,90,176,0,75","55.160236,52.506065,52.20615,35.383591,32.098961",0.24661023693021458,0.02824858757062147,8.730002387329597,0,True
Qwen2.5-1.5B-Instruct,GPTQ_4bit,Prompt_03,1,attn,177,1536,234.38876342773438,"1360,1421,609,113,1166","2.059562,1.442521,1.288931,1.220172,0.990809",0.02987342678509374,0.0032552083333333335,9.177116708380797,"1,0,2,3,76","9.292211,8.219658,6.980008,3.64989,3.015477",0.1329297752176272,0.02824858757062147,4.7057140427040025,0,True
Qwen2.5-1.5B-Instruct,GPTQ_4bit,Prompt_03,1,mlp,177,1536,282878.96875,"408,520,940,609,286","97346.632812,67601.367188,56645.785156,29933.294922,4033.120361",0.903425957236349,0.0032552083333333335,277.5324540630064,"0,1,73,176,90","281849.59375,67.10347,34.263279,31.976372,30.370087",0.996939724774078,0.02824858757062147,35.29166625700236,0,True
Qwen2.5-1.5B-Instruct,GPTQ_4bit,Prompt_03,2,attn,177,1536,580.2410278320312,"1421,1360,609,1283,868","10.608034,3.68303,3.665788,2.299519,2.096184",0.038522877992281,0.0032552083333333335,11.834228119228722,"77,93,92,76,100","9.33608,8.43658,8.156106,8.122936,7.723806",0.07199681350008084,0.02824858757062147,2.548687197902862,76,False
Qwen2.5-1.5B-Instruct,GPTQ_4bit,Prompt_03,2,mlp,177,1536,16548.14453125,"408,520,609,940,553","4370.650391,2933.001465,1467.035767,910.419678,199.229614",0.5970661481354712,0.0032552083333333335,183.41872070721675,"0,73,176,90,75","13816.905273,112.92643,106.282799,96.578293,73.276703",0.8584629956389087,0.02824858757062147,30.389590045617368,0,True
Qwen2.5-1.5B-Instruct,GPTQ_4bit,Prompt_03,3,attn,177,1536,979.1685180664062,"1421,580,507,865,609","15.918365,8.175512,4.394546,4.383296,4.15587",0.03781533740866638,0.0032552083333333335,11.616871651942313,"75,92,77,30,25","15.074699,13.37622,11.544842,11.254704,11.132233",0.06370986904508637,0.02824858757062147,2.2553293641960575,25,False
Qwen2.5-1.5B-Instruct,GPTQ_4bit,Prompt_03,3,mlp,177,1536,3147.7900390625,"1421,609,408,940,865","32.159275,11.882223,6.80354,3.927592,3.889571",0.018635995476116832,0.0032552083333333335,5.72497781026309,"73,27,1,75,176","48.297295,46.783844,46.42593,44.792999,44.665176",0.07337377576406066,0.02824858757062147,2.5974316620477476,1,False
Qwen2.5-1.5B-Instruct,GPTQ_4bit,Prompt_03,4,attn,177,1536,1244.211669921875,"1421,865,580,609,901","16.10561,6.651566,6.339547,3.947203,3.808647",0.02961921535190985,0.0032552083333333335,9.099022956106705,"76,46,134,176,97","19.494328,18.562822,15.739667,14.983772,14.380871",0.06683867615683642,0.02824858757062147,2.3660891359520093,46,False
Qwen2.5-1.5B-Instruct,GPTQ_4bit,Prompt_03,4,mlp,177,1536,5295.125,"1421,609,33,739,1426","55.989292,12.346633,6.580837,6.511154,6.403832",0.016587283838060067,0.0032552083333333335,5.095613595052052,"27,1,76,2,113","81.571564,73.349808,70.534714,62.31702,61.19775",0.06590417708984975,0.02824858757062147,2.333007868980681,1,False
Qwen2.5-1.5B-Instruct,GPTQ_4bit,Prompt_03,5,attn,177,1536,1821.253173828125,"1421,609,690,1048,580","80.425644,13.99724,5.241746,4.703295,3.850172",0.059419577369688115,0.0032552083333333335,18.253694167968188,"76,36,75,28,42","27.821568,24.295717,23.739477,22.319557,22.004435",0.06598794574102197,0.02824858757062147,2.335973279232178,28,False
Qwen2.5-1.5B-Instruct,GPTQ_4bit,Prompt_03,5,mlp,177,1536,5363.4951171875,"1421,609,408,940,520","118.041489,26.962151,24.29841,14.998614,14.646109",0.03709274885069223,0.0032552083333333335,11.394892446932651,"172,1,167,0,143","81.625359,70.966858,69.658234,68.265388,65.74575",0.06642340281769536,0.02824858757062147,2.3513884597464156,0,True
Qwen2.5-1.5B-Instruct,GPTQ_4bit,Prompt_03,6,attn,177,1536,1173.361328125,"1421,609,507,580,865","24.455679,5.232494,4.120723,3.253662,3.005298",0.03414792602632328,0.0032552083333333335,10.49024287528651,"172,45,55,39,36","19.559973,17.1586,16.111393,15.892061,14.309849",0.07076411470201961,0.02824858757062147,2.5050496604514945,36,False
Qwen2.5-1.5B-Instruct,GPTQ_4bit,Prompt_03,6,mlp,177,1536,7334.9345703125,"1421,609,293,54,1282","45.123386,10.894183,10.129273,9.547952,9.477666",0.011611890197182177,0.0032552083333333335,3.5671726685743645,"27,83,23,100,113","107.459045,87.261711,82.752319,80.985497,80.824432",0.05988915317629287,0.02824858757062147,2.1200760224407675,23,False
Qwen2.5-1.5B-Instruct,GPTQ_4bit,Prompt_03,7,attn,177,1536,1640.6898193359375,"1421,580,865,609,113","44.011192,11.514139,10.905896,7.247995,7.117724",0.04924571990496506,0.0032552083333333335,15.128285154805265,"45,39,27,36,113","25.011135,22.043999,20.29884,18.482166,18.412039",0.06353923070450118,0.02824858757062147,2.2492887669393418,27,False
Qwen2.5-1.5B-Instruct,GPTQ_4bit,Prompt_03,7,mlp,177,1536,7928.6787109375,"1421,609,657,1395,921","81.019463,14.836014,12.429322,12.391001,10.458158",0.01653919419490189,0.0032552083333333335,5.080840456673861,"128,23,1,105,2","102.942726,100.290878,92.42691,85.68338,85.493019",0.05887953479796137,0.02824858757062147,2.0843355318478323,1,False
Qwen2.5-1.5B-Instruct,GPTQ_4bit,Prompt_03,8,attn,177,1536,1743.9964599609375,"1421,609,1395,1369,901","55.6474,6.249484,3.393503,3.286775,3.165808",0.04113710511766125,0.0032552083333333335,12.637318692145534,"39,45,60,74,37","41.541821,33.21701,28.78717,22.905819,22.505806",0.08541165636661317,0.02824858757062147,3.0235726353781063,37,False
Qwen2.5-1.5B-Instruct,GPTQ_4bit,Prompt_03,8,mlp,177,1536,8512.626953125,"1421,609,1395,846,1014","113.068176,15.861642,10.532017,10.293719,10.170666",0.018786941403108662,0.0032552083333333335,5.771348399034981,"76,23,128,39,45","122.70607,114.080429,104.244125,104.161942,101.703766",0.06424530339236406,0.02824858757062147,2.274283740089688,23,False
Qwen2.5-1.5B-Instruct,GPTQ_4bit,Prompt_03,9,attn,177,1536,1826.548828125,"1421,609,752,507,1283","147.720291,14.018525,6.602319,4.823501,4.040827",0.09701655500522352,0.0032552083333333335,29.803485697604664,"77,53,50,95,111","30.560127,29.547516,26.696793,24.360193,24.061937",0.0740339159938109,0.02824858757062147,2.620800626180906,50,False
Qwen2.5-1.5B-Instruct,GPTQ_4bit,Prompt_03,9,mlp,177,1536,9158.1875,"1421,609,918,113,1395","338.231934,43.287868,13.232231,12.157511,12.11057",0.04575360693193761,0.0032552083333333335,14.055508049491234,"128,23,139,76,50","163.269699,127.906815,120.944298,119.81739,111.770493",0.0702877812011622,0.02824858757062147,2.488187454521142,23,False
Qwen2.5-1.5B-Instruct,GPTQ_4bit,Prompt_03,10,attn,177,1536,3346.025146484375,"1421,609,315,253,356","296.559509,28.053522,5.690719,5.663895,5.397861",0.1020212024980958,0.0032552083333333335,31.34091340741503,"56,90,77,34,172","50.028374,46.900539,45.889145,39.099407,38.797283",0.06596326761894415,0.02824858757062147,2.335099673710623,34,False
Qwen2.5-1.5B-Instruct,GPTQ_4bit,Prompt_03,10,mlp,177,1536,9575.439453125,"1421,609,450,614,592","395.258514,44.888737,13.181692,11.247313,11.09717",0.04967640740929604,0.0032552083333333335,15.260592356135742,"128,23,76,139,69","164.417969,153.900467,141.746872,127.058914,107.368042",0.07252849876341756,0.02824858757062147,2.5675088562249817,23,False
Qwen2.5-1.5B-Instruct,GPTQ_4bit,Prompt_03,11,attn,177,1536,4284.04443359375,"1421,609,1424,232,520","543.963318,55.866596,10.514382,8.017227,7.980268",0.14620338481167003,0.0032552083333333335,44.913679814145034,"130,76,73,60,99","56.381218,54.931206,51.976273,49.290871,49.193878",0.061104276941499065,0.02824858757062147,2.1630914037290667,60,False
Qwen2.5-1.5B-Instruct,GPTQ_4bit,Prompt_03,11,mlp,177,1536,9438.8720703125,"1421,609,408,922,739","424.021606,41.82975,15.720725,14.705618,13.993518",0.054060616187319624,0.0032552083333333335,16.607421292744586,"76,139,128,18,17","157.266037,149.033417,143.531342,102.760788,100.298058",0.06917030377930361,0.02824858757062147,2.448628753787348,17,False
Qwen2.5-1.5B-Instruct,GPTQ_4bit,Prompt_03,12,attn,177,1536,2127.21435546875,"1421,609,868,1360,356","102.724884,14.528824,5.280455,4.98259,4.205907",0.061922605924203525,0.0032552083333333335,19.022624539915324,"92,90,76,29,176","37.388641,36.155136,30.757717,29.732874,28.35004",0.07633664856359469,0.02824858757062147,2.702317359151252,29,False
Qwen2.5-1.5B-Instruct,GPTQ_4bit,Prompt_03,12,mlp,177,1536,9399.3671875,"1421,609,868,901,1395","295.380981,34.433292,12.855557,12.112158,12.054396",0.0390277725540865,0.0032552083333333335,11.989331728615372,"76,128,23,139,17","140.290955,132.972473,115.097351,105.783035,105.212563",0.06376561020771844,0.02824858757062147,2.2573026013532327,17,False
Qwen2.5-1.5B-Instruct,GPTQ_4bit,Prompt_03,13,attn,177,1536,3010.451171875,"1421,580,609,1360,752","117.12413,23.890659,15.86664,14.317136,13.817085",0.061457783220694055,0.0032552083333333335,18.879831005397214,"28,25,16,27,26","51.848919,36.301437,35.451988,35.243683,33.909195",0.06402868125105833,0.02824858757062147,2.266615316287465,16,False
Qwen2.5-1.5B-Instruct,GPTQ_4bit,Prompt_03,13,mlp,177,1536,9220.3408203125,"1421,609,490,865,1088","207.545441,31.069313,11.059292,10.847531,10.818109",0.029428379758408216,0.0032552083333333335,9.040398261783004,"74,77,17,76,24","144.609039,133.516251,119.541542,119.190796,119.080795",0.06897124823481202,0.02824858757062147,2.4415821875123456,17,False
Qwen2.5-1.5B-Instruct,GPTQ_4bit,Prompt_03,14,attn,177,1536,2642.354248046875,"1421,609,865,752,399","124.632149,21.883169,5.216096,4.613059,4.193983",0.06075583431264456,0.0032552083333333335,18.66419230084441,"92,75,54,90,55","69.754616,50.91888,47.32579,45.86956,41.593636",0.09667988086204272,0.02824858757062147,3.4224677825163123,54,False
Qwen2.5-1.5B-Instruct,GPTQ_4bit,Prompt_03,14,mlp,177,1536,11850.0166015625,"1421,609,356,752,1496","470.646362,59.665733,18.150116,17.638287,16.779133",0.04918808625086809,0.0032552083333333335,15.110580096266677,"74,76,68,18,17","212.941299,202.159363,178.077713,168.114883,166.71051",0.07831244076250223,0.02824858757062147,2.7722604029925786,17,False
Qwen2.5-1.5B-Instruct,GPTQ_4bit,Prompt_03,15,attn,177,1536,5505.44189453125,"1421,609,253,580,901","687.34314,139.441208,12.321234,12.223113,10.624797",0.15656390671694245,0.0032552083333333335,48.096432143444716,"29,31,72,77,34","104.560188,87.412125,74.946259,72.843216,72.507011",0.07488387067306009,0.02824858757062147,2.6508890218263272,29,False
Qwen2.5-1.5B-Instruct,GPTQ_4bit,Prompt_03,15,mlp,177,1536,11275.791015625,"1421,609,113,752,793","694.827271,116.827209,46.715584,28.352848,24.638485",0.08082460803834265,0.0032552083333333335,24.829319589378862,"72,70,76,68,77","259.066833,173.237228,171.408386,162.385727,148.04895",0.08107166534879673,0.02824858757062147,2.869936953347404,68,False
Qwen2.5-1.5B-Instruct,GPTQ_4bit,Prompt_03,16,attn,177,1536,4352.6279296875,"1421,609,188,356,382","359.712067,58.116714,9.077312,9.036959,8.928761",0.10220763946708739,0.0032552083333333335,31.398186844289242,"72,77,70,17,71","89.177437,84.384941,79.81205,74.490005,68.441422",0.09104978729399961,0.02824858757062147,3.223162470207586,17,False
Qwen2.5-1.5B-Instruct,GPTQ_4bit,Prompt_03,16,mlp,177,1536,13797.458984375,"1421,609,549,408,1100","613.740234,135.735367,16.203131,15.665859,15.189114",0.057730458287510195,0.0032552083333333335,17.73479678592313,"17,70,72,29,68","264.743378,233.552139,230.846283,200.281296,199.495209",0.08182073338062276,0.02824858757062147,2.896453961674046,17,False
Qwen2.5-1.5B-Instruct,GPTQ_4bit,Prompt_03,17,attn,177,1536,4694.1181640625,"1421,609,340,503,580","270.065308,33.952267,9.644949,9.547967,9.075103",0.07078765433678326,0.0032552083333333335,21.745967412259816,"90,57,61,91,53","89.476624,69.231781,65.629936,65.094681,62.68668",0.07501295826704671,0.02824858757062147,2.6554587226534534,53,False
Qwen2.5-1.5B-Instruct,GPTQ_4bit,Prompt_03,17,mlp,177,1536,18161.625,"1421,609,503,745,913","406.110535,75.091217,22.23222,20.704617,19.812618",0.029950578314165168,0.0032552083333333335,9.20081765811154,"17,68,72,65,77","323.417969,302.55899,298.449951,286.617096,275.470795",0.08184921616363142,0.02824858757062147,2.897462252192552,17,False
Qwen2.5-1.5B-Instruct,GPTQ_4bit,Prompt_03,18,attn,177,1536,5732.474609375,"1421,609,934,900,752","174.418961,62.618126,20.986357,14.966564,13.964322",0.05005766876250201,0.0032552083333333335,15.377715843840617,"70,74,28,57,61","91.856308,91.495697,86.176125,81.029793,79.935745",0.07509735004141359,0.02824858757062147,2.658446191466041,28,False
Qwen2.5-1.5B-Instruct,GPTQ_4bit,Prompt_03,18,mlp,177,1536,22081.6953125,"1421,609,529,408,1283","435.309021,131.022797,25.373127,25.18375,25.006239",0.0290690949393534,0.0032552083333333335,8.930025965369364,"17,72,70,65,68","408.935394,392.88324,368.579071,367.249634,331.632629",0.08465291639851588,0.02824858757062147,2.996713240507462,17,False
Qwen2.5-1.5B-Instruct,GPTQ_4bit,Prompt_03,19,attn,177,1536,9576.4755859375,"1421,609,868,253,222","367.358124,133.699066,24.494953,24.010923,23.968119",0.059889582841090805,0.0032552083333333335,18.398079848783095,"92,74,72,90,91","316.764618,234.764938,221.258896,208.796295,206.732254",0.12408709299552094,0.02824858757062147,4.392683092041441,72,False
Qwen2.5-1.5B-Instruct,GPTQ_4bit,Prompt_03,19,mlp,177,1536,36720.85546875,"1421,609,1200,1073,113","695.251892,335.5271,111.649071,85.777916,69.209763",0.035331850386451244,0.0032552083333333335,10.853944438717821,"72,17,65,74,70","866.484375,734.712708,676.812134,568.182617,534.45813",0.09206348433850442,0.02824858757062147,3.2590473455830566,17,False
Qwen2.5-1.5B-Instruct,GPTQ_4bit,Prompt_03,20,attn,177,1536,12700.251953125,"1421,609,831,348,350","873.850525,293.194061,21.728603,21.110502,20.768053",0.09689978891289835,0.0032552083333333335,29.767615154042375,"28,93,92,91,34","345.030273,290.717651,229.871063,226.747299,211.068024",0.10263058803736208,0.02824858757062147,3.6331228165226177,28,False
Qwen2.5-1.5B-Instruct,GPTQ_4bit,Prompt_03,20,mlp,177,1536,42290.6796875,"1421,609,553,392,877","855.218384,414.438385,59.162605,46.468636,44.619217",0.033574944575369095,0.0032552083333333335,10.314222973553386,"72,17,65,74,76","946.800964,912.590576,897.520386,742.03302,687.496582",0.09899206930383413,0.02824858757062147,3.504319253355728,17,False
Qwen2.5-1.5B-Instruct,GPTQ_4bit,Prompt_03,21,attn,177,1536,9694.5615234375,"1421,609,1348,503,826","174.470306,135.36554,41.400288,41.189407,33.919056",0.04397770888982033,0.0032552083333333335,13.509952170952806,"49,51,28,69,46","216.552261,188.042389,169.653152,156.099609,154.684402",0.09129157591880355,0.02824858757062147,3.2317217875256454,28,False
Qwen2.5-1.5B-Instruct,GPTQ_4bit,Prompt_03,21,mlp,177,1536,68677.1953125,"1421,609,503,334,1073","647.422791,486.171082,110.57843,88.721825,83.341911",0.020621633651022032,0.0032552083333333335,6.334965857593968,"72,17,65,9,66","1892.661011,1585.143921,1474.489502,1261.57959,1223.015015",0.10828760735374199,0.02824858757062147,3.8333813003224666,9,False
Qwen2.5-1.5B-Instruct,GPTQ_4bit,Prompt_03,22,attn,177,1536,12433.2236328125,"1421,609,752,253,901","251.199265,229.376312,41.480846,37.139709,36.458691",0.047908319176324834,0.0032552083333333335,14.717435650966989,"49,51,72,17,70","328.027679,288.391022,279.635406,255.641663,220.82196",0.11039112772835447,0.02824858757062147,3.907845921583748,17,False
Qwen2.5-1.5B-Instruct,GPTQ_4bit,Prompt_03,22,mlp,177,1536,91877.078125,"609,1421,1200,1073,1105","1000.195679,894.817139,162.399353,128.156998,125.907181",0.025158356856043902,0.0032552083333333335,7.728647226176687,"72,65,17,9,64","2375.84375,2355.817627,2298.558838,2049.819092,1868.693359",0.1191671812525329,0.02824858757062147,4.218518216339665,9,False
Qwen2.5-1.5B-Instruct,GPTQ_4bit,Prompt_03,23,attn,177,1536,13219.44921875,"609,1421,132,616,1298","265.076294,206.780243,29.040047,28.995039,23.87097",0.04188999292738357,0.0032552083333333335,12.868605827292232,"15,70,75,92,71","677.879517,400.223877,274.74646,245.487564,242.347137",0.1392406400488863,0.02824858757062147,4.929118657730576,15,False
Qwen2.5-1.5B-Instruct,GPTQ_4bit,Prompt_03,23,mlp,177,1536,109666.765625,"609,1421,968,1142,511","765.497498,686.720337,151.21814,134.905106,130.704254",0.017042951887058993,0.0032552083333333335,5.235594819704523,"17,72,12,8,64","3278.13623,3071.237793,2996.627197,2897.797852,2570.825684",0.13508763515553437,0.02824858757062147,4.782102284505917,8,False
Qwen2.5-1.5B-Instruct,GPTQ_4bit,Prompt_03,24,attn,177,1536,16358.6826171875,"609,1421,507,544,17","217.478973,188.61908,38.727791,35.491486,29.174147",0.031145019285379258,0.0032552083333333335,9.567749924468508,"33,15,32,66,75","382.041931,359.451263,315.938538,310.525391,281.321381",0.10081976666753625,0.02824858757062147,3.5690197400307833,15,False
Qwen2.5-1.5B-Instruct,GPTQ_4bit,Prompt_03,24,mlp,177,1536,143384.3125,"609,1421,507,1272,625","2205.114258,2192.014893,217.721115,178.137909,173.013794",0.03463420354889765,0.0032552083333333335,10.639627330221359,"8,12,72,64,65","4630.095215,4292.525879,4140.422363,3946.810059,3925.922852",0.14601161748866356,0.02824858757062147,5.16881125909869,8,False
Qwen2.5-1.5B-Instruct,GPTQ_4bit,Prompt_03,25,attn,177,1536,27770.3984375,"609,1421,140,1326,711","1640.950562,1492.591553,102.822922,87.419998,85.147797",0.12275419342650996,0.0032552083333333335,37.71008822062386,"62,77,8,24,17","844.518433,794.764771,693.547302,643.205566,577.462036",0.1279599230408053,0.02824858757062147,4.529781275644508,8,False
Qwen2.5-1.5B-Instruct,GPTQ_4bit,Prompt_03,25,mlp,177,1536,190799.53125,"609,1421,929,611,553","1461.127563,1320.037354,246.140656,241.300781,238.595352",0.018381605222922946,0.0032552083333333335,5.646829124481929,"8,64,12,11,13","7818.543945,6731.456543,6439.223633,5700.892578,4939.060547",0.16577177903509654,0.02824858757062147,5.8683209778424175,8,False
Qwen2.5-1.5B-Instruct,GPTQ_4bit,Prompt_03,26,attn,177,1536,19614.74609375,"1421,609,185,1073,520","2543.459961,2398.094727,44.157539,42.607914,42.189762",0.25850499116277914,0.0032552083333333335,79.41273328520575,"72,65,32,69,92","946.282837,491.794006,417.844116,373.71875,355.10321",0.13177548480246945,0.02824858757062147,4.664852162007419,32,False
Qwen2.5-1.5B-Instruct,GPTQ_4bit,Prompt_03,26,mlp,177,1536,466593.0,"520,408,940,609,1421","57811.699219,55962.667969,52236.828125,38200.929688,4985.450195",0.44835126652135804,0.0032552083333333335,137.73350907536118,"0,8,64,11,12","221629.703125,9537.438477,8521.763672,8501.098633,8489.054688",0.5501133683424312,0.02824858757062147,19.474013239322066,0,True
Qwen2.5-1.5B-Instruct,GPTQ_4bit,Prompt_03,27,attn,177,1536,58600.8125,"1421,609,1424,752,580","4510.600586,4178.208008,2291.058105,1478.935059,1413.007568",0.23671703437345684,0.0032552083333333335,72.71947295952594,"76,29,69,93,14","1579.799194,1378.648193,1192.588257,1100.970581,1058.631226",0.10768856993770351,0.02824858757062147,3.812175375794704,14,False
Qwen2.5-1.5B-Instruct,GPTQ_4bit,Prompt_03,27,mlp,177,1536,432719.40625,"609,1421,503,909,592","37531.753906,35535.953125,17459.820312,13677.305664,8999.424805",0.2616112339253331,0.0032552083333333335,80.36697106186232,"4,8,0,7,76","17427.427734,16555.923828,14451.5625,12662.554688,10142.796875",0.16463385879172135,0.02824858757062147,5.828038601226936,0,True
Qwen2.5-1.5B-Instruct,GPTQ_4bit,Prompt_04,0,attn,192,1536,313.26727294921875,"1421,1340,1098,72,1383","2.014238,1.870773,1.533054,1.435977,1.333734",0.02613670919018948,0.0032552083333333335,8.029197063226208,"0,124,191,109,127","5.077106,4.385241,4.298254,4.197142,4.079974",0.07034796742217497,0.026041666666666668,2.701361949011519,0,True
Qwen2.5-1.5B-Instruct,GPTQ_4bit,Prompt_04,0,mlp,192,1536,937.0409545898438,"1421,609,1169,1235,735","3.12194,2.818485,2.707504,2.584999,2.475369",0.014629345446425948,0.0032552083333333335,4.494134921142051,"109,124,191,0,111","57.311829,54.232689,52.255295,35.383591,33.032188",0.24781797454339458,0.026041666666666668,9.516210222466352,0,True
Qwen2.5-1.5B-Instruct,GPTQ_4bit,Prompt_04,1,attn,192,1536,192.94764709472656,"1360,1166,1421,113,609","1.498939,1.207556,1.063127,0.939136,0.90065",0.029072173252119787,0.0032552083333333335,8.930971623051198,"1,0,2,3,112","9.292211,8.219658,6.980008,3.64989,3.044854",0.16163256245523433,0.026041666666666668,6.206690398280998,0,True
Qwen2.5-1.5B-Instruct,GPTQ_4bit,Prompt_04,1,mlp,192,1536,282907.21875,"408,520,940,609,286","97347.226562,67601.015625,56645.90625,29933.087891,4033.044678",0.9033360208310344,0.0032552083333333335,277.5048255992937,"0,1,109,124,111","281849.59375,67.10347,35.209484,30.807137,30.732759",0.996840726603057,0.026041666666666668,38.278683901557386,0,True
Qwen2.5-1.5B-Instruct,GPTQ_4bit,Prompt_04,2,attn,192,1536,539.0243530273438,"1421,580,609,1360,865","7.696826,2.048164,1.821961,1.747435,1.460814",0.027411006213641703,0.0032552083333333335,8.42066110883073,"126,127,113,124,191","10.781221,10.781051,7.947248,7.472701,7.327422",0.08220341537982477,0.026041666666666668,3.156611150585271,113,False
Qwen2.5-1.5B-Instruct,GPTQ_4bit,Prompt_04,2,mlp,192,1536,16460.08984375,"408,520,609,940,553","4370.041016,2931.424805,1465.126953,911.1474,198.77449",0.600027991474644,0.0032552083333333335,184.32859898101063,"0,109,191,124,111","13816.905273,116.509674,88.909851,87.783989,67.647728",0.8613414003521301,0.026041666666666668,33.075509773521794,0,True
Qwen2.5-1.5B-Instruct,GPTQ_4bit,Prompt_04,3,attn,192,1536,1029.80126953125,"1421,580,865,1285,507","6.753624,6.340679,5.597855,3.968453,3.872371",0.02576514775966047,0.0032552083333333335,7.915053391767696,"111,126,128,124,109","15.576084,15.241576,13.602005,12.914146,12.016387",0.06734328896228746,0.026041666666666668,2.585982296151838,109,False
Qwen2.5-1.5B-Instruct,GPTQ_4bit,Prompt_04,3,mlp,192,1536,3148.61279296875,"1421,609,408,33,520","22.168251,8.60591,7.448505,5.186468,4.270306",0.015142999947738642,0.0032552083333333335,4.651929583945311,"149,185,109,150,1","65.350075,50.247841,50.016571,49.182907,46.42593",0.08296457672409369,0.026041666666666668,3.1858397462051973,1,False
Qwen2.5-1.5B-Instruct,GPTQ_4bit,Prompt_04,4,attn,192,1536,1209.5372314453125,"1421,609,865,33,580","24.208254,6.678207,5.469032,4.981856,4.162972",0.037617957721070405,0.0032552083333333335,11.556236611912828,"112,109,16,124,9","22.029196,16.755878,15.148055,14.203798,13.733911",0.06768773397140988,0.026041666666666668,2.5992089845021393,9,False
Qwen2.5-1.5B-Instruct,GPTQ_4bit,Prompt_04,4,mlp,192,1536,5243.69189453125,"1421,609,739,1402,1428","53.789425,10.106429,7.106817,5.918065,5.837717",0.01578247972289249,0.0032552083333333335,4.848377770872573,"149,112,1,2,185","87.03112,78.893089,73.349808,62.31702,61.843155",0.06930884030020819,0.026041666666666668,2.6614594675279943,1,False
Qwen2.5-1.5B-Instruct,GPTQ_4bit,Prompt_04,5,attn,192,1536,1687.2105712890625,"1421,609,734,1060,580","61.882103,10.184754,5.27481,4.893262,4.043647",0.051136817881597026,0.0032552083333333335,15.709230453226606,"112,8,133,87,128","35.307217,19.639894,17.449532,16.20639,16.166349",0.06209620805188737,0.026041666666666668,2.384494389192475,8,False
Qwen2.5-1.5B-Instruct,GPTQ_4bit,Prompt_04,5,mlp,192,1536,5086.7685546875,"1421,609,408,940,520","113.870956,26.8787,22.637636,14.83861,12.556785",0.03750567423602633,0.0032552083333333335,11.521743125307289,"149,140,1,0,109","80.478157,76.973831,70.966858,68.265388,60.827488",0.0702826784640221,0.026041666666666668,2.6988548530184486,0,True
Qwen2.5-1.5B-Instruct,GPTQ_4bit,Prompt_04,6,attn,192,1536,1132.2440185546875,"1421,580,609,940,901","33.112362,9.716245,6.39633,6.298156,5.133458",0.053571974373346626,0.0032552083333333335,16.457310527492083,"149,140,137,41,132","22.990738,20.669962,17.322136,12.301482,12.242394",0.07553734805278899,0.026041666666666668,2.900634165227097,41,False
Qwen2.5-1.5B-Instruct,GPTQ_4bit,Prompt_04,6,mlp,192,1536,7205.6875,"1421,408,609,176,915","48.929478,9.95241,9.416157,9.280083,9.078706",0.012026172029161534,0.0032552083333333335,3.694440047358423,"149,18,1,2,140","84.388069,77.047203,75.920158,73.9888,73.854172",0.05345755353572699,0.026041666666666668,2.052770055771916,1,False
Qwen2.5-1.5B-Instruct,GPTQ_4bit,Prompt_04,7,attn,192,1536,1606.05517578125,"1421,580,609,113,1290","61.842552,12.781344,7.957549,6.816668,6.421134",0.05966124067820726,0.0032552083333333335,18.32793313634527,"152,135,183,24,34","16.41326,15.884012,15.298121,15.083984,14.813679",0.04825055727819613,0.026041666666666668,1.8528213994827314,24,False
Qwen2.5-1.5B-Instruct,GPTQ_4bit,Prompt_04,7,mlp,192,1536,7967.20556640625,"1421,1395,609,256,535","71.605621,13.360021,11.840672,8.871318,8.584934",0.014341611329144245,0.0032552083333333335,4.405743000313112,"149,18,1,2,150","115.861061,97.584976,92.42691,85.493019,85.086914",0.05980175569566577,0.026041666666666668,2.2963874187135658,1,False
Qwen2.5-1.5B-Instruct,GPTQ_4bit,Prompt_04,8,attn,192,1536,1834.3074951171875,"1421,609,1395,253,901","51.555008,5.827366,3.645794,3.572928,3.398905",0.037071210896216567,0.0032552083333333335,11.388275987317728,"43,63,112,42,85","35.057076,30.048306,28.454166,24.467211,23.934002",0.07739201566390692,0.026041666666666668,2.971853401494026,42,False
Qwen2.5-1.5B-Instruct,GPTQ_4bit,Prompt_04,8,mlp,192,1536,9524.06640625,"1421,609,536,1137,32","171.596527,23.509542,11.294262,11.23058,10.603091",0.02396392295002258,0.0032552083333333335,7.361717130246936,"18,112,42,149,33","131.565948,115.678894,109.35759,101.956032,97.491096",0.05838362909586364,0.026041666666666668,2.241931357281164,18,False
Qwen2.5-1.5B-Instruct,GPTQ_4bit,Prompt_04,9,attn,192,1536,2121.41357421875,"1421,609,901,113,752","179.017822,13.795718,5.757743,4.822231,4.511526",0.09800306353438881,0.0032552083333333335,30.10654111776424,"41,18,56,42,85","35.003559,28.761129,28.49358,27.958344,24.064186",0.06801162865636051,0.026041666666666668,2.6116465404042435,18,False
Qwen2.5-1.5B-Instruct,GPTQ_4bit,Prompt_04,9,mlp,192,1536,10594.1884765625,"1421,609,302,129,433","417.855408,36.828732,12.61321,11.623507,11.548933",0.046296116845827455,0.0032552083333333335,14.222167095038193,"18,85,149,140,42","155.626526,124.304901,118.372559,112.52684,108.483902",0.05845796482059325,0.026041666666666668,2.2447858491107806,18,False
Qwen2.5-1.5B-Instruct,GPTQ_4bit,Prompt_04,10,attn,192,1536,3397.07470703125,"1421,609,356,627,113","226.537735,27.232807,8.863008,5.656761,5.427887",0.08057467800665467,0.0032552083333333335,24.752541083644314,"108,56,110,44,87","47.715721,44.0881,36.864979,35.135651,33.305748",0.058023510217962405,0.026041666666666668,2.2281027923697563,44,False
Qwen2.5-1.5B-Instruct,GPTQ_4bit,Prompt_04,10,mlp,192,1536,10695.3388671875,"1421,609,1395,521,408","421.372559,48.873837,13.642022,13.182152,13.150892",0.04770503042496151,0.0032552083333333335,14.654985346548177,"140,33,18,34,149","138.114929,111.923508,110.876831,109.292664,105.197815",0.05379967562169085,0.026041666666666668,2.0659075438729286,18,False
Qwen2.5-1.5B-Instruct,GPTQ_4bit,Prompt_04,11,attn,192,1536,3470.060302734375,"1421,609,580,640,901","299.557007,32.94471,8.3017,5.430489,5.237682",0.1012868731244328,0.0032552083333333335,31.115327423825754,"108,109,40,113,52","43.205112,37.964577,34.986233,34.007999,33.344601",0.05288337907548577,0.026041666666666668,2.0307217564986537,40,False
Qwen2.5-1.5B-Instruct,GPTQ_4bit,Prompt_04,11,mlp,192,1536,9592.7607421875,"1421,609,633,1406,35","263.042938,31.865047,14.233276,12.876142,12.728866",0.03489571514754117,0.0032552083333333335,10.719963693324646,"140,33,167,149,137","109.807976,104.982574,96.333466,95.752838,91.356598",0.051938484953711124,0.026041666666666668,1.994437822222507,33,False
Qwen2.5-1.5B-Instruct,GPTQ_4bit,Prompt_04,12,attn,192,1536,2382.841796875,"1421,609,1360,1073,584","159.820282,18.903334,7.078439,4.867956,4.694854",0.08198818252234603,0.0032552083333333335,25.1867696708647,"43,80,126,76,174","35.678013,33.563457,33.155685,31.403984,30.44323",0.06892794350889128,0.026041666666666668,2.646833030741425,43,False
Qwen2.5-1.5B-Instruct,GPTQ_4bit,Prompt_04,12,mlp,192,1536,9646.1484375,"1421,609,865,321,580","240.282379,36.665661,13.171529,11.118221,11.103703",0.032379917614057424,0.0032552083333333335,9.947110691038441,"33,34,140,43,37","115.696571,103.758736,97.561966,97.129333,94.797112",0.052761340848476605,0.026041666666666668,2.0260354885815017,33,False
Qwen2.5-1.5B-Instruct,GPTQ_4bit,Prompt_04,13,attn,192,1536,3133.9697265625,"1421,580,356,793,609","82.778763,17.599594,15.599454,15.010364,12.174553",0.045680951705806924,0.0032552083333333335,14.033188364023886,"33,113,34,168,49","42.440563,39.012253,37.4771,33.336582,33.024292",0.05912334926936278,0.026041666666666668,2.270336611943531,33,False
Qwen2.5-1.5B-Instruct,GPTQ_4bit,Prompt_04,13,mlp,192,1536,8618.4072265625,"1421,609,865,1363,203","220.473129,30.481312,11.729676,11.534733,11.273351",0.03312586421074352,0.0032552083333333335,10.176265485540409,"33,37,140,29,34","117.539436,96.662933,90.47908,90.26326,89.578293",0.056219553975190954,0.026041666666666668,2.1588308726473326,29,False
Qwen2.5-1.5B-Instruct,GPTQ_4bit,Prompt_04,14,attn,192,1536,2169.293701171875,"1421,609,580,868,392","108.745445,19.802698,5.924513,4.111021,3.954051",0.06570697868543628,0.0032552083333333335,20.185183852166023,"96,111,126,127,69","45.456066,44.164291,38.729458,31.367323,31.10524",0.08796521540270377,0.026041666666666668,3.3778642714638245,69,False
Qwen2.5-1.5B-Instruct,GPTQ_4bit,Prompt_04,14,mlp,192,1536,10492.095703125,"1421,609,1496,1361,1372","380.702637,49.386341,13.555327,13.521193,12.981926",0.04480967803981159,0.0032552083333333335,13.76553309383012,"33,37,140,29,113","155.092239,138.462448,127.451996,119.61496,106.758873",0.06170173352224042,0.026041666666666668,2.369346567254032,29,False
Qwen2.5-1.5B-Instruct,GPTQ_4bit,Prompt_04,15,attn,192,1536,4414.8115234375,"1421,609,1360,901,253","391.002838,68.946754,18.912445,12.611718,10.489171",0.11369973972336996,0.0032552083333333335,34.928560043019246,"33,140,97,113,38","73.4617,73.126717,66.431282,60.230919,48.125824",0.07279505197901152,0.026041666666666668,2.7953299959940425,33,False
Qwen2.5-1.5B-Instruct,GPTQ_4bit,Prompt_04,15,mlp,192,1536,9053.826171875,"1421,609,113,752,901","340.732697,68.736511,24.668932,19.658148,19.285078",0.052252092196431975,0.0032552083333333335,16.051842722743903,"33,29,97,34,96","157.312469,99.102219,95.36631,91.925468,91.592331",0.05912403849244503,0.026041666666666668,2.2703630781098894,29,False
Qwen2.5-1.5B-Instruct,GPTQ_4bit,Prompt_04,16,attn,192,1536,4073.36865234375,"1421,609,188,795,417","311.000763,49.461422,9.367728,7.750026,7.583235",0.09455642500430639,0.0032552083333333335,29.04773376132292,"46,44,32,38,47","68.543983,57.012733,56.423668,52.559914,51.803333",0.07029651680677859,0.026041666666666668,2.699386245380298,32,False
Qwen2.5-1.5B-Instruct,GPTQ_4bit,Prompt_04,16,mlp,192,1536,11504.8623046875,"1421,609,1272,503,233","381.281738,66.799103,16.300619,14.518555,13.430804",0.042793284093792204,0.0032552083333333335,13.146096873612965,"33,110,34,32,46","177.017853,143.137009,131.946198,130.630249,126.132042",0.06161424487727209,0.026041666666666668,2.365987003287248,32,False
Qwen2.5-1.5B-Instruct,GPTQ_4bit,Prompt_04,17,attn,192,1536,4071.275634765625,"1421,609,817,28,969","285.320801,46.863609,12.348332,10.195939,9.674351",0.08950586458518543,0.0032552083333333335,27.496201600568963,"126,110,124,46,127","66.800049,48.858185,47.101295,42.972691,42.181862",0.060893460610478144,0.026041666666666668,2.3383088874423605,46,False
Qwen2.5-1.5B-Instruct,GPTQ_4bit,Prompt_04,17,mlp,192,1536,14031.4345703125,"1421,609,812,725,503","340.074554,65.842239,18.301479,15.935614,15.826965",0.0324970952323915,0.0032552083333333335,9.983107655390668,"110,33,127,112,125","185.95871,180.551086,156.820389,146.513535,140.36026",0.05774206303939905,0.026041666666666668,2.2172952207129235,33,False
Qwen2.5-1.5B-Instruct,GPTQ_4bit,Prompt_04,18,attn,192,1536,4702.326171875,"1421,609,934,793,1394","212.962585,50.158592,16.17985,13.071088,12.242608",0.06477958024224215,0.0032552083333333335,19.900287050416786,"15,33,141,99,98","57.003845,52.653355,52.642883,50.019241,49.787449",0.055739806408148226,0.026041666666666668,2.140408566072892,15,False
Qwen2.5-1.5B-Instruct,GPTQ_4bit,Prompt_04,18,mlp,192,1536,17052.806640625,"1421,609,113,408,546","454.687012,123.371109,25.661682,23.191799,20.221684",0.037948781885817226,0.0032552083333333335,11.657865795323051,"33,110,140,15,92","227.670776,190.870209,169.745728,166.050995,165.964966",0.053967816194113026,0.026041666666666668,2.07236414185394,15,False
Qwen2.5-1.5B-Instruct,GPTQ_4bit,Prompt_04,19,attn,192,1536,6913.3427734375,"1421,609,1283,793,113","351.918396,125.43364,42.363991,34.814583,23.451668",0.08360388291832073,0.0032552083333333335,25.683112832508126,"126,125,124,111,191","218.39209,205.14299,132.270706,117.922981,111.101929",0.11352405257439933,0.026041666666666668,4.359323618856934,111,False
Qwen2.5-1.5B-Instruct,GPTQ_4bit,Prompt_04,19,mlp,192,1536,25937.951171875,"1421,609,1073,113,865","522.027893,224.088928,58.943756,51.36071,46.430283",0.034808129467025085,0.0032552083333333335,10.693057372270106,"33,110,13,92,15","361.098633,356.740814,277.627716,264.362244,263.313965",0.0587225760606122,0.026041666666666668,2.2549469207275084,13,False
Qwen2.5-1.5B-Instruct,GPTQ_4bit,Prompt_04,20,attn,192,1536,9911.4970703125,"1421,609,1064,1134,1063","900.36908,313.104462,19.576641,17.214418,16.756783",0.1278335124741203,0.0032552083333333335,39.27045503204976,"127,126,125,48,60","191.725143,164.363388,163.853348,162.436493,112.904999",0.0802384664550214,0.026041666666666668,3.081157111872822,48,False
Qwen2.5-1.5B-Instruct,GPTQ_4bit,Prompt_04,20,mlp,192,1536,29371.552734375,"1421,609,392,401,553","648.112976,328.673218,38.730366,37.57214,35.731705",0.03707057793018928,0.0032552083333333335,11.388081540154147,"33,127,14,26,125","439.726013,380.213043,375.792419,364.579132,363.815613",0.06550985704106899,0.026041666666666668,2.515578510377049,14,False
Qwen2.5-1.5B-Instruct,GPTQ_4bit,Prompt_04,21,attn,192,1536,7783.23828125,"1421,609,424,909,1468","238.906342,201.942749,68.598228,32.600418,30.531219",0.07356564167338768,0.0032552083333333335,22.599365122064693,"46,126,108,28,131","97.708176,96.513725,93.523743,88.383041,87.888596",0.05961750831489343,0.026041666666666668,2.289312319291908,28,False
Qwen2.5-1.5B-Instruct,GPTQ_4bit,Prompt_04,21,mlp,192,1536,45072.56640625,"1421,609,865,752,868","435.326996,266.359222,56.40134,55.557831,53.546345",0.01923990226437801,0.0032552083333333335,5.9104979756169245,"34,14,33,110,26","726.456421,657.545105,652.349426,645.646057,575.752808",0.07227788465596754,0.026041666666666668,2.7754707707891537,14,False
Qwen2.5-1.5B-Instruct,GPTQ_4bit,Prompt_04,22,attn,192,1536,8140.07177734375,"609,1421,253,868,1283","220.071777,205.348221,32.802105,28.662376,24.360874",0.06280600163146884,0.0032552083333333335,19.294003701187226,"126,111,42,95,92","168.630447,132.013794,118.669899,98.978584,91.714226",0.07493876893145389,0.026041666666666668,2.8776487269678293,42,False
Qwen2.5-1.5B-Instruct,GPTQ_4bit,Prompt_04,22,mlp,192,1536,57589.890625,"609,1421,1105,503,1073","653.29541,567.913208,85.767632,85.507584,77.572884",0.025526296797425112,0.0032552083333333335,7.8416783761689945,"34,33,26,14,6","1109.728882,1060.926392,998.787048,897.016113,793.503296",0.08438914992404536,0.026041666666666668,3.2405433570833417,6,False
Qwen2.5-1.5B-Instruct,GPTQ_4bit,Prompt_04,23,attn,192,1536,10159.517578125,"609,1421,678,46,771","179.220871,156.324692,34.270596,22.546148,19.607004",0.04055008780348169,0.0032552083333333335,12.456986973229574,"110,126,111,125,109","916.740845,287.565063,278.60257,219.972443,200.150848",0.1873151676393345,0.026041666666666668,7.192902437350445,109,False
Qwen2.5-1.5B-Instruct,GPTQ_4bit,Prompt_04,23,mlp,192,1536,68383.8984375,"609,1421,1105,886,798","594.161011,559.696594,84.997803,80.078583,79.160393",0.020444790577414572,0.0032552083333333335,6.280639665381756,"34,35,33,26,110","2723.802979,1875.803955,1545.107056,1392.593994,959.558899",0.12425245389111267,0.026041666666666668,4.771294229418726,26,False
Qwen2.5-1.5B-Instruct,GPTQ_4bit,Prompt_04,24,attn,192,1536,14076.1591796875,"609,1421,616,507,631","250.48317,200.382553,36.851402,34.571095,32.937927",0.039444434249871325,0.0032552083333333335,12.11733020156047,"12,126,122,111,110","368.629395,336.507202,332.72995,314.392639,306.300354",0.11782756568324919,0.026041666666666668,4.5245785222367685,12,False
Qwen2.5-1.5B-Instruct,GPTQ_4bit,Prompt_04,24,mlp,192,1536,90898.6484375,"1421,609,930,507,990","1514.703247,1388.820801,151.695724,136.790985,118.501534",0.03641982040522983,0.0032552083333333335,11.188168828486603,"34,35,33,80,26","6255.427246,3792.664551,2404.376465,1625.649414,1593.546875",0.17240811946547266,0.026041666666666668,6.62047178747415,26,False
Qwen2.5-1.5B-Instruct,GPTQ_4bit,Prompt_04,25,attn,192,1536,22405.65625,"1421,609,553,1089,503","1893.818115,1889.991699,113.830528,83.316994,62.41774",0.18046224376936068,0.0032552083333333335,55.4380012859476,"120,122,123,110,35","1028.336548,964.31311,597.499817,504.73996,406.637329",0.15627870107436598,0.026041666666666668,6.001102121255653,35,False
Qwen2.5-1.5B-Instruct,GPTQ_4bit,Prompt_04,25,mlp,192,1536,125172.078125,"609,1421,553,1052,183","1901.113159,1606.770752,185.368881,161.688446,161.528946",0.032087589141348294,0.0032552083333333335,9.857307384222196,"34,35,33,26,144","8874.222656,5041.689453,3421.642578,2256.334229,1684.708984",0.16999476221047202,0.026041666666666668,6.527798868882125,26,False
Qwen2.5-1.5B-Instruct,GPTQ_4bit,Prompt_04,26,attn,192,1536,23874.91015625,"1421,609,23,254,1073","3122.548584,2870.211914,91.23481,79.237808,73.032036",0.261205805421061,0.0032552083333333335,80.24242342534993,"35,36,120,126,110","2785.678711,957.37085,564.474121,473.071289,385.590027",0.21638552877407752,0.026041666666666668,8.309204304924576,35,False
Qwen2.5-1.5B-Instruct,GPTQ_4bit,Prompt_04,26,mlp,192,1536,395922.5,"520,408,940,609,1421","57746.285156,55913.367188,52149.761719,38981.21875,5299.01709",0.5306332836603123,0.0032552083333333335,163.01054474044793,"0,35,34,36,145","221629.703125,14367.544922,6223.058105,4618.934082,2956.507812",0.6309208636159854,0.026041666666666668,24.22736116285384,0,True
Qwen2.5-1.5B-Instruct,GPTQ_4bit,Prompt_04,27,attn,192,1536,55434.546875,"1421,609,580,1424,113","4060.114258,3610.613037,1893.65686,1450.465576,1401.61853",0.22398431032543728,0.0032552083333333335,68.80798013197433,"35,36,80,120,79","4765.055176,4634.000488,2253.304199,1849.571289,1386.302979",0.2685732307893515,0.026041666666666668,10.313212062311099,35,False
Qwen2.5-1.5B-Instruct,GPTQ_4bit,Prompt_04,27,mlp,192,1536,272321.5625,"609,1421,503,1424,909","27690.9375,24247.554688,7131.61084,4695.158203,4420.733887",0.2503877825961725,0.0032552083333333335,76.9191268135442,"0,35,125,126,120","14451.5625,11016.636719,10647.111328,9676.101562,7448.20752",0.1955027604084785,0.026041666666666668,7.507305999685574,0,True
Qwen2.5-1.5B-Instruct,GPTQ_3bit,Prompt_01,0,attn,305,1536,2059.71630859375,"573,1441,1440,327,1415","12.316907,11.614253,9.201075,9.111575,8.989165",0.024873801694118885,0.0032552083333333335,7.641231880433321,"211,0,304,122,208","30.542786,22.297489,18.382694,17.954678,17.9286",0.05200048497036364,0.01639344262295082,3.172029583192182,0,True
Qwen2.5-1.5B-Instruct,GPTQ_3bit,Prompt_01,0,mlp,305,1536,5804.9873046875,"1421,609,108,143,350","40.210346,18.464382,17.716419,13.960766,11.861983",0.017607945089309823,0.0032552083333333335,5.4091607314359775,"208,304,122,210,124","258.998138,257.455994,247.46048,160.042206,149.902863",0.18498916274008054,0.01639344262295082,11.284338927144912,122,False
Qwen2.5-1.5B-Instruct,GPTQ_3bit,Prompt_01,1,attn,305,1536,1433.7730712890625,"609,1421,969,1360,507","8.220088,7.98299,6.23678,5.985879,5.718684",0.023814382699405192,0.0032552083333333335,7.315778365257275,"1,0,2,3,4","39.810375,36.949493,27.571594,14.849979,14.26193",0.0930714750513581,0.01639344262295082,5.677359978132844,0,True
Qwen2.5-1.5B-Instruct,GPTQ_3bit,Prompt_01,1,mlp,305,1536,1674041.875,"408,520,940,609,286","574577.0,390630.875,323768.5,190122.375,21029.283203",0.8961114697325,0.0032552083333333335,275.285443501824,"0,1,208,122,124","1666185.875,518.136108,264.343231,247.490692,242.673416",0.9960673773468182,0.01639344262295082,60.760110018155906,0,True
Qwen2.5-1.5B-Instruct,GPTQ_3bit,Prompt_01,2,attn,305,1536,4277.94921875,"1421,609,1073,1038,28","44.732475,24.100573,21.37348,14.981791,13.451821",0.02773294647789582,0.0032552083333333335,8.519561158009596,"211,126,255,125,256","47.06007,45.044571,44.144718,41.794601,36.696217",0.05019698980966165,0.01639344262295082,3.06201637838936,125,False
Qwen2.5-1.5B-Instruct,GPTQ_3bit,Prompt_01,2,mlp,305,1536,283104.15625,"408,520,940,609,286","78450.945312,58630.867188,55763.5625,41732.421875,4499.78125",0.8444862883393291,0.0032552083333333335,259.4261877778419,"0,1,113,122,124","267674.1875,291.083435,280.660522,253.398575,253.282227",0.9493065328319424,0.01639344262295082,57.90769850274849,0,True
Qwen2.5-1.5B-Instruct,GPTQ_3bit,Prompt_01,3,attn,305,1536,6170.6650390625,"1421,1360,609,1187,113","84.697823,47.21701,36.902172,26.682886,24.340185",0.035626644210787525,0.0032552083333333335,10.944505101553927,"210,124,54,113,125","57.910759,56.277756,53.937912,52.062351,50.797401",0.04391523017724519,0.01639344262295082,2.6788290408119564,54,False
Qwen2.5-1.5B-Instruct,GPTQ_3bit,Prompt_01,3,mlp,305,1536,20563.82421875,"1421,609,408,887,497","226.931564,69.921371,31.236042,25.226213,24.126873",0.018354663686172185,0.0032552083333333335,5.638552684392095,"1,165,125,211,102","293.045837,253.770569,231.187286,227.324646,222.328278",0.05969982651193246,0.01639344262295082,3.6416894172278798,1,False
Qwen2.5-1.5B-Instruct,GPTQ_3bit,Prompt_01,4,attn,305,1536,7603.94775390625,"1421,609,408,33,1187","111.984596,37.462112,29.411518,26.540819,23.073702",0.03004659621515217,0.0032552083333333335,9.230314357294747,"24,299,25,125,32","70.678215,63.806877,63.40102,59.099831,50.827927",0.04048079803453246,0.01639344262295082,2.46932868010648,24,False
Qwen2.5-1.5B-Instruct,GPTQ_3bit,Prompt_01,4,mlp,305,1536,32062.619140625,"1421,609,1313,1279,1156","311.585846,79.228531,39.28896,39.119015,38.020611",0.01582038411193769,0.0032552083333333335,4.860021999187259,"1,125,102,165,24","396.136688,359.186035,356.15686,328.225739,275.021484",0.05348055937413975,0.01639344262295082,3.2623141218225244,1,False
Qwen2.5-1.5B-Instruct,GPTQ_3bit,Prompt_01,5,attn,305,1536,11456.7958984375,"1421,609,580,28,868","686.728394,123.637421,37.381989,31.926498,29.661905",0.0793708982600137,0.0032552083333333335,24.382739945476207,"3,8,125,115,114","110.294861,87.522179,77.195076,76.753876,74.882988",0.037239817362426215,0.01639344262295082,2.271628859107999,3,False
Qwen2.5-1.5B-Instruct,GPTQ_3bit,Prompt_01,5,mlp,305,1536,29602.642578125,"1421,609,33,739,1494","1938.896484,340.86911,59.601547,57.60471,44.257679",0.0824666070180997,0.0032552083333333335,25.333741675960226,"1,102,165,125,5","393.444672,301.130615,277.055969,263.623779,261.07135",0.050547055455155275,0.01639344262295082,3.0833703827644716,1,False
Qwen2.5-1.5B-Instruct,GPTQ_3bit,Prompt_01,6,attn,305,1536,7163.66015625,"1421,356,609,940,1200","161.024673,38.548283,36.964977,28.64035,24.503941",0.04043773910830325,0.0032552083333333335,12.422473454070758,"78,256,257,77,53","81.983978,78.88031,66.509445,65.546608,61.288902",0.049445290718344595,0.01639344262295082,3.0161627338190202,53,False
Qwen2.5-1.5B-Instruct,GPTQ_3bit,Prompt_01,6,mlp,305,1536,43429.71875,"1421,609,995,1054,451","304.382233,64.083611,56.939491,48.461609,48.273682",0.012022657296163126,0.0032552083333333335,3.693360321381312,"5,102,1,118,24","512.776062,465.313965,435.392456,387.423798,383.611145",0.050300057123542276,0.01639344262295082,3.0683034845360786,1,False
Qwen2.5-1.5B-Instruct,GPTQ_3bit,Prompt_01,7,attn,305,1536,9786.2421875,"1421,356,609,793,900","540.993469,61.241985,59.720043,56.673065,50.662014",0.07860938985613572,0.0032552083333333335,24.14880456380489,"5,110,8,32,126","81.148926,69.408836,63.416229,61.750576,61.057514",0.03441382989732077,0.01639344262295082,2.0992436237365673,5,False
Qwen2.5-1.5B-Instruct,GPTQ_3bit,Prompt_01,7,mlp,305,1536,43646.15625,"1421,609,1354,408,113","568.052002,109.750465,60.666122,53.073021,51.722237",0.019320460893517254,0.0032552083333333335,5.9352455864885005,"1,5,102,118,24","512.85022,495.488617,461.08374,437.600098,391.790558",0.05266931684097325,0.01639344262295082,3.212828327299368,1,False
Qwen2.5-1.5B-Instruct,GPTQ_3bit,Prompt_01,8,attn,305,1536,12420.17578125,"1421,609,28,865,422","469.578186,42.540142,33.707809,31.840694,22.451643",0.04831803348099504,0.0032552083333333335,14.843299885361676,"245,111,114,64,238","108.367256,104.623726,102.986504,100.590675,95.194389",0.041204130419569975,0.01639344262295082,2.5134519555937684,64,False
Qwen2.5-1.5B-Instruct,GPTQ_3bit,Prompt_01,8,mlp,305,1536,48176.6328125,"1421,609,681,590,461","864.994873,110.593788,53.710114,53.323673,53.025139",0.023572581077379806,0.0032552083333333335,7.241496906971076,"102,1,5,118,7","580.344055,535.525146,518.06958,476.522339,425.657593",0.052642090247654746,0.01639344262295082,3.2111675051069395,1,False
Qwen2.5-1.5B-Instruct,GPTQ_3bit,Prompt_01,9,attn,305,1536,11709.646484375,"1421,609,113,901,580","1082.211426,146.738586,28.449129,26.789066,24.307526",0.11174510940915935,0.0032552083333333335,34.32809761049375,"64,208,66,182,168","191.927429,108.030785,104.310745,94.906555,91.460495",0.050440126279765,0.01639344262295082,3.0768477030656647,64,False
Qwen2.5-1.5B-Instruct,GPTQ_3bit,Prompt_01,9,mlp,305,1536,51724.33984375,"1421,609,1395,173,408","1559.416504,169.199677,58.062462,55.721352,54.565052",0.03667451520156696,0.0032552083333333335,11.26641106992137,"5,102,7,1,30","608.089417,570.119751,497.339569,480.838562,477.607452",0.050923702090808765,0.01639344262295082,3.1063458275393345,1,False
Qwen2.5-1.5B-Instruct,GPTQ_3bit,Prompt_01,10,attn,305,1536,20728.59765625,"1421,609,865,752,793","1627.420532,172.713928,52.382969,39.14291,38.71941",0.09312639816180884,0.0032552083333333335,28.608429515307677,"64,110,109,65,107","178.505615,151.25827,147.752686,147.56102,138.965561",0.036859377829655246,0.01639344262295082,2.24842204760897,64,False
Qwen2.5-1.5B-Instruct,GPTQ_3bit,Prompt_01,10,mlp,305,1536,55798.296875,"1421,609,408,675,1395","2080.016846,212.117493,85.801903,72.060547,70.668213",0.04517458740200124,0.0032552083333333335,13.87763324989478,"102,30,214,7,5","516.199646,513.753174,512.696106,474.645996,468.520386",0.0445500189927952,0.01639344262295082,2.7175511585605068,5,False
Qwen2.5-1.5B-Instruct,GPTQ_3bit,Prompt_01,11,attn,305,1536,23914.009765625,"1421,609,868,544,865","2985.828613,341.876007,47.935547,45.162556,43.898243",0.14488163890920047,0.0032552083333333335,44.507639472906384,"210,68,33,213,133","216.890396,202.019318,180.22908,178.4646,156.563354",0.03906357387018086,0.01639344262295082,2.3828780060810324,33,False
Qwen2.5-1.5B-Instruct,GPTQ_3bit,Prompt_01,11,mlp,305,1536,55958.4765625,"1421,609,408,752,1395","3684.526611,482.043701,86.594612,84.015488,82.343658",0.078978640691305,0.0032552083333333335,24.262238420368895,"5,4,214,244,109","515.931763,487.852081,474.761597,474.729065,469.244049",0.043291360013737866,0.01639344262295082,2.6407729608380097,4,False
Qwen2.5-1.5B-Instruct,GPTQ_3bit,Prompt_01,12,attn,305,1536,17500.775390625,"1421,609,1521,1014,1038","1914.469238,246.703674,40.123016,32.913479,29.264278",0.12933563378944035,0.0032552083333333335,39.73190670011608,"245,210,124,78,113","164.014069,153.930008,147.434204,143.391174,138.246567",0.042684736792354176,0.01639344262295082,2.6037689443336047,78,False
Qwen2.5-1.5B-Instruct,GPTQ_3bit,Prompt_01,12,mlp,305,1536,55792.2890625,"1421,609,717,257,793","1753.047363,220.509674,78.564484,76.522926,76.131073",0.03951756903710792,0.0032552083333333335,12.139797208199553,"65,244,214,30,102","570.529297,501.642944,478.161896,473.485077,430.923767",0.04399788861812081,0.01639344262295082,2.683871205705369,30,False
Qwen2.5-1.5B-Instruct,GPTQ_3bit,Prompt_01,13,attn,305,1536,17562.16796875,"1421,609,1283,865,580","693.50116,121.903748,113.056091,73.225769,72.20694",0.061148133917122545,0.0032552083333333335,18.784706739340045,"65,211,126,125,8","135.568893,126.994621,126.060585,114.085289,113.977158",0.03511448726232591,0.01639344262295082,2.1419837230018803,8,False
Qwen2.5-1.5B-Instruct,GPTQ_3bit,Prompt_01,13,mlp,305,1536,52505.15625,"1421,609,1119,830,739","1646.359497,228.756638,60.44183,60.114906,59.393246",0.039140268589692086,0.0032552083333333335,12.023890510753407,"65,244,30,214,102","519.456177,499.917755,464.486938,449.07019,391.892059",0.044277998738219165,0.01639344262295082,2.700957923031369,30,False
Qwen2.5-1.5B-Instruct,GPTQ_3bit,Prompt_01,14,attn,305,1536,19459.904296875,"1421,609,793,580,1283","1018.261536,142.701447,83.574326,46.838997,41.455837",0.06849119774624726,0.0032552083333333335,21.04049594764716,"210,304,245,124,213","244.26825,229.496567,185.992706,179.544128,170.596588",0.05189636284885057,0.01639344262295082,3.1656781337798843,124,False
Qwen2.5-1.5B-Instruct,GPTQ_3bit,Prompt_01,14,mlp,305,1536,70509.3671875,"1421,609,1496,1511,793","2289.274902,309.02298,107.781609,88.601891,87.174339",0.04087195196471568,0.0032552083333333335,12.555863643560656,"65,244,30,7,214","737.211853,635.384216,613.146851,612.322144,585.965149",0.04515754998864845,0.01639344262295082,2.7546105493075554,7,False
Qwen2.5-1.5B-Instruct,GPTQ_3bit,Prompt_01,15,attn,305,1536,31087.427734375,"1421,609,1424,580,113","1985.505005,319.533112,103.737328,97.812439,79.330505",0.0831821300599877,0.0032552083333333335,25.55355035442822,"22,30,123,27,20","214.842453,210.340576,202.523285,192.595337,186.241547",0.03237782236249921,0.01639344262295082,1.9750471641124518,20,False
Qwen2.5-1.5B-Instruct,GPTQ_3bit,Prompt_01,15,mlp,305,1536,64491.2109375,"1421,609,113,900,793","3253.226318,545.617981,176.15152,112.436821,102.447655",0.06496823846514937,0.0032552083333333335,19.958242856493886,"244,65,28,30,7","505.361053,502.506226,500.435486,495.773468,464.495789",0.03827765032783658,0.01639344262295082,2.334936669998031,7,False
Qwen2.5-1.5B-Instruct,GPTQ_3bit,Prompt_01,16,attn,305,1536,25021.0390625,"1421,609,865,793,445","2217.499756,396.062836,98.510834,65.363434,44.360142",0.11277696613443748,0.0032552083333333335,34.645083996499196,"245,298,243,113,18","282.366028,205.478668,191.24942,181.019653,173.561111",0.04131222536783888,0.01639344262295082,2.5200457474381714,18,False
Qwen2.5-1.5B-Instruct,GPTQ_3bit,Prompt_01,16,mlp,305,1536,78359.0546875,"1421,609,503,148,901","2547.106201,497.954132,95.974991,95.447098,94.883415",0.04251411321820957,0.0032552083333333335,13.060335580633978,"244,65,214,28,30","767.754395,721.460266,695.081299,661.066833,628.856873",0.04433718273424647,0.01639344262295082,2.704568146789035,28,False
Qwen2.5-1.5B-Instruct,GPTQ_3bit,Prompt_01,17,attn,305,1536,28167.564453125,"1421,609,969,526,1468","1642.450317,246.975098,64.708092,55.138226,46.321537",0.0729773163433978,0.0032552083333333335,22.4186315806918,"254,255,119,262,120","280.248505,241.612564,241.342773,228.769623,223.318466",0.04314508171764773,0.01639344262295082,2.6318499847765113,119,False
Qwen2.5-1.5B-Instruct,GPTQ_3bit,Prompt_01,17,mlp,305,1536,99790.3671875,"1421,609,408,503,1279","2864.449707,589.657654,121.785744,121.353722,106.812706",0.03812050879785726,0.0032552083333333335,11.710620302701749,"28,65,244,126,19","998.533875,915.203857,882.764099,851.334595,830.149292",0.04487392887762291,0.01639344262295082,2.7373096615349977,19,False
Qwen2.5-1.5B-Instruct,GPTQ_3bit,Prompt_01,18,attn,305,1536,36714.6015625,"1421,609,900,507,752","1376.045654,375.097778,163.046524,158.44725,141.868317",0.060316754669516914,0.0032552083333333335,18.529307034475597,"65,126,110,119,113","286.757874,284.045288,272.032257,265.125671,258.884399",0.03722893347099428,0.01639344262295082,2.270964941730651,65,False
Qwen2.5-1.5B-Instruct,GPTQ_3bit,Prompt_01,18,mlp,305,1536,126375.1171875,"1421,609,1360,58,553","3329.459961,1034.22998,144.999207,143.483047,134.638229",0.037877789276283436,0.0032552083333333335,11.636056865674272,"244,65,214,28,126","1307.210449,1207.195923,1191.517334,1133.415894,1100.912231",0.047004917465766446,0.01639344262295082,2.8672999654117532,28,False
Qwen2.5-1.5B-Instruct,GPTQ_3bit,Prompt_01,19,attn,305,1536,59428.171875,"1421,609,253,793,865","3165.70459,1175.802002,246.928894,220.235123,208.9039",0.08443090306233654,0.0032552083333333335,25.937173420749783,"210,209,124,224,208","811.027466,751.78241,743.133423,734.054138,633.743958",0.061818184596793974,0.01639344262295082,3.7709092604044323,124,False
Qwen2.5-1.5B-Instruct,GPTQ_3bit,Prompt_01,19,mlp,305,1536,198967.78125,"1421,609,1200,1424,113","5747.117676,2380.774658,387.828674,376.523926,370.211243",0.04655254721673688,0.0032552083333333335,14.300942504981569,"244,65,214,32,31","2408.850098,1816.763428,1792.760498,1711.46228,1610.508545",0.04694400604903212,0.01639344262295082,2.8635843689909595,31,False
Qwen2.5-1.5B-Instruct,GPTQ_3bit,Prompt_01,20,attn,305,1536,67757.296875,"1421,609,643,706,145","6930.053223,2592.539062,120.546181,110.204109,105.12899",0.14549681226676,0.0032552083333333335,44.69662072834867,"126,213,210,244,17","611.885193,560.402771,510.035156,498.116852,481.84552",0.03929149726032736,0.01639344262295082,2.3967813328799688,17,False
Qwen2.5-1.5B-Instruct,GPTQ_3bit,Prompt_01,20,mlp,305,1536,217106.375,"1421,609,553,170,886","3223.143799,1367.852539,240.69368,233.873444,227.427841",0.024379713451240206,0.0032552083333333335,7.489447972220991,"244,19,214,125,26","2176.27417,2157.381104,2134.851318,2064.574707,2040.543701",0.04870250815988245,0.01639344262295082,2.9708529977528295,19,False
Qwen2.5-1.5B-Instruct,GPTQ_3bit,Prompt_01,21,attn,305,1536,47944.67578125,"1421,609,553,909,424","1245.188477,770.431702,210.457886,177.78476,176.59903",0.053821657400208264,0.0032552083333333335,16.534013153343977,"273,114,19,22,16","445.11322,383.186401,344.770264,331.427216,312.125549",0.03788997737626791,0.01639344262295082,2.3112886199523426,16,False
Qwen2.5-1.5B-Instruct,GPTQ_3bit,Prompt_01,21,mlp,305,1536,314215.40625,"1421,609,553,503,1446","3844.690918,2465.219727,488.414093,446.355408,344.205109",0.024151856029198917,0.0032552083333333335,7.419450172169907,"19,20,9,28,31","3433.146973,3271.940918,3081.883545,3052.820312,3039.215088",0.05053541780603732,0.01639344262295082,3.0826604861682765,9,False
Qwen2.5-1.5B-Instruct,GPTQ_3bit,Prompt_01,22,attn,305,1536,66463.734375,"609,1421,865,95,868","1774.255005,1052.392822,202.5,197.027924,171.419312",0.05111953161604343,0.0032552083333333335,15.70392011244854,"15,210,24,293,244","589.917053,582.766174,573.594238,559.566101,553.34082",0.04301871318334082,0.01639344262295082,2.62414150418379,15,False
Qwen2.5-1.5B-Instruct,GPTQ_3bit,Prompt_01,22,mlp,305,1536,372095.9375,"609,1421,553,1073,1424","6291.463867,4288.914062,564.188232,563.906067,549.52771",0.03294311961296944,0.0032552083333333335,10.120126345104211,"20,19,9,26,21","5145.908203,4800.946289,4437.731445,4211.709473,4027.498535",0.06080096740843885,0.01639344262295082,3.7088590119147695,9,False
Qwen2.5-1.5B-Instruct,GPTQ_3bit,Prompt_01,23,attn,305,1536,73616.6640625,"609,1421,1327,1200,1070","1538.403564,1325.397949,183.104691,147.214188,139.834198",0.0452880422157305,0.0032552083333333335,13.912486568672408,"210,124,209,232,286","1371.692627,1002.43103,895.119263,894.567993,793.730347",0.06734264692320321,0.01639344262295082,4.107901462315396,124,False
Qwen2.5-1.5B-Instruct,GPTQ_3bit,Prompt_01,23,mlp,305,1536,403718.46875,"609,1421,553,295,1105","3809.189453,3475.38916,556.85321,453.813263,447.035706",0.021654400099822037,0.0032552083333333335,6.65223171066533,"20,31,19,7,21","6077.104004,5766.154785,5704.046875,5350.065918,4761.360352",0.06850995077711565,0.01639344262295082,4.1791069974040544,7,False
Qwen2.5-1.5B-Instruct,GPTQ_3bit,Prompt_01,24,attn,305,1536,115852.21875,"609,1421,1050,909,305","2316.002441,2293.335449,245.892059,240.343323,234.169022",0.04600466218951892,0.0032552083333333335,14.132632224620213,"286,295,65,211,102","1546.008667,1297.458374,1264.952026,1117.578613,1101.357178",0.05461574278627055,0.01639344262295082,3.3315603099625033,65,False
Qwen2.5-1.5B-Instruct,GPTQ_3bit,Prompt_01,24,mlp,305,1536,479204.0,"1421,609,507,1285,611","8644.763672,8357.47168,711.287659,608.756104,597.353821",0.03948137497287168,0.0032552083333333335,12.12867839166618,"31,20,26,19,7","7995.736328,7694.501953,7459.452637,6725.79834,6580.117188",0.07607533632596973,0.01639344262295082,4.640595515884153,7,False
Qwen2.5-1.5B-Instruct,GPTQ_3bit,Prompt_01,25,attn,305,1536,131199.375,"1421,609,23,118,893","5570.711914,5419.700684,404.018372,391.7341,379.338745",0.0927253264949814,0.0032552083333333335,28.485220299258284,"126,286,123,28,24","1917.139282,1911.141846,1642.163452,1279.412354,1200.056519",0.06059414583720387,0.01639344262295082,3.696242896069436,24,False
Qwen2.5-1.5B-Instruct,GPTQ_3bit,Prompt_01,25,mlp,305,1536,611936.625,"609,1421,611,553,503","10335.302734,9404.546875,1047.443237,1003.063354,785.615784",0.036892661397942964,0.0032552083333333335,11.333425581448077,"19,20,7,26,31","10935.789062,9845.652344,9510.432617,9153.561523,8979.290039",0.07913356479112522,0.01639344262295082,4.827147452258639,7,False
Qwen2.5-1.5B-Instruct,GPTQ_3bit,Prompt_01,26,attn,305,1536,107519.484375,"1421,609,1201,1404,23","9281.232422,9090.174805,185.117661,184.497742,173.717651",0.17591918659510405,0.0032552083333333335,54.042374122015964,"295,286,285,303,293","2490.572021,2149.901123,1935.945435,1504.261963,1465.058228",0.08878147376485686,0.01639344262295082,5.415669899656268,285,False
Qwen2.5-1.5B-Instruct,GPTQ_3bit,Prompt_01,26,mlp,305,1536,4447439.5,"408,520,940,609,286","1246559.375,892244.8125,686739.4375,519924.90625,53724.285156",0.7643033705124038,0.0032552083333333335,234.79399542141044,"0,10,19,26,7","3665158.75,15807.400391,12630.042969,12140.860352,11803.494141",0.8358833211783994,0.01639344262295082,50.98888259188236,0,True
Qwen2.5-1.5B-Instruct,GPTQ_3bit,Prompt_01,27,attn,305,1536,317123.625,"1421,609,1424,900,113","29769.992188,23371.164062,17007.220703,9000.393555,7417.928223",0.2729746019789601,0.0032552083333333335,83.85779772793654,"155,286,180,303,170","4491.133789,4096.217773,3667.946533,3611.767334,3508.558105",0.061098012003599544,0.01639344262295082,3.726978732219572,155,False
Qwen2.5-1.5B-Instruct,GPTQ_3bit,Prompt_01,27,mlp,305,1536,1962457.0,"609,1421,503,1424,909","297630.1875,280712.71875,62087.046875,51083.59375,35691.441406",0.3705584377135397,0.0032552083333333335,113.83555206559939,"0,116,227,10,23","95356.757812,34238.6875,33991.375,27502.183594,25899.007812",0.11056956439045544,0.01639344262295082,6.744743427817782,0,True
Qwen2.5-1.5B-Instruct,GPTQ_3bit,Prompt_02,0,attn,284,1536,1928.175048828125,"573,1415,327,395,478","10.070531,8.787422,8.665044,8.265933,8.209339",0.022818606720474865,0.0032552083333333335,7.009875984529878,"98,0,95,77,283","32.632935,22.321234,18.446953,18.221439,17.864511",0.05678274691512389,0.017605633802816902,3.2252600247790366,0,True
Qwen2.5-1.5B-Instruct,GPTQ_3bit,Prompt_02,0,mlp,284,1536,5302.44384765625,"1421,609,108,143,350","40.194721,17.440943,16.912172,14.615805,10.594947",0.018813700543445982,0.0032552083333333335,5.779568806946606,"95,77,283,97,79","255.78949,255.622925,238.758408,157.956757,148.359192",0.19924526251668484,0.017605633802816902,11.317130910947698,77,False
Qwen2.5-1.5B-Instruct,GPTQ_3bit,Prompt_02,1,attn,284,1536,1174.0003662109375,"969,1421,1360,609,580","6.538958,6.473982,4.906172,4.4004,3.970011",0.022393114035575687,0.0032552083333333335,6.879164631728851,"1,0,2,3,4","39.806702,36.851372,27.604874,14.892536,14.285254",0.11366328214526758,0.017605633802816902,6.456074425851198,0,True
Qwen2.5-1.5B-Instruct,GPTQ_3bit,Prompt_02,1,mlp,284,1536,1751219.625,"408,520,940,609,286","599086.8125,410887.625,342232.3125,197160.09375,22204.990234",0.8974156368308173,0.0032552083333333335,275.68608363442706,"0,1,77,95,283","1744096.875,532.299072,239.702209,225.773315,223.724167",0.9966302056488203,0.017605633802816902,56.60859568085299,0,True
Qwen2.5-1.5B-Instruct,GPTQ_3bit,Prompt_02,2,attn,284,1536,3539.808349609375,"1421,580,609,1073,28","39.424702,17.603588,16.517555,14.660842,14.02013",0.02887919462682223,0.0032552083333333335,8.871688589359788,"80,79,98,95,283","50.873043,45.267738,41.383198,40.921154,39.249317",0.06149893906878759,0.017605633802816902,3.493139739107135,79,False
Qwen2.5-1.5B-Instruct,GPTQ_3bit,Prompt_02,2,mlp,284,1536,282154.5625,"408,520,940,609,286","78451.101562,58620.140625,55740.617188,41708.71875,4499.510254",0.8471246809982029,0.0032552083333333335,260.2367020026479,"0,1,77,39,283","267672.96875,292.420563,249.808578,245.244202,227.676849",0.9522728345036066,0.017605633802816902,54.08909699980485,0,True
Qwen2.5-1.5B-Instruct,GPTQ_3bit,Prompt_02,3,attn,284,1536,5240.24951171875,"1421,1360,580,609,113","52.655441,41.99472,35.888493,18.774059,17.291508",0.03179318411398551,0.0032552083333333335,9.766866159816349,"97,80,79,81,151","66.278427,61.632271,59.407307,56.618828,46.522346",0.05542849950768871,0.017605633802816902,3.1483387720367184,79,False
Qwen2.5-1.5B-Instruct,GPTQ_3bit,Prompt_02,3,mlp,284,1536,18411.16015625,"1421,609,1208,592,33","145.311508,48.594109,21.18693,20.510231,20.038977",0.013885151830782832,0.0032552083333333335,4.2655186424164855,"159,163,1,193,197","317.975128,297.153931,292.831238,287.033508,247.554321",0.07835183027363031,0.017605633802816902,4.450383959542202,1,False
Qwen2.5-1.5B-Instruct,GPTQ_3bit,Prompt_02,4,attn,284,1536,6418.43408203125,"1421,865,580,356,113","55.845249,25.47427,21.70989,16.950899,15.860724",0.021164201766259643,0.0032552083333333335,6.501642782594962,"80,97,81,19,79","64.594498,63.186195,57.348053,57.008724,48.507835",0.045282897740296216,0.017605633802816902,2.572068591648825,19,False
Qwen2.5-1.5B-Instruct,GPTQ_3bit,Prompt_02,4,mlp,284,1536,29651.23828125,"1421,609,252,1420,1279","271.76886,67.122635,38.07909,35.027775,32.341316",0.014985534716285694,0.0032552083333333335,4.603556264842965,"159,193,1,163,80","532.67157,468.300018,396.626587,353.25827,310.295776",0.06951318795049269,0.017605633802816902,3.9483490755879846,1,False
Qwen2.5-1.5B-Instruct,GPTQ_3bit,Prompt_02,5,attn,284,1536,8946.1171875,"1421,609,580,739,1404","599.751526,108.247467,27.292746,19.678373,18.367901",0.08644398418744864,0.0032552083333333335,26.555591942384222,"3,80,8,9,125","110.100784,96.43187,89.524292,81.973969,69.869621",0.05006647396020271,0.017605633802816902,2.843775720939514,3,False
Qwen2.5-1.5B-Instruct,GPTQ_3bit,Prompt_02,5,mlp,284,1536,33914.30078125,"1421,609,674,739,1363","1340.996094,231.325409,69.452026,65.28112,52.453419",0.051881006422322996,0.0032552083333333335,15.937845172937624,"163,159,197,193,237","752.196655,718.632507,674.005676,596.255493,569.351624",0.09761197542841499,0.017605633802816902,5.544360204333971,159,False
Qwen2.5-1.5B-Instruct,GPTQ_3bit,Prompt_02,6,attn,284,1536,6804.3583984375,"1421,609,1395,793,356","141.161926,33.018696,26.426083,23.95133,22.795677",0.03635224653158455,0.0032552083333333335,11.167410134502774,"154,237,150,5,147","69.926132,66.610382,65.422386,59.525326,56.745258",0.04676847890031421,0.017605633802816902,2.656449601537847,5,False
Qwen2.5-1.5B-Instruct,GPTQ_3bit,Prompt_02,6,mlp,284,1536,44704.7421875,"1421,1054,609,1395,555","233.277222,64.484001,60.582741,58.800915,51.661972",0.010486736558770068,0.0032552083333333335,3.2215254708541647,"159,5,163,197,1","525.156372,512.257935,496.184204,440.506561,436.133057",0.053914594272804185,0.017605633802816902,3.0623489546952776,1,False
Qwen2.5-1.5B-Instruct,GPTQ_3bit,Prompt_02,7,attn,284,1536,9587.2431640625,"1421,609,900,1290,113","815.647339,111.999954,47.535053,42.722355,40.061554",0.1103514501946913,0.0032552083333333335,33.89996549980916,"5,163,81,197,12","79.893478,79.273384,74.439262,70.502785,70.391869",0.03906240370988589,0.017605633802816902,2.2187445307215183,5,False
Qwen2.5-1.5B-Instruct,GPTQ_3bit,Prompt_02,7,mlp,284,1536,49040.7890625,"1421,609,508,471,545","726.099915,114.043594,66.32254,59.97802,53.858395",0.020805180947110195,0.0032552083333333335,6.3913515869522515,"159,91,163,193,1","637.890747,553.730896,535.483887,522.547607,512.5625",0.05632485995793361,0.017605633802816902,3.199252045610629,1,False
Qwen2.5-1.5B-Instruct,GPTQ_3bit,Prompt_02,8,attn,284,1536,10265.40234375,"1421,865,609,580,901","186.530792,27.378222,21.857241,21.759531,21.248766",0.02715670821246884,0.0032552083333333335,8.342540762870428,"81,102,244,101,19","115.361565,100.317406,89.100876,84.086723,82.235275",0.04589219710054594,0.017605633802816902,2.6066767953110093,19,False
Qwen2.5-1.5B-Instruct,GPTQ_3bit,Prompt_02,8,mlp,284,1536,53508.9609375,"1421,609,399,361,896","795.615356,81.380661,66.006866,60.720417,60.686161",0.019892173707908446,0.0032552083333333335,6.110875763069474,"91,109,181,128,236","803.998901,726.810425,683.094299,653.721619,566.447266",0.06417752185053117,0.017605633802816902,3.6452832411101705,91,False
Qwen2.5-1.5B-Instruct,GPTQ_3bit,Prompt_02,9,attn,284,1536,9284.361328125,"1421,609,793,113,580","521.704163,79.192719,30.630968,30.036671,23.602385",0.07379796056372516,0.0032552083333333335,22.670733485176367,"81,95,41,283,19","110.769241,80.015678,78.166611,75.748665,75.120216",0.04521801982205881,0.017605633802816902,2.56838352589294,19,False
Qwen2.5-1.5B-Instruct,GPTQ_3bit,Prompt_02,9,mlp,284,1536,54770.68359375,"1421,609,748,1047,1395","1431.628052,149.394028,71.867744,63.359406,60.559837",0.032440878321153645,0.0032552083333333335,9.965837820258399,"91,109,163,5,128","738.498779,658.50116,637.44635,604.918762,578.204224",0.05874619195302574,0.017605633802816902,3.3367837029318617,5,False
Qwen2.5-1.5B-Instruct,GPTQ_3bit,Prompt_02,10,attn,284,1536,18227.6328125,"1421,609,865,507,356","1882.236328,186.765533,32.338573,31.69595,29.633852",0.11864790301641095,0.0032552083333333335,36.44863580664144,"145,44,98,97,42","210.991211,162.834564,141.968643,141.813354,138.012238",0.043649112493179786,0.017605633802816902,2.4792695896126116,42,False
Qwen2.5-1.5B-Instruct,GPTQ_3bit,Prompt_02,10,mlp,284,1536,54679.11328125,"1421,609,408,993,264","2797.663574,342.630127,94.209183,64.649826,60.748772",0.061447624324958976,0.0032552083333333335,18.876710192627396,"109,128,91,163,181","610.880493,566.370667,565.592773,505.536499,491.559509",0.050109443569667435,0.017605633802816902,2.84621639475711,91,False
Qwen2.5-1.5B-Instruct,GPTQ_3bit,Prompt_02,11,attn,284,1536,21631.93359375,"1421,609,1372,1395,901","2893.674072,355.503265,48.015133,41.59547,39.5145",0.15617199597311193,0.0032552083333333335,47.97603716293998,"97,79,52,80,42","232.156891,194.347702,174.902237,162.45079,147.289352",0.04212045902912271,0.017605633802816902,2.3924420728541698,42,False
Qwen2.5-1.5B-Instruct,GPTQ_3bit,Prompt_02,11,mlp,284,1536,50207.71484375,"1421,609,408,591,1332","2540.210205,275.987976,66.160049,61.236538,60.415405",0.05983164665539838,0.0032552083333333335,18.38028185253838,"5,4,163,7,101","516.155457,488.582214,484.062317,466.748993,408.239075",0.04708017668786117,0.017605633802816902,2.6741540358705143,4,False
Qwen2.5-1.5B-Instruct,GPTQ_3bit,Prompt_02,12,attn,284,1536,14179.376953125,"1421,609,53,1377,1110","2275.992676,247.951874,26.580099,22.038767,21.212597",0.18292595870901304,0.0032552083333333335,56.19485451540881,"50,97,98,197,127","171.949783,158.34903,156.360001,145.609421,137.5755",0.054293200085236026,0.017605633802816902,3.083853764841406,50,False
Qwen2.5-1.5B-Instruct,GPTQ_3bit,Prompt_02,12,mlp,284,1536,48664.58984375,"1421,609,793,1033,580","1988.060791,234.287872,58.840385,53.236668,53.043545",0.04905968068254197,0.0032552083333333335,15.071133905676891,"7,91,109,101,21","423.756165,415.662018,413.915253,412.849243,403.297791",0.04252538602286779,0.017605633802816902,2.4154419260988904,7,False
Qwen2.5-1.5B-Instruct,GPTQ_3bit,Prompt_02,13,attn,284,1536,14939.0078125,"1421,865,609,901,507","463.260986,75.597733,64.831291,63.257202,47.99366",0.047857318632324244,0.0032552083333333335,14.701768283850008,"81,8,98,9,101","120.930595,114.553848,109.355286,105.513725,102.964485",0.03703846594590609,0.017605633802816902,2.103784865727466,8,False
Qwen2.5-1.5B-Instruct,GPTQ_3bit,Prompt_02,13,mlp,284,1536,44082.1640625,"1421,609,408,445,739","1431.14209,206.356705,53.492256,48.940163,48.420162",0.040568594543002705,0.0032552083333333335,12.462672243610431,"19,42,238,21,4","427.955719,395.095245,388.817749,388.786224,380.006592",0.044931131244265635,0.017605633802816902,2.552088254674288,4,False
Qwen2.5-1.5B-Instruct,GPTQ_3bit,Prompt_02,14,attn,284,1536,13816.974609375,"1421,609,752,1207,356","867.665405,133.70842,33.045078,29.066133,24.960562",0.0787759685034161,0.0032552083333333335,24.199977524249427,"97,149,147,95,79","274.864075,236.745758,205.581024,194.613876,175.92485",0.07872415235675208,0.017605633802816902,4.471531853863517,79,False
Qwen2.5-1.5B-Instruct,GPTQ_3bit,Prompt_02,14,mlp,284,1536,57005.6953125,"1421,609,624,113,1016","1621.934814,267.816711,71.097412,70.100639,67.969543",0.0368194604733162,0.0032552083333333335,11.310938257402736,"42,7,19,21,98","670.097839,610.720337,578.080872,555.256592,490.208069",0.05094865966654374,0.017605633802816902,2.893883869059684,7,False
Qwen2.5-1.5B-Instruct,GPTQ_3bit,Prompt_02,15,attn,284,1536,26747.712890625,"1421,609,865,868,1360","2884.595703,399.087555,82.770348,59.046745,53.179478",0.1300552201126425,0.0032552083333333335,39.952963618603775,"129,128,18,182,23","341.733521,237.525269,204.414474,202.702911,198.520386",0.04429898777852575,0.017605633802816902,2.5161825058202623,18,False
Qwen2.5-1.5B-Instruct,GPTQ_3bit,Prompt_02,15,mlp,284,1536,52727.2109375,"1421,609,113,752,901","3691.637695,584.842346,181.470932,114.055359,94.12487",0.08849568896989413,0.0032552083333333335,27.185875651551473,"17,21,42,7,15","559.155396,543.246887,539.981018,462.752625,456.459351",0.048582035144626314,0.017605633802816902,2.7594595962147745,7,False
Qwen2.5-1.5B-Instruct,GPTQ_3bit,Prompt_02,16,attn,284,1536,20268.10546875,"1421,609,793,253,865","1568.506104,267.053833,58.256725,48.374134,40.557484",0.09782602987105472,0.0032552083333333335,30.05215637638801,"146,102,149,164,150","356.249023,280.517578,229.765228,217.426743,210.086975",0.06384639818564998,0.017605633802816902,3.6264754169449187,102,False
Qwen2.5-1.5B-Instruct,GPTQ_3bit,Prompt_02,16,mlp,284,1536,64373.30078125,"1421,609,414,580,865","2637.335938,516.027649,73.758064,72.877319,69.917923",0.052349606922270094,0.0032552083333333335,16.08179924652137,"146,42,19,21,7","748.76532,609.133728,571.060974,552.194458,539.449219",0.046923242512772634,0.017605633802816902,2.6652401747254855,7,False
Qwen2.5-1.5B-Instruct,GPTQ_3bit,Prompt_02,17,attn,284,1536,23252.787109375,"1421,609,1200,570,408","1781.413818,392.374207,59.814781,43.531303,41.941601",0.09973323510362123,0.0032552083333333335,30.63804982383244,"96,127,128,130,126","264.45575,256.199219,243.900787,205.209503,192.761505",0.04999515662058992,0.017605633802816902,2.8397248960495074,96,False
Qwen2.5-1.5B-Instruct,GPTQ_3bit,Prompt_02,17,mlp,284,1536,82420.484375,"1421,609,408,503,1279","2304.831787,435.562286,121.197487,106.81868,89.207474",0.03709778823756458,0.0032552083333333335,11.396440546579838,"146,42,17,21,13","876.469238,814.923035,809.758301,771.104309,768.988098",0.04903202099049633,0.017605633802816902,2.7850187922601917,13,False
Qwen2.5-1.5B-Instruct,GPTQ_3bit,Prompt_02,18,attn,284,1536,29002.291015625,"1421,609,113,900,507","1272.348022,382.832001,104.45607,97.031082,95.441154",0.06730876527601908,0.0032552083333333335,20.677252692793058,"42,190,23,80,15","275.556,244.751587,231.789322,217.77887,214.442017",0.040835321266712965,0.017605633802816902,2.3194462479492963,15,False
Qwen2.5-1.5B-Instruct,GPTQ_3bit,Prompt_02,18,mlp,284,1536,98774.890625,"1421,609,1200,408,553","2300.326904,756.345947,137.629623,117.664497,115.430756",0.034699078717184105,0.0032552083333333335,10.659556981918957,"17,15,42,146,19","1189.672974,1183.241577,1117.351807,1049.957886,996.734985",0.05605634133674851,0.017605633802816902,3.184000187927315,15,False
Qwen2.5-1.5B-Instruct,GPTQ_3bit,Prompt_02,19,attn,284,1536,39925.01171875,"1421,609,868,900,113","1370.236694,522.405762,140.234863,124.788338,95.83046",0.05644321683922486,0.0032552083333333335,17.339356213009875,"97,96,95,79,283","783.647583,763.745483,743.377686,722.181152,564.213074",0.08959708816420785,0.017605633802816902,5.089114607727005,79,False
Qwen2.5-1.5B-Instruct,GPTQ_3bit,Prompt_02,19,mlp,284,1536,153323.921875,"1421,609,1200,113,1283","3912.802246,1833.376587,538.114319,305.266296,255.896927",0.044647019010304066,0.0032552083333333335,13.715564239965408,"146,42,15,80,21","1983.480103,1879.657471,1709.219604,1536.346558,1509.839844",0.05621134549596845,0.017605633802816902,3.192804424171008,15,False
Qwen2.5-1.5B-Instruct,GPTQ_3bit,Prompt_02,20,attn,284,1536,57200.2890625,"1421,609,938,1471,1492","6390.744141,2491.639648,111.883728,103.511566,97.866165",0.16076222093501769,0.0032552083333333335,49.38615427123743,"146,97,105,96,65","850.436157,681.725464,681.500366,533.483765,499.441406",0.056758234189976914,0.017605633802816902,3.2238677019906885,65,False
Qwen2.5-1.5B-Instruct,GPTQ_3bit,Prompt_02,20,mlp,284,1536,154966.078125,"1421,609,408,503,1105","2950.984375,1256.381714,191.075058,174.495636,160.512772",0.030545070019860194,0.0032552083333333335,9.383445510101051,"16,15,13,14,42","1948.887451,1792.014404,1683.50061,1678.849609,1666.490356",0.056591366921127595,0.017605633802816902,3.2143896411200474,13,False
Qwen2.5-1.5B-Instruct,GPTQ_3bit,Prompt_02,21,attn,284,1536,42608.21484375,"1421,609,1200,1169,1002","1188.688477,745.283997,250.392487,212.082581,177.966431",0.060420603677969593,0.0032552083333333335,18.56120944987226,"240,13,216,87,96","424.492981,370.204956,353.201874,353.024658,335.553436",0.043101498431888,0.017605633802816902,2.4481651109312383,13,False
Qwen2.5-1.5B-Instruct,GPTQ_3bit,Prompt_02,21,mlp,284,1536,233177.890625,"1421,609,503,901,1446","1860.676025,1240.730713,316.379303,266.540405,262.618866",0.016926756228563426,0.0032552083333333335,5.199899513414684,"13,17,14,16,15","2878.439209,2853.054199,2829.501709,2727.796875,2592.531006",0.05953104389520206,0.017605633802816902,3.381363293247477,13,False
Qwen2.5-1.5B-Instruct,GPTQ_3bit,Prompt_02,22,attn,284,1536,47808.95703125,"609,1421,580,1105,901","2367.592285,1482.366821,179.727112,115.593979,111.809753",0.08904377146247684,0.0032552083333333335,27.354246593272883,"97,146,18,98,80","644.019409,603.085388,556.897827,526.389343,494.074036",0.059078177811051846,0.017605633802816902,3.3556404996677447,18,False
Qwen2.5-1.5B-Instruct,GPTQ_3bit,Prompt_02,22,mlp,284,1536,292833.84375,"609,1421,1200,553,1105","3565.826904,2928.650879,549.204346,483.178345,389.36322",0.027033156561266664,0.0032552083333333335,8.30458569562112,"13,15,22,7,4","4013.888428,3829.952393,3759.730469,3657.049072,3632.80127",0.06451925649389698,0.017605633802816902,3.664693768853348,4,False
Qwen2.5-1.5B-Instruct,GPTQ_3bit,Prompt_02,23,attn,284,1536,58581.5703125,"609,1421,200,616,1474","1163.907227,1000.811768,155.440399,136.885559,128.198135",0.044130652458290995,0.0032552083333333335,13.556936435186993,"97,79,95,283,216","1375.577393,1087.174805,850.182251,826.591675,725.495483",0.08304696269531227,0.017605633802816902,4.7170674810937365,79,False
Qwen2.5-1.5B-Instruct,GPTQ_3bit,Prompt_02,23,mlp,284,1536,391036.28125,"609,1421,698,1235,89","3296.95459,2948.160156,543.213135,515.918579,503.172272",0.01996596948005384,0.0032552083333333335,6.13354582427254,"7,13,21,17,18","5349.298828,5257.307617,5239.949707,5180.394531,4816.354492",0.06608927592316602,0.017605633802816902,3.75387087243583,7,False
Qwen2.5-1.5B-Instruct,GPTQ_3bit,Prompt_02,24,attn,284,1536,75259.1796875,"1421,609,1200,553,1526","2940.763184,2714.393066,184.020706,172.604034,156.315781",0.08195805770164043,0.0032552083333333335,25.177515325943936,"283,224,95,97,155","1123.223145,962.438049,915.202576,888.936523,876.071777",0.06332612300721206,0.017605633802816902,3.596923786809645,95,False
Qwen2.5-1.5B-Instruct,GPTQ_3bit,Prompt_02,24,mlp,284,1536,556311.4375,"1421,609,1342,507,1170","7425.564941,6360.060547,1106.422241,748.680115,738.909607",0.029443285926958853,0.0032552083333333335,9.044977436761759,"115,135,121,234,122","11680.540039,8105.354492,7480.822266,7332.80957,7190.824707",0.07512041787968812,0.017605633802816902,4.266839735566285,115,False
Qwen2.5-1.5B-Instruct,GPTQ_3bit,Prompt_02,25,attn,284,1536,84249.8828125,"1421,609,1383,1532,118","3608.051025,3485.023438,396.756409,309.901917,305.316681",0.09620249958619193,0.0032552083333333335,29.553407872878157,"13,96,19,155,78","1437.360596,1196.992432,1103.450073,989.179565,958.863403",0.06748788249427276,0.017605633802816902,3.8333117256746925,13,False
Qwen2.5-1.5B-Instruct,GPTQ_3bit,Prompt_02,25,mlp,284,1536,782602.0,"609,1421,289,690,1052","11020.387695,10892.518555,1126.550415,938.582275,930.305847",0.03182760042780366,0.0032552083333333335,9.777438851421284,"115,135,122,234,121","14328.428711,13508.56543,11260.508789,11093.209961,10252.62793",0.0772338172452281,0.017605633802816902,4.3868808195289555,115,False
Qwen2.5-1.5B-Instruct,GPTQ_3bit,Prompt_02,26,attn,284,1536,80379.4296875,"1421,609,23,300,714","6181.922363,6068.099121,137.322433,122.567429,120.942497",0.15714037241532275,0.0032552083333333335,48.273522405987144,"122,117,116,80,96","1726.133301,1538.550903,1482.3396,1366.827026,1172.0448",0.0906437820738301,0.017605633802816902,5.148566821793549,80,False
Qwen2.5-1.5B-Instruct,GPTQ_3bit,Prompt_02,26,mlp,284,1536,4597091.5,"408,520,940,609,286","1246518.625,892071.8125,686723.1875,508738.1875,53513.367188",0.7368931529859695,0.0032552083333333335,226.3735765972898,"0,122,234,116,115","3665091.0,17250.580078,15048.907227,14122.369141,12981.466797",0.8101849288838389,0.017605633802816902,46.01850396060205,0,True
Qwen2.5-1.5B-Instruct,GPTQ_3bit,Prompt_02,27,attn,284,1536,198107.015625,"1421,609,1424,752,113","11556.632812,11461.439453,6737.920898,4417.422852,4180.876465",0.19360391073353742,0.0032552083333333335,59.47512137734269,"80,95,283,98,159","3979.55542,3736.081543,3139.018555,2936.54834,2792.831055",0.08371250813066707,0.017605633802816902,4.754870461821889,80,False
Qwen2.5-1.5B-Instruct,GPTQ_3bit,Prompt_02,27,mlp,284,1536,2567888.25,"609,1421,503,909,1424","466782.75,405037.90625,92882.023438,81803.453125,46349.683594",0.4255854494446945,0.0032552083333333335,130.73985006941015,"0,196,184,79,121","79638.6875,36139.363281,35950.914062,35684.027344,34600.417969",0.08645758095197484,0.017605633802816902,4.910790598072171,0,True
Qwen2.5-1.5B-Instruct,GPTQ_3bit,Prompt_03,0,attn,177,1536,1432.822998046875,"1415,1441,23,1440,573","9.351184,8.110847,7.89177,7.294767,7.107449",0.027746636986199835,0.0032552083333333335,8.523766882160588,"93,0,160,153,90","30.10795,22.345676,18.879578,18.429085,18.357019",0.07545894267405007,0.02824858757062147,2.6712465706613724,0,True
Qwen2.5-1.5B-Instruct,GPTQ_3bit,Prompt_03,0,mlp,177,1536,4180.068359375,"1421,108,609,143,350","39.69698,16.036196,14.452002,12.669648,10.257299",0.022275262884924037,0.0032552083333333335,6.842960758248664,"73,90,176,75,92","247.88063,243.285614,235.462769,149.966919,149.05246",0.2453664268910076,0.02824858757062147,8.68597151194167,73,False
Qwen2.5-1.5B-Instruct,GPTQ_3bit,Prompt_03,1,attn,177,1536,1050.1307373046875,"1421,609,1360,520,969","13.032795,7.858683,5.21977,5.08613,4.950325",0.03442209983387717,0.0032552083333333335,10.574469068967067,"1,0,2,36,42","39.640736,36.666779,27.465576,15.964386,15.825924",0.12909192679808398,0.02824858757062147,4.569854208652173,0,True
Qwen2.5-1.5B-Instruct,GPTQ_3bit,Prompt_03,1,mlp,177,1536,1739437.75,"408,520,940,609,286","599081.375,410885.40625,339893.03125,190118.125,22204.265625",0.8980960226946897,0.0032552083333333335,275.8950981718087,"0,1,73,176,90","1734171.0,531.687805,255.430084,220.018967,216.102692",0.9976753982716542,0.02824858757062147,35.31770909881656,0,True
Qwen2.5-1.5B-Instruct,GPTQ_3bit,Prompt_03,2,attn,177,1536,2621.436279296875,"1421,580,609,1073,865","23.620029,13.652813,11.798269,9.484319,8.584229",0.025611785503440638,0.0032552083333333335,7.867940506656963,"76,93,35,77,90","55.104183,41.346714,40.988056,40.724895,39.637386",0.08308469701658772,0.02824858757062147,2.9411982743872054,35,False
Qwen2.5-1.5B-Instruct,GPTQ_3bit,Prompt_03,2,mlp,177,1536,276076.34375,"408,520,940,609,286","77320.085938,57639.359375,54790.90625,41686.238281,4430.29248",0.8543538058935917,0.0032552083333333335,262.45748917051134,"0,1,75,73,93","265208.09375,292.53833,258.201965,254.613235,221.987091",0.9643544024224278,0.02824858757062147,34.13814584575394,0,True
Qwen2.5-1.5B-Instruct,GPTQ_3bit,Prompt_03,3,attn,177,1536,3903.594970703125,"1421,1360,1424,1283,609","40.559544,32.249664,19.930866,16.228771,14.946622",0.03174393533104532,0.0032552083333333335,9.75173693369712,"76,92,75,77,90","66.198318,65.79258,58.821434,47.071789,45.407867",0.07257207633313267,0.02824858757062147,2.5690515021928966,75,False
Qwen2.5-1.5B-Instruct,GPTQ_3bit,Prompt_03,3,mlp,177,1536,13427.9990234375,"1421,609,427,1279,325","127.68132,47.109688,18.171745,15.953766,15.890267",0.01674164503739599,0.0032552083333333335,5.143033355488048,"1,76,93,75,92","293.012451,264.161316,214.467255,209.820557,194.049316",0.08754177463120545,0.02824858757062147,3.098978821944673,1,False
Qwen2.5-1.5B-Instruct,GPTQ_3bit,Prompt_03,4,attn,177,1536,5266.44189453125,"1421,580,609,865,33","81.052971,34.982574,18.10121,18.091442,17.062828",0.03214523852614482,0.0032552083333333335,9.87501727523169,"20,25,45,92,97","72.524422,61.178299,60.884895,59.805916,59.57954",0.059617681019997544,0.02824858757062147,2.110465908107913,20,False
Qwen2.5-1.5B-Instruct,GPTQ_3bit,Prompt_03,4,mlp,177,1536,22029.458984375,"1421,609,182,432,453","243.803864,76.600822,27.720125,26.664948,26.648506",0.018222792635270085,0.0032552083333333335,5.59804189755497,"1,76,93,27,2","396.188477,334.088013,287.885254,273.575256,268.381866",0.07081966459507391,0.02824858757062147,2.5070161266656164,1,False
Qwen2.5-1.5B-Instruct,GPTQ_3bit,Prompt_03,5,attn,177,1536,7745.2900390625,"1421,609,580,113,865","588.270386,117.596466,30.379644,23.636839,18.748873",0.10052976689336274,0.0032552083333333335,30.882744389641033,"28,52,3,30,78","117.164879,113.991524,110.576126,108.410767,92.134628",0.07001389106560098,0.02824858757062147,2.4784917437222744,3,False
Qwen2.5-1.5B-Instruct,GPTQ_3bit,Prompt_03,5,mlp,177,1536,22049.380859375,"1421,609,1279,113,580","1451.313354,270.35434,36.063095,35.064594,34.619919",0.0828783036974093,0.0032552083333333335,25.460214895844135,"1,82,76,83,94","393.863953,346.744904,289.393829,248.803574,247.848495",0.06923798880761516,0.02824858757062147,2.4510248037895765,1,False
Qwen2.5-1.5B-Instruct,GPTQ_3bit,Prompt_03,6,attn,177,1536,4773.853515625,"1421,1200,1360,1068,356","84.583786,21.896278,19.158005,18.893311,18.43107",0.034136457599030855,0.0032552083333333335,10.486719774422278,"55,39,96,75,77","66.075356,65.155663,62.903324,62.267475,61.058949",0.06649990073491958,0.02824858757062147,2.3540964860161533,39,False
Qwen2.5-1.5B-Instruct,GPTQ_3bit,Prompt_03,6,mlp,177,1536,30277.552734375,"1421,609,1066,1347,1394","230.670258,46.689247,36.80764,35.190475,33.139278",0.012633018611599055,0.0032552083333333335,3.8808633174832297,"1,27,83,82,4","435.552368,408.00827,339.807343,337.397827,326.945618",0.06102578507553844,0.02824858757062147,2.1603127916740608,1,False
Qwen2.5-1.5B-Instruct,GPTQ_3bit,Prompt_03,7,attn,177,1536,6873.2373046875,"1421,609,356,752,900","393.897736,45.942062,28.446072,26.548201,24.473391",0.07555499847617181,0.0032552083333333335,23.210495531879978,"34,77,27,55,47","87.673019,78.51844,66.763397,66.188271,64.008514",0.052835603624224674,0.02824858757062147,1.8703803682975535,27,False
Qwen2.5-1.5B-Instruct,GPTQ_3bit,Prompt_03,7,mlp,177,1536,32254.740234375,"1421,609,113,990,1135","519.999634,86.784004,45.374641,39.216461,37.939354",0.022611066826599555,0.0032552083333333335,6.946119729131383,"1,27,128,2,82","512.589844,389.763428,383.863708,382.622742,373.733124",0.06332628888668072,0.02824858757062147,2.2417506265884977,1,False
Qwen2.5-1.5B-Instruct,GPTQ_3bit,Prompt_03,8,attn,177,1536,7758.80810546875,"1421,865,609,511,580","228.141907,45.188843,26.985912,14.795621,14.00452",0.04241847282439017,0.0032552083333333335,13.03095485165266,"35,114,115,20,145","114.015938,102.010437,92.993889,91.670197,90.839813",0.06335126049722094,0.02824858757062147,2.242634621601621,20,False
Qwen2.5-1.5B-Instruct,GPTQ_3bit,Prompt_03,8,mlp,177,1536,34573.12890625,"1421,609,380,817,181","498.433258,66.050262,41.947632,41.586567,40.707439",0.01992082057495655,0.0032552083333333335,6.119676080626652,"1,128,76,100,2","535.891663,411.04187,410.454163,404.980865,402.815674",0.06262621853067112,0.02824858757062147,2.2169681359857574,1,False
Qwen2.5-1.5B-Instruct,GPTQ_3bit,Prompt_03,9,attn,177,1536,7466.02197265625,"1421,609,865,901,752","553.346741,71.949333,23.217621,18.492926,18.119148",0.09176583392482597,0.0032552083333333335,28.19046418170654,"28,77,97,29,176","105.65126,99.090759,91.930244,91.432564,90.52388",0.06410759228674856,0.02824858757062147,2.269408766950899,28,False
Qwen2.5-1.5B-Instruct,GPTQ_3bit,Prompt_03,9,mlp,177,1536,38010.734375,"1421,609,265,1510,1395","1483.311279,113.85643,46.477142,46.403564,43.58358",0.04560901304812333,0.0032552083333333335,14.011088808383485,"128,23,1,139,76","563.472168,561.375122,479.996613,472.535767,451.549225",0.06653196136617658,0.02824858757062147,2.355231432362651,1,False
Qwen2.5-1.5B-Instruct,GPTQ_3bit,Prompt_03,10,attn,177,1536,14304.091796875,"1421,609,865,752,976","1378.759521,114.328827,36.844612,28.772024,24.392891",0.110674478524843,0.0032552083333333335,33.99919980283177,"34,28,92,97,114","214.362335,193.675095,164.760117,162.656952,157.307053",0.06241302204693123,0.02824858757062147,2.2094209804613656,28,False
Qwen2.5-1.5B-Instruct,GPTQ_3bit,Prompt_03,10,mlp,177,1536,39790.578125,"1421,609,408,865,580","1815.329346,160.235001,53.202003,49.656734,48.832817",0.053461295603505384,0.0032552083333333335,16.423310009396854,"23,76,21,128,139","546.388184,480.490082,475.47345,474.549103,449.511597",0.06097957023628003,0.02824858757062147,2.158676786364313,21,False
Qwen2.5-1.5B-Instruct,GPTQ_3bit,Prompt_03,11,attn,177,1536,16972.005859375,"1421,609,544,865,901","2577.843994,305.499084,35.03426,34.128674,30.242989",0.17574521267615895,0.0032552083333333335,53.98892933411602,"166,23,28,92,76","267.539978,214.772186,194.763077,193.841248,192.942917",0.06268318452249091,0.02824858757062147,2.218984732096178,23,False
Qwen2.5-1.5B-Instruct,GPTQ_3bit,Prompt_03,11,mlp,177,1536,39435.4921875,"1421,609,1284,1478,840","2570.451172,261.021362,53.954178,51.148586,50.227573",0.0757389552617873,0.0032552083333333335,23.267007056421058,"28,21,128,17,23","504.972351,456.408142,436.996277,431.111389,430.974426",0.05732051309862646,0.02824858757062147,2.029146163691377,17,False
Qwen2.5-1.5B-Instruct,GPTQ_3bit,Prompt_03,12,attn,177,1536,10627.6650390625,"1421,609,1073,1395,320","1677.390991,164.236191,17.632229,17.404388,16.026312",0.1780908768379696,0.0032552083333333335,54.709517364624254,"40,38,92,41,75","161.512283,157.031204,143.314026,142.232422,126.594154",0.06875302141585994,0.02824858757062147,2.4338569581214418,38,False
Qwen2.5-1.5B-Instruct,GPTQ_3bit,Prompt_03,12,mlp,177,1536,39686.484375,"1421,609,284,52,257","1612.212891,194.613846,45.751152,45.646847,45.597313",0.04897944607834452,0.0032552083333333335,15.046485835267436,"21,24,17,28,39","470.588776,465.985748,460.924866,448.599915,438.761169",0.05757275776742318,0.02824858757062147,2.0380756249667806,17,False
Qwen2.5-1.5B-Instruct,GPTQ_3bit,Prompt_03,13,attn,177,1536,13466.7119140625,"1421,865,609,356,580","477.680756,70.478775,64.249939,58.552868,35.373722",0.052450521261446684,0.0032552083333333335,16.11280013151642,"35,16,55,39,28","174.109604,159.101044,150.762802,147.915649,143.21817",0.05755727483559903,0.02824858757062147,2.0375275291802057,16,False
Qwen2.5-1.5B-Instruct,GPTQ_3bit,Prompt_03,13,mlp,177,1536,40304.9296875,"1421,609,336,488,1511","1639.671143,219.096146,48.540115,47.579182,46.828911",0.04966428652008488,0.0032552083333333335,15.256868818970075,"35,20,28,17,7","613.683105,602.278809,559.40448,551.151978,529.856873",0.07086913463012724,0.02824858757062147,2.5087673659065044,7,False
Qwen2.5-1.5B-Instruct,GPTQ_3bit,Prompt_03,14,attn,177,1536,12358.876953125,"1421,609,1283,507,752","584.761047,73.990417,36.012276,27.346806,26.540565",0.06057598322941269,0.0032552083333333335,18.608942048075576,"92,54,52,75,90","323.608154,258.093109,238.8423,236.36705,220.911224",0.10339304325632591,0.02824858757062147,3.6601137312739374,52,False
Qwen2.5-1.5B-Instruct,GPTQ_3bit,Prompt_03,14,mlp,177,1536,50644.9140625,"1421,609,113,900,1496","1589.823364,214.054642,83.916229,69.853271,66.127975",0.03996009372624873,0.0032552083333333335,12.275740792703608,"24,29,17,74,20","643.450134,642.72699,631.881592,624.636475,596.643433",0.06198724355959361,0.02824858757062147,2.1943484220096137,17,False
Qwen2.5-1.5B-Instruct,GPTQ_3bit,Prompt_03,15,attn,177,1536,21822.095703125,"1421,609,580,793,868","1955.333618,305.979401,62.61977,60.531349,59.634003",0.11200107348907129,0.0032552083333333335,34.4067297758427,"77,15,21,100,55","325.904541,269.77182,236.730194,230.028748,223.596085",0.05893253845259513,0.02824858757062147,2.0862118612218676,15,False
Qwen2.5-1.5B-Instruct,GPTQ_3bit,Prompt_03,15,mlp,177,1536,48539.7890625,"1421,609,113,793,580","2771.882568,426.114929,308.946167,115.252579,93.065567",0.07654054610964298,0.0032552083333333335,23.51325576488232,"17,40,72,16,18","837.851624,672.049011,651.141785,638.862366,596.493103",0.06997141962948245,0.02824858757062147,2.4769882548836786,16,False
Qwen2.5-1.5B-Instruct,GPTQ_3bit,Prompt_03,16,attn,177,1536,15900.6826171875,"1421,609,1295,830,1158","1600.317139,228.620255,33.437073,27.678226,25.947594",0.12049798680149529,0.0032552083333333335,37.01698154541935,"96,72,53,55,52","285.604523,272.376465,235.52713,230.439117,229.711273",0.07884305834206828,0.02824858757062147,2.791044265309217,52,False
Qwen2.5-1.5B-Instruct,GPTQ_3bit,Prompt_03,16,mlp,177,1536,56852.546875,"1421,609,940,132,591","2062.710205,418.46637,65.408432,65.289742,64.349052",0.04707306926525664,0.0032552083333333335,14.460846878286839,"17,72,40,24,68","912.312317,823.844971,727.481812,718.194702,704.694885",0.06836156025057145,0.02824858757062147,2.4199992328702296,17,False
Qwen2.5-1.5B-Instruct,GPTQ_3bit,Prompt_03,17,attn,177,1536,20034.32421875,"1421,609,1272,582,403","1422.507324,158.947769,43.80722,42.886887,40.18895",0.08527056446290322,0.0032552083333333335,26.19511740300387,"24,17,37,40,28","324.240448,271.506226,264.36908,255.328979,249.709793",0.06814078309354629,0.02824858757062147,2.4121837215115387,17,False
Qwen2.5-1.5B-Instruct,GPTQ_3bit,Prompt_03,17,mlp,177,1536,75562.109375,"1421,609,713,1190,664","2474.681152,504.255554,91.226532,88.105705,87.132614",0.04295011928825108,0.0032552083333333335,13.19427664535073,"17,24,28,30,72","1107.076904,996.429077,973.165039,932.723877,908.361206",0.06508229984646323,0.02824858757062147,2.303913414564798,17,False
Qwen2.5-1.5B-Instruct,GPTQ_3bit,Prompt_03,18,attn,177,1536,25579.58203125,"1421,609,934,507,356","897.09137,223.32988,107.858704,93.954697,68.596535",0.05437270925923126,0.0032552083333333335,16.703296284435844,"54,53,57,91,55","372.991211,348.24234,305.881317,284.417206,283.00827",0.06233645269595974,0.02824858757062147,2.2067104254369747,53,False
Qwen2.5-1.5B-Instruct,GPTQ_3bit,Prompt_03,18,mlp,177,1536,90743.421875,"1421,609,1200,408,356","1775.835938,573.324219,148.590088,141.595123,106.270386",0.030256914606757824,0.0032552083333333335,9.294924167196003,"30,17,66,29,28","1404.206177,1393.634033,1259.873413,1206.881836,1158.932495",0.07078780697602219,0.02824858757062147,2.5058883669511856,17,False
Qwen2.5-1.5B-Instruct,GPTQ_3bit,Prompt_03,19,attn,177,1536,35123.84375,"1421,609,868,900,507","1466.257568,514.005554,164.116501,103.393044,85.318993",0.06642472188808707,0.0032552083333333335,20.405674564020348,"91,92,75,111,40","1121.844849,883.111267,738.844238,609.747681,586.290771",0.11216992352061411,0.02824858757062147,3.9708152926297395,40,False
Qwen2.5-1.5B-Instruct,GPTQ_3bit,Prompt_03,19,mlp,177,1536,146654.921875,"1421,609,1200,113,900","3342.632568,1744.656006,549.374634,275.373383,265.170654",0.04212069361378193,0.0032552083333333335,12.939477078153807,"66,24,76,65,17","2146.13208,2107.063477,1948.696899,1866.061768,1738.367188",0.06686663607117686,0.02824858757062147,2.367078916919661,17,False
Qwen2.5-1.5B-Instruct,GPTQ_3bit,Prompt_03,20,attn,177,1536,43838.3203125,"1421,609,706,1357,1471","2554.338379,878.510315,88.542503,84.957664,82.124451",0.08413810936136959,0.0032552083333333335,25.847227195812735,"93,34,91,28,92","1042.704712,935.830261,789.68988,660.947693,646.096191",0.09296133542019192,0.02824858757062147,3.290831273874794,28,False
Qwen2.5-1.5B-Instruct,GPTQ_3bit,Prompt_03,20,mlp,177,1536,154971.96875,"1421,609,218,1416,553","1895.484497,1006.582153,189.021835,174.227768,173.488541",0.022189849656278564,0.0032552083333333335,6.8167218144087744,"66,30,24,67,25","2437.165039,2148.039795,2064.611572,1998.554932,1988.148682",0.06863511909311018,0.02824858757062147,2.4296832158961004,24,False
Qwen2.5-1.5B-Instruct,GPTQ_3bit,Prompt_03,21,attn,177,1536,35010.6484375,"1421,609,1200,441,503","891.495483,833.883118,255.262863,223.112305,144.003876",0.06705839272560603,0.0032552083333333335,20.600338245306173,"51,46,70,53,93","551.348511,466.74942,461.043243,450.847351,430.878998",0.0674328393504387,0.02824858757062147,2.38712251300553,46,False
Qwen2.5-1.5B-Instruct,GPTQ_3bit,Prompt_03,21,mlp,177,1536,235529.78125,"1421,609,1446,503,553","2551.180664,1714.016479,463.900177,411.892548,277.472168",0.023005423660596,0.0032552083333333335,7.06726614853509,"67,91,66,17,72","3516.824219,3273.901367,3264.263184,2990.350586,2935.929199",0.06785243237552363,0.02824858757062147,2.4019761060935365,17,False
Qwen2.5-1.5B-Instruct,GPTQ_3bit,Prompt_03,22,attn,177,1536,39920.8203125,"609,1421,95,1283,1073","895.66095,529.22821,123.318329,119.231354,105.361763",0.044407921613389,0.0032552083333333335,13.642113519633101,"92,32,70,44,59","730.530762,729.663391,724.166748,634.514038,609.468079",0.08587856528499285,0.02824858757062147,3.040101211088747,32,False
Qwen2.5-1.5B-Instruct,GPTQ_3bit,Prompt_03,22,mlp,177,1536,307496.90625,"609,1421,1200,1105,553","2753.88208,2455.830322,398.892365,362.135803,350.680359",0.020557673166630437,0.0032552083333333335,6.31531719678887,"28,67,12,66,14","5687.610352,4918.47168,4597.612793,4532.879395,4201.669434",0.07784872530729729,0.02824858757062147,2.7558448758783243,12,False
Qwen2.5-1.5B-Instruct,GPTQ_3bit,Prompt_03,23,attn,177,1536,45535.140625,"609,1421,794,1338,909","930.00647,707.682434,96.44825,87.548813,85.529022",0.04188446684720489,0.0032552083333333335,12.866908215461342,"75,74,77,92,28","1558.497803,1270.803711,1251.083008,1038.691284,944.338928",0.13315902742010033,0.02824858757062147,4.713829570671551,28,False
Qwen2.5-1.5B-Instruct,GPTQ_3bit,Prompt_03,23,mlp,177,1536,352325.03125,"609,1421,245,553,1106","2648.391846,2606.0271,519.903381,454.449951,435.832947",0.01891607146135746,0.0032552083333333335,5.811017152929011,"12,11,22,29,69","7117.768555,6881.164551,6119.084961,5635.330566,5487.270996",0.08866988255074483,0.02824858757062147,3.138913842296367,11,False
Qwen2.5-1.5B-Instruct,GPTQ_3bit,Prompt_03,24,attn,177,1536,70672.328125,"609,1421,1526,733,1200","1511.806641,1421.189697,180.662277,150.779083,149.770172",0.048310393875431706,0.0032552083333333335,14.84095299853262,"53,174,91,33,88","2306.24585,1628.327271,1560.463745,1346.721069,1270.197144",0.11478262133627708,0.02824858757062147,4.063304795304209,33,False
Qwen2.5-1.5B-Instruct,GPTQ_3bit,Prompt_03,24,mlp,177,1536,425443.78125,"609,1421,507,1311,79","6989.879395,6846.666016,733.650513,528.559937,509.44165",0.036686861939235364,0.0032552083333333335,11.270203987733103,"12,11,22,7,14","10820.650391,10658.459961,7862.5625,7441.709473,7242.571777",0.10348243169026225,0.02824858757062147,3.6632780818352835,7,False
Qwen2.5-1.5B-Instruct,GPTQ_3bit,Prompt_03,25,attn,177,1536,80803.8046875,"609,1421,1383,1452,864","4553.673828,4483.166016,303.117279,280.260223,270.995697",0.12241023710304483,0.0032552083333333335,37.60442483805537,"40,46,74,77,91","2884.028564,2640.681641,2032.372314,1970.119141,1667.251831",0.13853868847257056,0.02824858757062147,4.904269571928998,40,False
Qwen2.5-1.5B-Instruct,GPTQ_3bit,Prompt_03,25,mlp,177,1536,556449.4375,"609,1421,553,1105,1302","5760.044434,5261.756348,777.693359,717.402039,634.316895",0.023634156141320566,0.0032552083333333335,7.260412766613678,"12,11,64,14,67","15104.678711,14480.913086,12303.862305,10290.499023,9339.368164",0.11055689892534036,0.02824858757062147,3.913714221957049,11,False
Qwen2.5-1.5B-Instruct,GPTQ_3bit,Prompt_03,26,attn,177,1536,61004.359375,"1421,609,209,252,88","5247.009766,4965.699707,99.325394,92.583405,90.368759",0.17203666157054862,0.0032552083333333335,52.849662434472535,"76,91,174,112,93","1533.523071,1423.824951,1214.573608,1204.515869,1059.704102",0.10550297827076395,0.02824858757062147,3.734805430785044,76,False
Qwen2.5-1.5B-Instruct,GPTQ_3bit,Prompt_03,26,mlp,177,1536,4335455.0,"408,520,940,609,286","1175945.125,884474.5,733775.0,497654.625,50019.429688",0.770823016269342,0.0032552083333333335,236.79683059794186,"0,11,64,12,22","3621355.0,17881.675781,15212.744141,14249.28125,13576.983398",0.849340092331716,0.02824858757062147,30.066639268542747,0,True
Qwen2.5-1.5B-Instruct,GPTQ_3bit,Prompt_03,27,attn,177,1536,173602.71875,"1421,609,1424,900,113","10823.421875,10743.9375,5884.380859,3755.392822,3491.016846",0.19987099676398357,0.0032552083333333335,61.40037020589575,"113,75,73,172,90","3929.181641,3629.021973,3115.015869,3050.31543,2987.072754",0.09625775184972442,0.02824858757062147,3.4075244154802444,73,False
Qwen2.5-1.5B-Instruct,GPTQ_3bit,Prompt_03,27,mlp,177,1536,2167481.5,"609,1421,503,909,1424","448399.15625,430925.875,79925.265625,53367.441406,40384.835938",0.4858185064093973,0.0032552083333333335,149.24344516896684,"0,99,12,15,82","76797.734375,52508.515625,43307.835938,40754.625,33899.175781",0.11408073148490541,0.02824858757062147,4.038457894565652,0,True
Qwen2.5-1.5B-Instruct,GPTQ_3bit,Prompt_04,0,attn,192,1536,1447.2242431640625,"573,395,1415,1441,1255","9.005972,7.556371,7.253308,6.830921,6.643854",0.025766859920336792,0.0032552083333333335,7.915579367527462,"127,0,191,124,109","31.911373,22.345676,18.740374,18.553377,17.886642",0.07561885414908541,0.026041666666666668,2.90376399932488,0,True
Qwen2.5-1.5B-Instruct,GPTQ_3bit,Prompt_04,0,mlp,192,1536,4214.44921875,"1421,108,609,143,350","37.63232,16.551743,13.365329,13.082807,9.77096",0.02145076507103538,0.0032552083333333335,6.589675029822068,"109,124,191,111,126","250.463394,246.096832,232.638,152.776581,151.468658",0.24521436320730672,0.026041666666666668,9.416231547160578,109,False
Qwen2.5-1.5B-Instruct,GPTQ_3bit,Prompt_04,1,attn,192,1536,903.603515625,"1421,969,1424,609,1283","4.796359,4.64535,4.463328,3.950922,3.431908",0.023558857645305797,0.0032552083333333335,7.237281068637941,"1,0,2,3,111","39.640736,36.666779,27.465576,14.817001,13.250875",0.14590577683753203,0.026041666666666668,5.60278183056123,0,True
Qwen2.5-1.5B-Instruct,GPTQ_3bit,Prompt_04,1,mlp,192,1536,1739556.0,"408,520,940,609,286","599083.6875,410884.9375,339894.1875,190114.5625,22203.609375",0.8980343260004277,0.0032552083333333335,275.87614494733134,"0,1,109,124,111","1734171.0,531.687805,255.534363,235.527481,225.83432",0.9976221662309233,0.026041666666666668,38.30869118326745,0,True
Qwen2.5-1.5B-Instruct,GPTQ_3bit,Prompt_04,2,attn,192,1536,2439.48974609375,"1421,609,865,1073,1285","40.869289,15.930651,12.51659,11.366628,8.856921",0.03670442860145214,0.0032552083333333335,11.275600466366098,"112,113,124,127,191","47.868996,42.469955,40.778214,38.451324,38.407913",0.08525405568371171,0.026041666666666668,3.2737557382545295,112,False
Qwen2.5-1.5B-Instruct,GPTQ_3bit,Prompt_04,2,mlp,192,1536,275617.125,"408,520,940,609,286","77320.367188,57636.835938,54791.429688,41685.449219,4430.681152",0.855769631966809,0.0032552083333333335,262.8924309402037,"0,1,109,111,126","265208.09375,292.53833,280.133636,262.078796,212.416931",0.9660330431209599,0.026041666666666668,37.09566885584486,0,True
Qwen2.5-1.5B-Instruct,GPTQ_3bit,Prompt_04,3,attn,192,1536,4296.2861328125,"1421,1360,113,1283,609","37.055679,27.473686,24.9541,18.364786,17.673183",0.029216264254510335,0.0032552083333333335,8.975236378985574,"126,111,112,124,189","67.67231,62.902565,57.726639,48.612762,43.354836",0.06523520439278382,0.026041666666666668,2.505031848682899,111,False
Qwen2.5-1.5B-Instruct,GPTQ_3bit,Prompt_04,3,mlp,192,1536,13391.82421875,"1421,609,1279,1290,865","113.979317,39.416828,29.576429,20.075033,18.49439",0.01654307796822163,0.0032552083333333335,5.082033551837685,"1,149,112,111,126","293.012451,259.487549,229.66217,208.121353,194.450195",0.08846694410681424,0.026041666666666668,3.397130653701667,1,False
Qwen2.5-1.5B-Instruct,GPTQ_3bit,Prompt_04,4,attn,192,1536,4913.25927734375,"1421,609,33,1428,1283","99.707985,23.896811,16.522888,13.785055,12.970291",0.033965849694231616,0.0032552083333333335,10.434309026067952,"112,9,111,126,174","62.096802,60.021751,59.457088,59.011677,50.957569",0.05933838922399379,0.026041666666666668,2.2785941462013612,9,False
Qwen2.5-1.5B-Instruct,GPTQ_3bit,Prompt_04,4,mlp,192,1536,21621.033203125,"1421,609,1048,1372,1082","183.548508,48.225605,28.739092,27.211973,26.391455",0.01452828989403674,0.0032552083333333335,4.463090655448086,"1,112,149,2,150","396.188477,330.071564,317.241302,268.381866,262.572205",0.07282054606476314,0.026041666666666668,2.7963089688869043,1,False
Qwen2.5-1.5B-Instruct,GPTQ_3bit,Prompt_04,5,attn,192,1536,6999.58837890625,"1421,609,356,504,580","324.137939,65.53302,17.076023,15.564385,15.147377",0.062497780805609596,0.0032552083333333335,19.199318263483267,"3,112,16,150,8","110.576126,90.621231,80.345581,68.870071,68.184639",0.05980318178587092,0.026041666666666668,2.296442180577443,3,False
Qwen2.5-1.5B-Instruct,GPTQ_3bit,Prompt_04,5,mlp,192,1536,20995.8828125,"1421,609,739,1279,113","620.211487,133.888428,44.675423,34.866886,30.975292",0.04118033523034464,0.0032552083333333335,12.650598982761872,"1,149,150,112,128","393.863953,385.194641,301.178894,296.63623,271.153839",0.07849289323092734,0.026041666666666668,3.0141271000676095,1,False
Qwen2.5-1.5B-Instruct,GPTQ_3bit,Prompt_04,6,attn,192,1536,4726.61962890625,"1421,580,1360,1200,1283","100.524422,32.821053,32.616066,25.986065,21.538458",0.04516675457021852,0.0032552083333333335,13.87522700397113,"126,125,96,111,93","62.350964,61.519161,58.587318,58.214104,57.32906",0.06304730097787041,0.026041666666666668,2.4210163575502235,93,False
Qwen2.5-1.5B-Instruct,GPTQ_3bit,Prompt_04,6,mlp,192,1536,30213.697265625,"1421,609,115,1302,642","191.808716,46.120094,36.241524,35.347809,33.026016",0.011337379729599306,0.0032552083333333335,3.482843052932907,"1,150,149,112,15","435.552368,318.672363,310.344025,281.692902,280.283386",0.05383468655210123,0.026041666666666668,2.0672519636006874,1,False
Qwen2.5-1.5B-Instruct,GPTQ_3bit,Prompt_04,7,attn,192,1536,6484.27001953125,"1421,609,752,793,356","268.854675,41.225792,39.558105,36.778557,33.852417",0.0648137046269951,0.0032552083333333335,19.910770061412894,"154,113,166,110,80","72.3787,62.472973,59.548077,57.804626,56.662346",0.04763323069612949,0.026041666666666668,1.8291160587313724,80,False
Qwen2.5-1.5B-Instruct,GPTQ_3bit,Prompt_04,7,mlp,192,1536,33149.63671875,"1421,609,977,1395,839","356.78009,65.675964,37.781998,36.696922,36.502724",0.016091810828314367,0.0032552083333333335,4.943404286458173,"1,150,149,2,112","512.589844,461.552673,390.062317,382.622742,362.106079",0.06361860347498624,0.026041666666666668,2.4429543734394716,1,False
Qwen2.5-1.5B-Instruct,GPTQ_3bit,Prompt_04,8,attn,192,1536,7748.20703125,"1421,609,580,1073,901","156.060211,19.920122,18.089294,17.311672,15.606246",0.029295493513872412,0.0032552083333333335,8.999575607461605,"95,19,113,99,100","91.759064,90.357422,88.71125,78.772125,78.720192",0.055279890704301046,0.026041666666666668,2.12274780304516,19,False
Qwen2.5-1.5B-Instruct,GPTQ_3bit,Prompt_04,8,mlp,192,1536,39433.5546875,"1421,609,577,674,200","408.745209,57.560162,50.574421,47.513893,45.77013",0.015473213693128969,0.0032552083333333335,4.753371246529219,"1,149,150,112,137","535.891663,462.268921,449.101196,429.835419,420.704895",0.05827022240735256,0.026041666666666668,2.2375765404423382,1,False
Qwen2.5-1.5B-Instruct,GPTQ_3bit,Prompt_04,9,attn,192,1536,8956.716796875,"1421,609,901,793,865","480.607513,63.63126,42.875256,23.171432,22.056309",0.07059973104158257,0.0032552083333333335,21.688237375974165,"113,52,59,55,191","152.27594,135.830948,116.852493,114.009697,94.111107",0.06844921125665336,0.026041666666666668,2.628449712255489,52,False
Qwen2.5-1.5B-Instruct,GPTQ_3bit,Prompt_04,9,mlp,192,1536,44050.72265625,"1421,609,1361,408,85","1211.768921,119.60611,53.681442,52.480373,52.129326",0.033817061918589054,0.0032552083333333335,10.388601421390558,"150,1,96,137,2","511.232666,479.996613,459.59137,451.717926,440.708069",0.0531942879679276,0.026041666666666668,2.04266065796842,1,False
Qwen2.5-1.5B-Instruct,GPTQ_3bit,Prompt_04,10,attn,192,1536,14044.7744140625,"1421,609,865,923,100","1006.80072,96.893791,30.685616,26.024839,23.761154",0.08431364597139074,0.0032552083333333335,25.901152042411233,"69,61,110,127,70","191.73642,160.033752,150.559052,148.695053,147.394196",0.05684807982617534,0.026041666666666668,2.182966265325133,61,False
Qwen2.5-1.5B-Instruct,GPTQ_3bit,Prompt_04,10,mlp,192,1536,45552.84375,"1421,609,408,1395,246","2003.534546,183.890762,71.712753,63.263111,54.958267",0.05218904953964866,0.0032552083333333335,16.032476018580066,"113,137,33,150,167","476.18985,452.695709,446.368774,444.684662,432.491028",0.04944652729042026,0.026041666666666668,1.898746647952138,33,False
Qwen2.5-1.5B-Instruct,GPTQ_3bit,Prompt_04,11,attn,192,1536,15792.0302734375,"1421,609,901,868,865","2169.145752,224.400635,31.674828,30.774494,27.671638",0.15727345967071132,0.0032552083333333335,48.31440681084251,"113,126,33,128,111","254.538116,215.443817,208.520767,189.3965,173.040497",0.06591550796457792,0.026041666666666668,2.531155505839792,33,False
Qwen2.5-1.5B-Instruct,GPTQ_3bit,Prompt_04,11,mlp,192,1536,41266.046875,"1421,609,946,1314,752","2256.054932,275.420197,53.362614,50.060341,46.43359",0.06497669987849423,0.0032552083333333335,19.96084220267343,"10,137,113,33,167","487.753113,470.533661,470.115051,405.896698,390.468506",0.05391277474633921,0.026041666666666668,2.0702505502594257,10,False
Qwen2.5-1.5B-Instruct,GPTQ_3bit,Prompt_04,12,attn,192,1536,10129.8125,"1421,609,536,868,616","1395.929199,104.274956,18.941782,18.386089,17.293995",0.15349009942033726,0.0032552083333333335,47.152158541927605,"161,127,111,126,52","174.355301,142.351913,129.533554,123.647217,119.273758",0.06803302066687439,0.026041666666666668,2.6124679936079764,52,False
Qwen2.5-1.5B-Instruct,GPTQ_3bit,Prompt_04,12,mlp,192,1536,39875.9609375,"1421,609,901,408,793","1662.391113,188.445374,53.457741,48.801491,47.701771",0.05017553333844032,0.0032552083333333335,15.413923841568865,"33,113,1,140,167","402.562958,402.362457,380.170349,368.668762,363.537323",0.0480816439964319,0.026041666666666668,1.846335129462985,1,False
Qwen2.5-1.5B-Instruct,GPTQ_3bit,Prompt_04,13,attn,192,1536,12871.3955078125,"1421,865,356,1283,868","300.385681,93.662605,85.039635,59.817051,50.849659",0.0458190130443831,0.0032552083333333335,14.075600807234487,"127,114,113,124,87","146.888702,126.260399,124.812332,116.459999,116.03669",0.04898133458024391,0.026041666666666668,1.880883247881366,87,False
Qwen2.5-1.5B-Instruct,GPTQ_3bit,Prompt_04,13,mlp,192,1536,35700.9296875,"1421,609,114,640,389","1143.178955,173.383484,50.664341,45.416298,44.947941",0.04082781813279985,0.0032552083333333335,12.542305730396112,"113,37,33,140,40","400.946259,384.758301,342.036011,332.404633,325.002716",0.05000284207847353,0.026041666666666668,1.9201091358133835,33,False
Qwen2.5-1.5B-Instruct,GPTQ_3bit,Prompt_04,14,attn,192,1536,11622.1357421875,"1421,609,1207,793,507","658.335205,103.089165,32.34248,31.852436,24.864609",0.07317793438184997,0.0032552083333333335,22.48026144210431,"126,111,91,124,96","274.933197,227.153503,195.915909,192.227997,191.851624",0.0931052862739114,0.026041666666666668,3.5752429929181977,91,False
Qwen2.5-1.5B-Instruct,GPTQ_3bit,Prompt_04,14,mlp,192,1536,45386.4765625,"1421,609,113,1496,900","1138.998413,150.661789,102.099907,59.562508,57.659077",0.033247382957891675,0.0032552083333333335,10.213596044664323,"110,125,113,40,4","570.231934,512.849609,497.882355,476.807343,458.894318",0.05544967836130978,0.026041666666666668,2.1292676490742957,4,False
Qwen2.5-1.5B-Instruct,GPTQ_3bit,Prompt_04,15,attn,192,1536,18910.109375,"1421,609,113,752,865","1294.502319,233.328934,70.705322,52.483009,46.326302",0.08975865308899754,0.0032552083333333335,27.573858228940043,"127,113,96,110,33","232.452423,217.214844,215.982651,196.530167,183.342651",0.055289088198524766,0.026041666666666668,2.123100986823351,33,False
Qwen2.5-1.5B-Instruct,GPTQ_3bit,Prompt_04,15,mlp,192,1536,41500.71484375,"1421,609,113,752,793","1617.115601,256.040497,146.09201,105.152733,100.452164",0.05360999288133497,0.0032552083333333335,16.468989813146102,"127,110,113,125,84","552.892517,549.408386,503.712769,496.009155,430.504578",0.06102370412859041,0.026041666666666668,2.3433102385378715,84,False
Qwen2.5-1.5B-Instruct,GPTQ_3bit,Prompt_04,16,attn,192,1536,18464.744140625,"1421,609,793,553,392","2722.839355,475.782288,50.326126,36.537682,36.198105",0.17989327793073562,0.0032552083333333335,55.263214980321976,"127,110,64,92,72","384.202179,296.300964,277.707184,266.038025,264.542358",0.08062883298820418,0.026041666666666668,3.0961471867470403,64,False
Qwen2.5-1.5B-Instruct,GPTQ_3bit,Prompt_04,16,mlp,192,1536,53402.0859375,"1421,609,793,901,188","2491.931152,395.937103,65.220123,62.68742,61.10091",0.05761716335548105,0.0032552083333333335,17.69999258280378,"44,110,40,92,113","839.852539,807.264099,631.794006,608.865845,589.586609",0.0651166189522969,0.026041666666666668,2.500478167768201,40,False
Qwen2.5-1.5B-Instruct,GPTQ_3bit,Prompt_04,17,attn,192,1536,16599.21484375,"1421,609,553,1301,154","790.540649,140.219162,38.580814,38.285461,38.01178",0.06299321680548238,0.0032552083333333335,19.351516202644188,"127,99,124,97,191","207.24675,182.847931,168.971252,161.571136,149.974243",0.05244894630981934,0.026041666666666668,2.0140395382970624,97,False
Qwen2.5-1.5B-Instruct,GPTQ_3bit,Prompt_04,17,mlp,192,1536,63925.74609375,"1421,609,450,1354,713","1831.185303,334.84021,71.00589,70.762695,68.727036",0.03717627311863477,0.0032552083333333335,11.420551102044602,"110,127,125,40,113","898.320251,781.569702,770.225464,698.726196,697.84082",0.06017423107657071,0.026041666666666668,2.310690473340315,40,False
Qwen2.5-1.5B-Instruct,GPTQ_3bit,Prompt_04,18,attn,192,1536,22348.916015625,"1421,609,934,1394,900","1492.334351,334.890747,72.001892,67.977066,67.148071",0.09102687796396725,0.0032552083333333335,27.963456910530738,"125,101,126,97,127","247.633224,237.048752,229.44162,216.677185,208.99231",0.050999932707866055,0.026041666666666668,1.9583974159820565,97,False
Qwen2.5-1.5B-Instruct,GPTQ_3bit,Prompt_04,18,mlp,192,1536,79335.7734375,"1421,609,408,553,1360","1371.194824,418.84729,111.219749,94.807518,94.13163",0.026346260169518815,0.0032552083333333335,8.09357112407618,"110,92,113,127,40","1047.644043,814.245911,804.291992,782.099854,780.579224",0.05330333524077204,0.026041666666666668,2.046848073245646,40,False
Qwen2.5-1.5B-Instruct,GPTQ_3bit,Prompt_04,19,attn,192,1536,27827.419921875,"1421,609,868,1360,136","976.700623,390.248474,128.542328,101.179878,79.600922",0.06023815156321689,0.0032552083333333335,18.50516016022023,"126,125,111,124,191","789.953247,692.991211,598.800842,589.298401,536.623962",0.11527002824818905,0.026041666666666668,4.426369084730459,111,False
Qwen2.5-1.5B-Instruct,GPTQ_3bit,Prompt_04,19,mlp,192,1536,120464.328125,"1421,609,1200,113,865","2863.739258,1107.173706,297.71283,234.510223,209.674072",0.03912203829920086,0.0032552083333333335,12.018290165514504,"110,127,113,125,42","1769.686279,1578.019409,1394.160767,1295.378784,1268.470459",0.06064630031167162,0.026041666666666668,2.32881793196819,42,False
Qwen2.5-1.5B-Instruct,GPTQ_3bit,Prompt_04,20,attn,192,1536,42495.375,"1421,609,1299,33,348","4513.069824,1733.687012,96.807854,91.724289,87.457191",0.15349307084520963,0.0032552083333333335,47.1530713636484,"127,57,110,126,113","912.211426,701.054199,614.607788,586.641418,575.627075",0.07977672501308966,0.026041666666666668,3.063426240502643,57,False
Qwen2.5-1.5B-Instruct,GPTQ_3bit,Prompt_04,20,mlp,192,1536,129525.1640625,"1421,609,553,640,503","1836.017456,907.810669,211.197784,143.958206,143.462219",0.02503333276334274,0.0032552083333333335,7.69023982489889,"40,110,113,108,127","1801.451782,1701.788086,1568.227051,1497.338379,1488.340454",0.062205252285375774,0.026041666666666668,2.38868168775843,40,False
Qwen2.5-1.5B-Instruct,GPTQ_3bit,Prompt_04,21,attn,192,1536,34368.515625,"1421,609,466,553,503","661.474243,438.248169,151.515594,147.545074,144.621735",0.04490751948663043,0.0032552083333333335,13.795589986292867,"141,72,108,48,15","544.163879,509.595459,403.557129,363.590057,351.433533",0.0632072712011584,0.026041666666666668,2.4271592141244827,15,False
Qwen2.5-1.5B-Instruct,GPTQ_3bit,Prompt_04,21,mlp,192,1536,197205.265625,"1421,609,1446,752,503","2344.510254,1325.540405,265.107483,246.127411,246.043564",0.022450359464444448,0.0032552083333333335,6.896750427477334,"110,113,42,40,34","2277.411377,2207.715332,2180.795166,2062.49292,2028.150757",0.05454502137961104,0.026041666666666668,2.094528820977064,34,False
Qwen2.5-1.5B-Instruct,GPTQ_3bit,Prompt_04,22,attn,192,1536,36391.359375,"609,1421,752,95,865","1249.968018,1044.998657,116.391823,101.236565,92.960609",0.07159819552804216,0.0032552083333333335,21.99496566621455,"42,41,126,103,92","810.239746,617.292053,547.422302,537.457275,494.597473",0.08262974620091394,0.026041666666666668,3.1729822541150954,41,False
Qwen2.5-1.5B-Instruct,GPTQ_3bit,Prompt_04,22,mlp,192,1536,245047.21875,"609,1421,503,868,1514","4075.870117,2885.443115,343.31012,288.529694,283.893372",0.03214501643879605,0.0032552083333333335,9.874949049998145,"34,35,127,112,24","3419.722412,3133.703857,2795.433838,2454.559814,2322.219238",0.0576445582362889,0.026041666666666668,2.2135510362734934,24,False
Qwen2.5-1.5B-Instruct,GPTQ_3bit,Prompt_04,23,attn,192,1536,35710.32421875,"609,1421,1474,200,365","1013.388916,818.034058,84.082794,77.679695,69.320457",0.057756570529596714,0.0032552083333333335,17.74281846669211,"111,126,125,110,124","1177.051025,1129.900024,1121.100464,1103.12439,742.302307",0.14767377868992063,0.026041666666666668,5.670673101692952,110,False
Qwen2.5-1.5B-Instruct,GPTQ_3bit,Prompt_04,23,mlp,192,1536,284659.625,"609,1421,1290,553,601","2464.786377,2409.264893,409.989899,359.903412,358.589172",0.02108670553966426,0.0032552083333333335,6.47783594178486,"34,35,80,33,127","7475.083984,5982.863281,3334.856201,3109.84375,2952.01709",0.08028769117678701,0.026041666666666668,3.083047341188621,33,False
Qwen2.5-1.5B-Instruct,GPTQ_3bit,Prompt_04,24,attn,192,1536,56589.23828125,"609,1421,507,286,1526","622.966431,536.731567,150.143677,126.428627,123.36013",0.027560547172279404,0.0032552083333333335,8.466600091324233,"126,111,124,191,31","1403.906006,1100.62146,1078.397949,866.554749,794.47229",0.09266695923094366,0.026041666666666668,3.5584112344682364,31,False
Qwen2.5-1.5B-Instruct,GPTQ_3bit,Prompt_04,24,mlp,192,1536,354841.78125,"609,1421,507,541,179","6676.908203,6222.024414,657.500793,426.453003,422.5271",0.040596724578921044,0.0032552083333333335,12.471313790644544,"34,35,80,36,25","12818.617188,9572.185547,5124.859375,4265.933594,3921.251709",0.1006162451627869,0.026041666666666668,3.8636638142510167,25,False
Qwen2.5-1.5B-Instruct,GPTQ_3bit,Prompt_04,25,attn,192,1536,84127.1015625,"1421,609,1255,1452,285","3841.598633,3822.8125,237.89624,224.31839,217.859573",0.0991890270386076,0.0032552083333333335,30.470869106260253,"110,125,123,147,111","2262.165527,1449.722046,1316.128174,1300.737793,1159.487549",0.08901103905372348,0.026041666666666668,3.4180238996629817,110,False
Qwen2.5-1.5B-Instruct,GPTQ_3bit,Prompt_04,25,mlp,192,1536,461689.15625,"609,1421,1272,324,267","4763.013184,4301.779297,762.315857,679.861267,663.090698",0.024193896302524432,0.0032552083333333335,7.4323649441355055,"34,35,80,145,144","16165.84375,11439.720703,6320.624023,6172.753418,6113.015137",0.1000932259414529,0.026041666666666668,3.843579876151791,34,False
Qwen2.5-1.5B-Instruct,GPTQ_3bit,Prompt_04,26,attn,192,1536,56430.5078125,"1421,609,1073,557,1173","5538.556641,5227.934082,129.803391,111.667343,82.893906",0.19654006137249838,0.0032552083333333335,60.3771068536315,"127,126,125,96,112","1520.080933,1338.073975,1311.937866,1207.532471,1107.070312",0.11491470773303171,0.026041666666666668,4.4127247769484175,96,False
Qwen2.5-1.5B-Instruct,GPTQ_3bit,Prompt_04,26,mlp,192,1536,4222177.0,"408,520,940,609,553","1175904.25,884317.5625,733328.875,501735.21875,50327.261719",0.7923905724463943,0.0032552083333333335,243.42238385553233,"0,35,34,36,144","3621355.0,14313.822266,10997.112305,10707.505859,8695.232422",0.8682886814077193,0.026041666666666668,33.34228536605642,0,True
Qwen2.5-1.5B-Instruct,GPTQ_3bit,Prompt_04,27,attn,192,1536,134892.375,"609,1421,1424,1360,356","8147.830078,7680.039062,4485.473145,3124.769287,2977.941895",0.195830585193381,0.0032552083333333335,60.159155771406645,"124,112,191,125,127","3172.597656,3130.037842,2781.916504,2539.176025,2372.249512",0.10375661754417179,0.026041666666666668,3.9842541136961964,112,False
Qwen2.5-1.5B-Instruct,GPTQ_3bit,Prompt_04,27,mlp,192,1536,1447081.5,"609,1421,503,909,592","232972.484375,215654.875,81273.242188,56554.046875,31739.462891",0.4272006276080511,0.0032552083333333335,131.2360328011933,"0,162,148,163,176","76797.734375,31425.328125,27749.201172,25912.494141,24755.802734",0.12897724013816775,0.026041666666666668,4.952726021305641,0,True
Qwen2.5-1.5B-Instruct,GPTQ_2bit,Prompt_01,0,attn,305,1536,11402.001953125,"23,559,1390,163,1340","56.606895,47.538441,47.354256,47.091564,45.658504",0.021421645957612638,0.0032552083333333335,6.580729638178602,"0,211,95,1,122","108.034157,98.107681,92.860023,90.895081,84.977631",0.04164834773652859,0.01639344262295082,2.540549211928244,0,True
Qwen2.5-1.5B-Instruct,GPTQ_2bit,Prompt_01,0,mlp,305,1536,31101.34765625,"1421,609,1151,251,979","213.443298,154.842697,68.174515,49.556355,49.520569",0.017219106402392884,0.0032552083333333335,5.289709486815094,"122,208,304,0,124","1108.74353,1091.946777,1065.381348,659.260986,637.068726",0.14669465187212422,0.01639344262295082,8.948373764199577,0,True
Qwen2.5-1.5B-Instruct,GPTQ_2bit,Prompt_01,1,attn,305,1536,7691.52734375,"1421,1360,1222,1248,113","104.998611,94.946976,51.153755,32.141918,29.318485",0.04063688639869052,0.0032552083333333335,12.483651501677727,"0,1,2,4,3","173.498993,170.749908,88.587578,75.215744,66.85849",0.0747459743523591,0.01639344262295082,4.559504435493905,0,True
Qwen2.5-1.5B-Instruct,GPTQ_2bit,Prompt_01,1,mlp,305,1536,22169768.0,"408,520,940,609,286","8245378.5,5136213.5,4166470.0,2281124.5,342707.9375",0.9098829541202236,0.0032552083333333335,279.5160435057327,"0,1,117,119,122","22131748.0,2561.469238,751.758484,640.242126,604.936951",0.9984906472634265,0.01639344262295082,60.90792948306901,0,True
Qwen2.5-1.5B-Instruct,GPTQ_2bit,Prompt_01,2,attn,305,1536,29794.330078125,"1421,1028,865,690,1360","223.217697,146.59436,117.205132,105.614662,103.776154",0.023373843888869112,0.0032552083333333335,7.180444842660591,"1,2,125,0,3","266.95639,234.90065,205.270828,199.806534,199.696716",0.03714233884815936,0.01639344262295082,2.265682669737721,0,True
Qwen2.5-1.5B-Instruct,GPTQ_2bit,Prompt_01,2,mlp,305,1536,2150167.75,"408,520,940,609,286","699004.25,495844.65625,387040.28125,234738.78125,29434.955078",0.8585669071634062,0.0032552083333333335,263.75175388059836,"0,166,1,24,124","2077080.25,1329.352539,1145.246582,1027.551147,1024.030396",0.9681134762624917,0.01639344262295082,59.05492205201199,0,True
Qwen2.5-1.5B-Instruct,GPTQ_2bit,Prompt_01,3,attn,305,1536,28343.8515625,"1421,356,286,690,1248","371.758911,165.905655,130.018738,127.854362,126.421074",0.03252764495331191,0.0032552083333333335,9.992492529657419,"8,84,16,263,7","185.628494,170.42897,169.999878,167.825623,155.411545",0.029963976235063104,0.01639344262295082,1.8278025503388493,7,False
Qwen2.5-1.5B-Instruct,GPTQ_2bit,Prompt_01,3,mlp,305,1536,81772.1953125,"1421,609,408,940,1279","797.057373,269.702423,205.697281,132.187759,118.47464",0.018626372680162047,0.0032552083333333335,5.722021687345781,"211,1,165,24,117","718.243286,690.12085,689.660767,677.497131,671.275635",0.04215121472658274,0.01639344262295082,2.571224098321547,1,False
Qwen2.5-1.5B-Instruct,GPTQ_2bit,Prompt_01,4,attn,305,1536,28129.103515625,"1421,1068,609,580,865","477.118256,161.454956,131.912018,126.176331,114.361679",0.035942249415554024,0.0032552083333333335,11.041459020458197,"24,32,27,221,134","205.572311,197.430954,191.018723,178.952866,176.413086",0.03375109341685633,0.01639344262295082,2.058816698428236,24,False
Qwen2.5-1.5B-Instruct,GPTQ_2bit,Prompt_01,4,mlp,305,1536,136550.953125,"1421,609,408,1279,24","1108.94751,289.707092,244.282196,194.414429,158.141739",0.014613541658442288,0.0032552083333333335,4.489279997473471,"118,1,117,125,7","1049.111816,1041.111816,954.275146,889.39093,878.46759",0.035242210411154905,0.01639344262295082,2.149774835080449,1,False
Qwen2.5-1.5B-Instruct,GPTQ_2bit,Prompt_01,5,attn,305,1536,38140.046875,"1421,609,507,575,739","2859.983154,562.440979,122.899384,97.988525,92.372513",0.09794651229862968,0.0032552083333333335,30.089168578139034,"258,153,79,8,66","232.137863,229.416656,216.859863,214.507675,210.883087",0.028940844760858727,0.01639344262295082,1.7653915304123822,8,False
Qwen2.5-1.5B-Instruct,GPTQ_2bit,Prompt_01,5,mlp,305,1536,125472.7421875,"1421,609,408,137,1187","2147.980225,469.253906,199.948929,178.295914,167.664001",0.02520980263330351,0.0032552083333333335,7.744451368950838,"1,165,252,2,125","1449.050537,1102.884766,1020.506958,935.87854,836.894409",0.042600605920944855,0.01639344262295082,2.598636961177636,1,False
Qwen2.5-1.5B-Instruct,GPTQ_2bit,Prompt_01,6,attn,305,1536,26643.263671875,"1421,1360,1200,580,865","560.753479,132.502213,117.887314,117.399467,109.832443",0.038973261336065615,0.0032552083333333335,11.972585882439356,"269,191,78,229,120","247.114822,231.314819,220.236145,219.126587,193.374817",0.04170537251039138,0.01639344262295082,2.544027723133874,78,False
Qwen2.5-1.5B-Instruct,GPTQ_2bit,Prompt_01,6,mlp,305,1536,186406.140625,"1421,408,609,1395,526","1277.595459,262.576874,255.794281,220.48085,202.267212",0.011902584519538276,0.0032552083333333335,3.656473964402158,"117,5,118,1,252","1475.996948,1445.515503,1393.245239,1365.024048,1350.182861",0.03771315865399083,0.01639344262295082,2.3005026778934403,1,False
Qwen2.5-1.5B-Instruct,GPTQ_2bit,Prompt_01,7,attn,305,1536,39776.84765625,"1421,580,865,609,1073","1500.470337,471.55304,269.747833,253.270599,192.364227",0.06756206598078951,0.0032552083333333335,20.755066669298536,"252,110,48,73,8","247.129822,221.082672,211.6595,208.944824,208.508392",0.02758703265767922,0.01639344262295082,1.6828089921184324,8,False
Qwen2.5-1.5B-Instruct,GPTQ_2bit,Prompt_01,7,mlp,305,1536,202129.09375,"1421,609,172,570,918","1697.196777,430.233124,212.761658,211.374832,198.859131",0.013607271897786238,0.0032552083333333335,4.180153926999933,"1,2,117,244,118","1785.916382,1520.439575,1497.328369,1442.934326,1396.972656",0.037815396364111985,0.01639344262295082,2.306739178210831,1,False
Qwen2.5-1.5B-Instruct,GPTQ_2bit,Prompt_01,8,attn,305,1536,44527.91015625,"1421,1073,609,28,32","937.650635,116.215477,113.431404,96.524582,84.826149",0.03028770469188698,0.0032552083333333335,9.30438288134768,"211,9,111,258,114","307.420746,266.011169,259.7258,259.52356,254.759796",0.030260594654248192,0.01639344262295082,1.8458962739091396,9,False
Qwen2.5-1.5B-Instruct,GPTQ_2bit,Prompt_01,8,mlp,305,1536,229697.828125,"1421,609,461,402,1490","5090.174805,616.632446,230.745422,227.122131,222.994812",0.027809011019980664,0.0032552083333333335,8.54292818533806,"1,2,244,42,232","2614.929199,2073.592285,2000.642944,1713.207031,1623.985107",0.043650201341286624,0.01639344262295082,2.6626622818184837,1,False
Qwen2.5-1.5B-Instruct,GPTQ_2bit,Prompt_01,9,attn,305,1536,48331.5234375,"1421,609,901,1073,865","2615.304688,386.72464,297.700714,246.964005,228.109619",0.07810231175143681,0.0032552083333333335,23.993030170041386,"45,64,57,112,178","331.744629,289.866943,282.902679,281.488068,270.039886",0.03012613989316949,0.01639344262295082,1.8376945334833388,45,False
Qwen2.5-1.5B-Instruct,GPTQ_2bit,Prompt_01,9,mlp,305,1536,260932.15625,"1421,609,1395,791,408","10431.767578,892.221436,336.012909,302.553375,271.206909",0.04688484114465099,0.0032552083333333335,14.403023199636783,"2,1,232,244,5","2993.051025,2755.216797,2332.487305,2203.789307,1813.752319",0.04636568006362765,0.01639344262295082,2.8283064838812866,1,False
Qwen2.5-1.5B-Instruct,GPTQ_2bit,Prompt_01,10,attn,305,1536,77480.3671875,"1421,609,109,580,607","8269.768555,743.810913,216.430649,189.553482,151.184738",0.12352481530855548,0.0032552083333333335,37.94682326278824,"245,114,257,29,18","614.29248,514.637329,504.133423,484.140228,483.736633",0.033569019298941356,0.01639344262295082,2.0477101772354227,18,False
Qwen2.5-1.5B-Instruct,GPTQ_2bit,Prompt_01,10,mlp,305,1536,271354.78125,"1421,609,408,1272,669","11143.788086,1282.501953,339.830383,274.956604,266.342987",0.049040668679483604,0.0032552083333333335,15.065293418337362,"2,1,232,244,159","3477.691406,2698.0,2129.921875,2071.526367,1901.867188",0.04525074804053227,0.01639344262295082,2.7602956304724686,1,False
Qwen2.5-1.5B-Instruct,GPTQ_2bit,Prompt_01,11,attn,305,1536,101587.6953125,"1421,609,1360,580,865","9065.323242,1270.873291,299.088043,298.435425,240.923462",0.10999997116100045,0.0032552083333333335,33.791991140659334,"4,269,31,245,3","855.745789,735.879883,624.761353,608.333435,589.687927",0.03361045048439906,0.01639344262295082,2.050237479548343,3,False
Qwen2.5-1.5B-Instruct,GPTQ_2bit,Prompt_01,11,mlp,305,1536,264559.71875,"1421,609,408,526,447","9168.552734,1132.616577,300.106171,288.579865,283.931671",0.04223540591201585,0.0032552083333333335,12.974716696171267,"2,1,244,232,22","2335.390137,2084.83374,1991.925415,1847.146362,1844.773071",0.03819201722649813,0.01639344262295082,2.3297130508163857,1,False
Qwen2.5-1.5B-Instruct,GPTQ_2bit,Prompt_01,12,attn,305,1536,68487.5078125,"1421,609,416,1395,1360","5373.980957,504.339539,175.443665,168.808075,129.369965",0.0927459997552017,0.0032552083333333335,28.49157112479796,"2,113,55,8,27","560.996277,547.795959,517.920715,468.496063,459.399963",0.03730036277144977,0.01639344262295082,2.2753221290584356,2,False
Qwen2.5-1.5B-Instruct,GPTQ_2bit,Prompt_01,12,mlp,305,1536,291978.28125,"1421,609,408,793,1495","7544.200684,924.541748,366.932922,289.240112,284.803894",0.032227461267720574,0.0032552083333333335,9.90027610144376,"2,130,126,1,5","3477.693115,2784.680176,2505.949707,2499.395264,2496.67749",0.047141847156867936,0.01639344262295082,2.875652676568944,1,False
Qwen2.5-1.5B-Instruct,GPTQ_2bit,Prompt_01,13,attn,305,1536,95245.125,"1421,865,580,609,901","2753.057129,945.594421,653.156311,475.838348,418.350037",0.05507889347355048,0.0032552083333333335,16.92023607507471,"3,8,2,4,135","710.506714,620.34198,549.974426,523.808777,518.676575",0.030692474746082804,0.01639344262295082,1.872240959511051,2,False
Qwen2.5-1.5B-Instruct,GPTQ_2bit,Prompt_01,13,mlp,305,1536,289481.375,"1421,609,450,1126,819","7952.730469,1203.423218,314.043579,303.230103,299.06543",0.03479496103700108,0.0032552083333333335,10.689012030566731,"130,2,1,3,121","3157.09668,2838.570557,2660.76709,2511.851562,2323.085205",0.04660531646897836,0.01639344262295082,2.8429243046076795,1,False
Qwen2.5-1.5B-Instruct,GPTQ_2bit,Prompt_01,14,attn,305,1536,101384.3671875,"1421,609,865,580,931","6037.552246,889.147949,259.499268,212.698135,200.006897",0.0749514398291958,0.0032552083333333335,23.02508231552895,"5,3,304,122,299","1159.484985,1020.401306,875.739136,839.867615,806.861389",0.04638145527397707,0.01639344262295082,2.8292687717126013,3,False
Qwen2.5-1.5B-Instruct,GPTQ_2bit,Prompt_01,14,mlp,305,1536,375645.0625,"1421,609,1496,1110,83","10083.408203,1215.931885,399.583984,393.489502,390.214569",0.03322984693745975,0.0032552083333333335,10.208208979187635,"130,140,3,2,211","3694.185059,3572.986572,3156.171875,3140.391113,3063.356934",0.04426277211316999,0.01639344262295082,2.7000290989033693,2,False
Qwen2.5-1.5B-Instruct,GPTQ_2bit,Prompt_01,15,attn,305,1536,135418.78125,"1421,609,1360,752,113","8472.099609,1654.110229,422.516235,417.340759,317.222626",0.0833214561149545,0.0032552083333333335,25.596351318514024,"274,47,25,102,3","1102.453613,947.874451,945.687195,943.132629,932.642334",0.03597573750386821,0.01639344262295082,2.1945199877359607,3,False
Qwen2.5-1.5B-Instruct,GPTQ_2bit,Prompt_01,15,mlp,305,1536,378188.09375,"1421,609,113,408,752","13170.283203,2278.331787,777.376343,522.214478,515.329529",0.04564801336041532,0.0032552083333333335,14.023069704319585,"130,211,106,3,2","3368.436523,3331.615479,3269.612793,3023.680664,2987.139893",0.0422553898857703,0.01639344262295082,2.577578783031988,2,False
Qwen2.5-1.5B-Instruct,GPTQ_2bit,Prompt_01,16,attn,305,1536,118190.5859375,"1421,609,1361,865,900","10199.220703,2169.537842,265.271301,218.985596,209.804901",0.11052335690600358,0.0032552083333333335,33.9527752415243,"2,27,10,247,102","1344.411987,1054.720581,889.119629,853.828674,853.755127",0.04226932202655999,0.01639344262295082,2.578428643620159,2,False
Qwen2.5-1.5B-Instruct,GPTQ_2bit,Prompt_01,16,mlp,305,1536,442497.03125,"1421,609,1113,1395,459","13675.435547,2644.486328,554.30957,498.510162,492.043335",0.04037266228127943,0.0032552083333333335,12.40248185280904,"130,211,3,1,106","3710.864746,3438.349121,3238.677979,3214.446533,3174.397705",0.0379137827902094,0.01639344262295082,2.312740750202773,1,False
Qwen2.5-1.5B-Instruct,GPTQ_2bit,Prompt_01,17,attn,305,1536,159696.5625,"1421,609,582,1161,1285","6539.583984,1894.21228,549.833618,343.56662,332.028717",0.06048486852018183,0.0032552083333333335,18.580951609399857,"120,13,27,2,11","1571.828735,1265.991943,1144.722046,1127.510742,1023.151245",0.03840536385899822,0.01639344262295082,2.3427271953988913,2,False
Qwen2.5-1.5B-Instruct,GPTQ_2bit,Prompt_01,17,mlp,305,1536,538293.0625,"1421,609,408,1110,453","18361.101562,3517.854004,654.409119,640.095032,574.641174",0.04411741719107703,0.0032552083333333335,13.552870561098862,"7,162,130,3,211","4224.82373,3511.893555,3424.098145,3320.451904,3249.332031",0.03293855873583732,0.01639344262295082,2.0092520828860767,3,False
Qwen2.5-1.5B-Instruct,GPTQ_2bit,Prompt_01,18,attn,305,1536,175155.53125,"1421,609,934,507,900","6658.014648,1947.712769,720.769897,583.693604,568.225769",0.059823494815411375,0.0032552083333333335,18.377777607294373,"26,220,224,168,173","1288.421753,1108.587158,992.518127,980.711365,980.548218",0.03054877332681294,0.01639344262295082,1.8634751729355892,26,False
Qwen2.5-1.5B-Instruct,GPTQ_2bit,Prompt_01,18,mlp,305,1536,659837.0625,"1421,609,408,1082,1272","20839.074219,7099.949707,735.970703,681.033569,636.882019",0.04545502497633649,0.0032552083333333335,13.963783672730568,"7,130,5,1,209","4175.164551,3798.908203,3711.228516,3593.318359,3525.312012",0.02849784092057575,0.01639344262295082,1.7383682961551208,1,False
Qwen2.5-1.5B-Instruct,GPTQ_2bit,Prompt_01,19,attn,305,1536,228825.0625,"1421,609,865,580,356","12039.438477,4264.444824,833.267334,827.240173,724.944153",0.08167521395301705,0.0032552083333333335,25.090625726366838,"209,227,253,225,76","2919.200195,1774.87146,1607.347046,1596.998535,1533.958984",0.04122090845326438,0.01639344262295082,2.514475415649127,76,False
Qwen2.5-1.5B-Instruct,GPTQ_2bit,Prompt_01,19,mlp,305,1536,898494.6875,"1421,609,1200,553,1073","25809.181641,9800.007812,1313.825806,1187.412354,987.82312",0.0435152823315942,0.0032552083333333335,13.367894732265738,"7,9,10,209,181","5198.173828,4927.602539,4870.637695,4838.234375,4586.224121",0.027179763427232283,0.01639344262295082,1.6579655690611692,7,False
Qwen2.5-1.5B-Instruct,GPTQ_2bit,Prompt_01,20,attn,305,1536,279029.65625,"1421,609,544,142,743","20112.869141,7805.62207,633.794434,451.285339,437.185181",0.10551120714207238,0.0032552083333333335,32.41304283404463,"31,28,10,124,244","2291.491455,2129.9104,2018.006348,1949.054199,1869.21582",0.0367619624101336,0.01639344262295082,2.2424797070181497,10,False
Qwen2.5-1.5B-Instruct,GPTQ_2bit,Prompt_01,20,mlp,305,1536,1031955.125,"1421,609,553,408,287","14360.738281,8142.964844,1470.156616,1236.819824,1076.688232",0.025473362698305316,0.0032552083333333335,7.825417020919392,"209,114,7,25,110","7484.849609,5943.328613,5937.005859,5670.516602,5443.320312",0.029535217949763076,0.01639344262295082,1.8016482949355475,7,False
Qwen2.5-1.5B-Instruct,GPTQ_2bit,Prompt_01,21,attn,305,1536,169494.59375,"1421,609,969,510,553","2098.872314,1393.00647,685.517639,599.311951,584.014038",0.03162768823102212,0.0032552083333333335,9.716025824569995,"158,146,187,174,179","1533.28833,1346.837891,1341.112549,1232.187012,1147.792847",0.03894648269109616,0.01639344262295082,2.3757354441568657,146,False
Qwen2.5-1.5B-Instruct,GPTQ_2bit,Prompt_01,21,mlp,305,1536,1460192.75,"1421,609,553,1446,1173","22511.494141,12393.608398,2226.145508,1773.676636,1561.447144",0.027713033840052966,0.0032552083333333335,8.513443995664272,"209,146,213,7,23","8408.333984,8325.879883,8200.228516,8136.005859,7877.880371",0.0280430978204761,0.01639344262295082,1.710628967049042,7,False
Qwen2.5-1.5B-Instruct,GPTQ_2bit,Prompt_01,22,attn,305,1536,233369.25,"609,1421,865,1377,95","7097.529297,6929.149414,804.86261,789.673523,730.443481",0.07006774972763122,0.0032552083333333335,21.52481271632831,"284,293,283,288,292","2081.466064,1940.792603,1782.076782,1691.451538,1634.152832",0.039122289903768384,0.01639344262295082,2.3864596841298713,283,False
Qwen2.5-1.5B-Instruct,GPTQ_2bit,Prompt_01,22,mlp,305,1536,1949943.5,"609,1421,553,611,1211","31508.625,17967.167969,2476.320801,2115.041016,2029.831421",0.028768517844234974,0.0032552083333333335,8.837688681748984,"22,283,209,213,239","13772.841797,11910.134766,11567.675781,11181.830078,11129.518555",0.03054550042090963,0.01639344262295082,1.8632755256754874,22,False
Qwen2.5-1.5B-Instruct,GPTQ_2bit,Prompt_01,23,attn,305,1536,222551.234375,"609,1421,616,679,553","5163.151367,4141.078613,523.660339,451.576202,416.249969",0.04805957076316486,0.0032552083333333335,14.763900138444244,"124,210,209,203,236","2051.045166,2031.337402,1840.13501,1710.662231,1702.955078",0.04195049644116358,0.01639344262295082,2.5589802829109782,124,False
Qwen2.5-1.5B-Instruct,GPTQ_2bit,Prompt_01,23,mlp,305,1536,2578025.5,"609,1421,553,1404,1105","23995.591797,17129.888672,4072.38623,2663.342041,2621.690186",0.019582002716323016,0.0032552083333333335,6.01559123445443,"239,23,147,283,7","23009.662109,21410.027344,16564.697266,16490.242188,14929.854492",0.03584312272124539,0.01639344262295082,2.1864304859959685,7,False
Qwen2.5-1.5B-Instruct,GPTQ_2bit,Prompt_01,24,attn,305,1536,283944.5,"609,1421,283,360,1229","4538.682129,3916.522705,583.970215,565.116211,533.532837",0.03570353798783741,0.0032552083333333335,10.968126869863651,"113,105,119,101,102","2687.947021,2194.107178,2013.235962,1984.782593,1964.322266",0.03819195479332229,0.01639344262295082,2.3297092423926595,101,False
Qwen2.5-1.5B-Instruct,GPTQ_2bit,Prompt_01,24,mlp,305,1536,3436001.25,"1421,609,611,1042,1105","38434.21875,38133.746094,3506.233398,3322.117188,3317.599121",0.02523686918405516,0.0032552083333333335,7.7527662133417445,"239,23,289,91,271","28417.621094,22374.4375,21679.613281,21017.613281,20553.287109",0.033190489235124694,0.01639344262295082,2.0246198433426064,23,False
Qwen2.5-1.5B-Instruct,GPTQ_2bit,Prompt_01,25,attn,305,1536,409447.78125,"609,1421,503,553,1108","11898.893555,10591.167969,2099.733154,2004.81897,1775.641113",0.06928906494410268,0.0032552083333333335,21.285600750828344,"303,67,32,123,179","4093.259277,3559.795898,3198.230469,3196.893799,3178.547607",0.04207307342076359,0.01639344262295082,2.566457478666579,32,False
Qwen2.5-1.5B-Instruct,GPTQ_2bit,Prompt_01,25,mlp,305,1536,4871317.0,"609,1421,1052,553,611","66847.914062,53853.324219,7077.533203,6436.305176,5614.879883",0.028704756588413358,0.0032552083333333335,8.818101223960584,"236,23,147,289,10","33260.871094,32452.882812,30407.542969,29353.175781,29123.314453",0.03173634178395699,0.01639344262295082,1.9359168488213763,10,False
Qwen2.5-1.5B-Instruct,GPTQ_2bit,Prompt_01,26,attn,305,1536,278653.53125,"1421,609,23,179,957","18647.517578,18631.683594,621.271484,467.522247,450.189575",0.1393062823423308,0.0032552083333333335,42.79488993556402,"285,284,293,303,240","4040.483887,3257.007324,2911.521729,2721.564453,2703.612305",0.05610619532791225,0.01639344262295082,3.422477915002647,240,False
Qwen2.5-1.5B-Instruct,GPTQ_2bit,Prompt_01,26,mlp,305,1536,30264964.0,"408,520,940,609,286","9228536.0,5471370.0,4350798.5,3072842.75,357437.03125",0.7428055754502136,0.0032552083333333335,228.1898727783056,"0,263,23,62,147","24241058.0,42327.386719,42034.695312,38872.0,37147.960938",0.8062603345571466,0.01639344262295082,49.18188040798594,0,True
Qwen2.5-1.5B-Instruct,GPTQ_2bit,Prompt_01,27,attn,305,1536,1141129.25,"609,1421,1424,752,113","135884.234375,116822.789062,43357.914062,32978.570312,20004.175781",0.3058791598322451,0.0032552083333333335,93.96607790046569,"254,180,66,155,253","11654.083008,10109.780273,10059.244141,9928.105469,8699.143555",0.04421090377689468,0.01639344262295082,2.6968651303905755,66,False
Qwen2.5-1.5B-Instruct,GPTQ_2bit,Prompt_01,27,mlp,305,1536,13974717.0,"1421,609,1424,503,909","2518245.0,2513983.5,319396.28125,267811.90625,178646.46875",0.41489809775754316,0.0032552083333333335,127.45669563111726,"0,263,220,112,243","132333.078125,107049.796875,105271.476562,105115.851562,93777.007812",0.0388950407725609,0.01639344262295082,2.3725974871262148,0,True
Qwen2.5-1.5B-Instruct,GPTQ_2bit,Prompt_02,0,attn,284,1536,10657.451171875,"300,1421,1381,1286,632","48.544693,48.032284,46.961609,46.856323,44.73526",0.022062514661104,0.0032552083333333335,6.7776045038911485,"0,234,98,1,154","108.088623,107.092911,101.567215,90.902763,82.634003",0.046004013019060354,0.017605633802816902,2.613027939482628,0,True
Qwen2.5-1.5B-Instruct,GPTQ_2bit,Prompt_02,0,mlp,284,1536,28056.6171875,"1421,609,1151,979,251","225.194489,168.262207,69.504074,51.038498,47.252441",0.020004254441423827,0.0032552083333333335,6.1453069644054,"77,95,283,0,79","1056.072998,1031.796387,989.734619,660.258057,578.81073",0.15385578463413963,0.017605633802816902,8.73900856721913,0,True
Qwen2.5-1.5B-Instruct,GPTQ_2bit,Prompt_02,1,attn,284,1536,6599.330078125,"1421,1360,1073,1222,580","56.508656,47.929913,33.171719,32.420277,22.864918",0.02922955436557392,0.0032552083333333335,8.979319101104307,"0,1,2,4,3","173.682953,170.963135,89.02652,75.365433,66.9505",0.08727984788938982,0.017605633802816902,4.957495360117342,0,True
Qwen2.5-1.5B-Instruct,GPTQ_2bit,Prompt_02,1,mlp,284,1536,22449500.0,"408,520,940,609,286","8337530.5,5208987.0,4232034.5,2305371.5,347398.59375",0.9101014276487227,0.0032552083333333335,279.5831585736876,"0,1,77,283,95","22414248.0,2597.848633,576.041382,550.402954,550.028076",0.9986201028976146,0.017605633802816902,56.721621844584504,0,True
Qwen2.5-1.5B-Instruct,GPTQ_2bit,Prompt_02,2,attn,284,1536,26523.884765625,"580,1421,1054,1424,868","171.168091,138.937958,111.308754,99.311234,82.327766",0.02273625365595823,0.0032552083333333335,6.984577123110368,"1,2,80,95,97","266.978516,235.025757,218.031082,211.264816,200.463028",0.04266958605779034,0.017605633802816902,2.423632488082491,1,False
Qwen2.5-1.5B-Instruct,GPTQ_2bit,Prompt_02,2,mlp,284,1536,2147585.5,"408,520,940,609,286","699070.25,495838.28125,387044.90625,234873.125,29433.130859",0.8596908598051161,0.0032552083333333335,264.09703213213163,"0,1,39,154,7","2077074.125,1147.87793,966.07251,877.280701,857.377319",0.968959210238661,0.017605633802816902,55.03688314155595,0,True
Qwen2.5-1.5B-Instruct,GPTQ_2bit,Prompt_02,3,attn,284,1536,27807.03125,"1421,580,356,609,752","353.842102,172.394592,144.017654,115.721634,114.727615",0.03239121588163403,0.0032552083333333335,9.950581518837973,"8,154,158,108,99","186.075333,177.641144,165.801392,165.018082,163.445221",0.030854829250133452,0.017605633802816902,1.75255430140758,8,False
Qwen2.5-1.5B-Instruct,GPTQ_2bit,Prompt_02,3,mlp,284,1536,84244.734375,"1421,609,408,144,1279","1387.826172,346.417847,166.449097,130.287949,109.324104",0.025405803599000902,0.0032552083333333335,7.804662865613077,"107,46,163,150,126","1332.881104,1287.883789,1260.972778,1194.715698,1194.464233",0.07443690726775765,0.017605633802816902,4.228016332808634,46,False
Qwen2.5-1.5B-Instruct,GPTQ_2bit,Prompt_02,4,attn,284,1536,28390.701171875,"1421,609,33,580,865","636.563354,161.380356,157.073837,82.456177,81.974426",0.0394300976696609,0.0032552083333333335,12.112926004119828,"212,110,109,128,129","253.615952,241.041382,238.725632,215.182129,213.424393",0.04092852426991975,0.017605633802816902,2.3247401785314414,109,False
Qwen2.5-1.5B-Instruct,GPTQ_2bit,Prompt_02,4,mlp,284,1536,136199.4375,"1421,609,408,1505,1279","1388.690063,354.93988,245.676926,164.946915,163.809082",0.017019622333471457,0.0032552083333333335,5.228427980842431,"159,193,163,197,243","1510.221924,1397.430908,1274.341553,1103.105469,1100.579468",0.04688476925037778,0.017605633802816902,2.663054893421458,159,False
Qwen2.5-1.5B-Instruct,GPTQ_2bit,Prompt_02,5,attn,284,1536,34425.56640625,"1421,609,1279,512,739","4205.865723,731.344788,65.731461,64.203018,62.357941",0.14900271702592038,0.0032552083333333335,45.77363467036274,"256,198,195,200,8","262.619171,259.749603,225.449173,221.357208,216.47081",0.03444085660355307,0.017605633802816902,1.956240655081814,8,False
Qwen2.5-1.5B-Instruct,GPTQ_2bit,Prompt_02,5,mlp,284,1536,160088.28125,"1421,609,674,751,1175","6097.181152,1033.403564,357.127502,300.550354,293.487122",0.05048308306452007,0.0032552083333333335,15.508403117420563,"159,237,154,193,163","2729.556885,2498.636963,2156.971924,2100.599854,1890.631958",0.0710632744140196,0.017605633802816902,4.036393986716313,154,False
Qwen2.5-1.5B-Instruct,GPTQ_2bit,Prompt_02,6,attn,284,1536,27697.775390625,"1421,609,1200,901,356","1280.937744,198.287857,134.377213,131.751755,108.688042",0.06693831740350875,0.0032552083333333335,20.56345110635789,"238,129,182,110,237","300.593018,288.024261,271.796295,259.569489,248.341461",0.04940196256172141,0.017605633802816902,2.8060314735057763,110,False
Qwen2.5-1.5B-Instruct,GPTQ_2bit,Prompt_02,6,mlp,284,1536,189025.6875,"1421,609,555,1402,677","1798.273926,278.005127,258.21051,232.902298,225.168625",0.014773444730230118,0.0032552083333333335,4.538402221126692,"159,92,163,193,110","1859.007568,1638.12793,1570.759155,1518.373413,1477.12146",0.04265763957841709,0.017605633802816902,2.4229539280540906,92,False
Qwen2.5-1.5B-Instruct,GPTQ_2bit,Prompt_02,7,attn,284,1536,39850.3203125,"1421,580,609,356,1424","2507.536621,521.205261,308.680176,250.645279,193.970581",0.09490608999574776,0.0032552083333333335,29.15515084669371,"109,110,108,128,131","316.408691,276.679443,245.434464,240.104645,239.126923",0.03306759243230675,0.017605633802816902,1.8782392501550236,108,False
Qwen2.5-1.5B-Instruct,GPTQ_2bit,Prompt_02,7,mlp,284,1536,203243.203125,"1421,609,527,1111,725","2985.275146,506.420441,259.540985,255.496948,236.470047",0.020877468707632827,0.0032552083333333335,6.413558386984804,"159,1,193,163,243","1906.327759,1788.551025,1660.15271,1658.608887,1624.065918",0.04249935998782247,0.017605633802816902,2.413963647308316,1,False
Qwen2.5-1.5B-Instruct,GPTQ_2bit,Prompt_02,8,attn,284,1536,45701.765625,"1421,609,1252,1410,1073","1686.264893,164.846481,118.035057,114.616974,92.579605",0.04762054567947833,0.0032552083333333335,14.629031632735742,"238,159,110,244,211","469.050751,383.587677,356.035095,328.642365,319.561584",0.040630321739484214,0.017605633802816902,2.3078022748027034,110,False
Qwen2.5-1.5B-Instruct,GPTQ_2bit,Prompt_02,8,mlp,284,1536,230029.25,"1421,609,972,801,810","5640.635742,675.794495,259.938965,249.222244,243.775055",0.030732466462145575,0.0032552083333333335,9.44101369717112,"1,243,2,236,54","2612.132324,2106.709961,2068.909668,1874.917725,1867.945679",0.04577946167443923,0.017605633802816902,2.600273423108148,1,False
Qwen2.5-1.5B-Instruct,GPTQ_2bit,Prompt_02,9,attn,284,1536,42479.44140625,"1421,609,901,253,507","3222.473145,329.490204,218.558868,136.054688,129.426117",0.09501073451247602,0.0032552083333333335,29.187297642232632,"210,46,110,4,34","288.656738,281.933319,257.420837,254.956879,253.915237",0.03147129270804434,0.017605633802816902,1.7875694258169186,4,False
Qwen2.5-1.5B-Instruct,GPTQ_2bit,Prompt_02,9,mlp,284,1536,249861.046875,"1421,609,408,748,1395","10465.697266,986.222168,300.038788,279.852295,279.32843",0.04927194455643377,0.0032552083333333335,15.136341367736454,"54,2,1,101,163","3220.373535,2985.514648,2755.339355,2015.164673,1966.154785",0.0517989819278928,0.017605633802816902,2.9421821735043108,1,False
Qwen2.5-1.5B-Instruct,GPTQ_2bit,Prompt_02,10,attn,284,1536,79258.4765625,"1421,609,408,580,734","15479.323242,1401.697266,161.027771,158.750839,132.14801",0.21868885277944936,0.0032552083333333335,67.18121557384684,"147,217,38,235,92","930.370728,626.054749,621.186584,605.750061,583.19165",0.042475629824688506,0.017605633802816902,2.412615774042307,38,False
Qwen2.5-1.5B-Instruct,GPTQ_2bit,Prompt_02,10,mlp,284,1536,255929.390625,"1421,609,408,610,139","14627.786133,1603.924072,304.356598,274.99881,264.739288",0.06672076483986275,0.0032552083333333335,20.496618958805836,"2,54,1,101,17","3476.074463,3394.546875,2701.750732,2343.470215,2231.47876",0.05527821669074862,0.017605633802816902,3.1398027080345217,1,False
Qwen2.5-1.5B-Instruct,GPTQ_2bit,Prompt_02,11,attn,284,1536,99907.765625,"1421,609,865,356,703","9781.829102,1093.877563,270.48526,240.993973,205.073853",0.11602962662280537,0.0032552083333333335,35.64430129852581,"110,4,62,172,154","901.658813,856.503784,682.594482,664.00293,627.602661",0.037358082482170665,0.017605633802816902,2.121939084987294,4,False
Qwen2.5-1.5B-Instruct,GPTQ_2bit,Prompt_02,11,mlp,284,1536,245383.4375,"1421,609,165,1208,408","15200.242188,1520.185547,306.496613,296.71402,294.644012",0.07179898296925602,0.0032552083333333335,22.056647568155448,"54,2,1,15,17","2402.560059,2334.760498,2086.615234,1978.362793,1786.819824",0.04315335724573913,0.017605633802816902,2.4511106915579823,1,False
Qwen2.5-1.5B-Instruct,GPTQ_2bit,Prompt_02,12,attn,284,1536,69784.1875,"1421,609,1395,53,1244","11521.217773,874.759521,202.501831,123.860229,123.287766",0.18407648480090852,0.0032552083333333335,56.54829613083909,"2,212,11,210,129","561.872498,560.853455,554.81543,514.969543,498.090424",0.038556031312385414,0.017605633802816902,2.1899825785434914,2,False
Qwen2.5-1.5B-Instruct,GPTQ_2bit,Prompt_02,12,mlp,284,1536,246916.09375,"1421,609,156,629,841","6330.617188,825.691589,304.139008,261.48938,260.516724",0.032328608038661916,0.0032552083333333335,9.93134838947694,"2,1,5,3,17","3476.708008,2502.705811,2497.382324,2369.321045,2350.531982",0.05344588606453483,0.017605633802816902,3.035726328465578,1,False
Qwen2.5-1.5B-Instruct,GPTQ_2bit,Prompt_02,13,attn,284,1536,93976.46875,"1421,865,1360,356,609","3040.528564,731.863281,549.496826,532.404663,483.362732",0.05679780065455215,0.0032552083333333335,17.44828436107842,"3,8,55,57,2","709.99762,621.897217,617.374268,553.751648,551.29248",0.0325008299742256,0.017605633802816902,1.8460471425360139,2,False
Qwen2.5-1.5B-Instruct,GPTQ_2bit,Prompt_02,13,mlp,284,1536,241315.40625,"1421,609,537,651,897","7413.751953,1037.81958,272.499969,271.899445,260.776794",0.03835954028266689,0.0032552083333333335,11.784050774835267,"2,1,3,54,5","2839.329102,2661.103516,2508.659668,2114.635986,2049.259766",0.05044430230897245,0.017605633802816902,2.865236371149635,1,False
Qwen2.5-1.5B-Instruct,GPTQ_2bit,Prompt_02,14,attn,284,1536,80353.5234375,"1421,609,865,901,931","4960.01123,713.532471,215.074997,186.950348,157.018738",0.07756458738829028,0.0032552083333333335,23.827841245682773,"5,3,101,97,42","1158.693115,1020.087402,791.867004,703.853699,684.753662",0.0542509487614838,0.017605633802816902,3.0814538896522796,3,False
Qwen2.5-1.5B-Instruct,GPTQ_2bit,Prompt_02,14,mlp,284,1536,306679.0,"1421,609,1496,1113,216","8094.583008,1024.319458,354.542816,324.134094,315.400848",0.03297578083986025,0.0032552083333333335,10.130159874005068,"3,2,1,15,41","3152.986572,3141.36084,3035.534424,2955.09668,2812.847168",0.049230061960144,0.017605633802816902,2.796267519336179,1,False
Qwen2.5-1.5B-Instruct,GPTQ_2bit,Prompt_02,15,attn,284,1536,126451.0625,"1421,609,1360,1073,113","8569.381836,1475.126587,408.964294,328.166779,321.103363",0.08780268781104549,0.0032552083333333335,26.97298569555317,"15,23,21,10,3","1114.223633,1027.640137,1010.71698,1009.71167,931.806824",0.04028514674896464,0.017605633802816902,2.2881963353411914,3,False
Qwen2.5-1.5B-Instruct,GPTQ_2bit,Prompt_02,15,mlp,284,1536,311749.375,"1421,609,113,752,503","15127.895508,2766.430908,668.302246,517.300415,388.504059",0.06244898997391735,0.0032552083333333335,19.18432971998741,"15,41,21,3,2","3907.276611,3147.236816,3078.843262,3021.409912,2986.314453",0.051775828038949555,0.017605633802816902,2.9408670326123345,2,False
Qwen2.5-1.5B-Instruct,GPTQ_2bit,Prompt_02,16,attn,284,1536,109582.4609375,"1421,609,865,712,489","9745.972656,1532.983398,217.212387,171.513626,157.540085",0.10791162726699464,0.0032552083333333335,33.150451896420755,"2,20,14,99,222","1343.706543,1151.876587,961.034729,945.880493,892.795654",0.048322458722045436,0.017605633802816902,2.7447156554121808,2,False
Qwen2.5-1.5B-Instruct,GPTQ_2bit,Prompt_02,16,mlp,284,1536,357667.8125,"1421,609,491,459,1395","14919.302734,3379.670898,407.868103,390.824554,385.760773",0.0544735229180009,0.0032552083333333335,16.734266240409877,"15,3,1,7,2","3388.321289,3235.605469,3215.023682,3149.888428,3023.454102",0.04476861604299381,0.017605633802816902,2.5428573912420482,1,False
Qwen2.5-1.5B-Instruct,GPTQ_2bit,Prompt_02,17,attn,284,1536,134284.890625,"1421,609,308,1402,1360","7019.027832,1061.570435,320.23584,305.343689,251.924149",0.06670967612816642,0.0032552083333333335,20.49321250657272,"32,44,2,29,58","1305.2323,1179.632202,1126.653076,1048.99353,1043.223022",0.04247487457577657,0.017605633802816902,2.4125728759041087,2,False
Qwen2.5-1.5B-Instruct,GPTQ_2bit,Prompt_02,17,mlp,284,1536,431159.21875,"1421,609,408,154,601","15740.013672,2879.463867,523.004211,511.960358,449.1185",0.04662676726513806,0.0032552083333333335,14.32374290385041,"7,41,15,3,5","4224.029785,4130.142578,3436.839844,3318.626953,3233.98291",0.04254488897844075,0.017605633802816902,2.4165496939754343,3,False
Qwen2.5-1.5B-Instruct,GPTQ_2bit,Prompt_02,18,attn,284,1536,144580.453125,"1421,609,934,900,1394","4641.05127,1018.483704,618.183533,445.08313,405.217834",0.04930140539182931,0.0032552083333333335,15.145391736369964,"15,13,108,223,18","872.289307,853.733215,832.374023,827.433838,825.869507",0.029130495196824344,0.017605633802816902,1.6546121271796226,13,False
Qwen2.5-1.5B-Instruct,GPTQ_2bit,Prompt_02,18,mlp,284,1536,529678.1875,"1421,609,1200,154,1272","23393.935547,6506.592285,964.229126,562.431213,556.538208",0.06038331824358918,0.0032552083333333335,18.549755364430595,"7,5,1,15,41","4175.666016,3718.762451,3592.98999,3442.170898,3401.458984",0.034607898268653924,0.017605633802816902,1.9657286216595429,1,False
Qwen2.5-1.5B-Instruct,GPTQ_2bit,Prompt_02,19,attn,284,1536,174557.078125,"1421,609,356,900,1248","7044.912598,2416.89624,754.746582,623.216431,578.463135",0.06541262291265222,0.0032552083333333335,20.09475775876676,"96,97,58,29,147","2699.117188,1321.829712,1130.150269,1128.564819,1124.514404",0.04241693798581105,0.017605633802816902,2.4092820775940678,29,False
Qwen2.5-1.5B-Instruct,GPTQ_2bit,Prompt_02,19,mlp,284,1536,722292.625,"1421,609,1200,553,356","19181.873047,8810.202148,1497.162964,1134.838135,1019.921021",0.04381049314154357,0.0032552083333333335,13.458583493082184,"7,5,1,13,3","5218.541016,4553.494141,4383.205566,4381.899414,4292.025391",0.031606530749915936,0.017605633802816902,1.795250946595225,1,False
Qwen2.5-1.5B-Instruct,GPTQ_2bit,Prompt_02,20,attn,284,1536,242731.0625,"1421,609,1471,1248,1492","17841.134766,6700.722168,658.148804,589.534973,433.143738",0.10803184922768176,0.0032552083333333335,33.18738408274383,"29,228,240,30,65","2110.483398,2088.205078,2061.207275,1857.120605,1810.440308",0.040898997141126096,0.017605633802816902,2.3230630376159622,29,False
Qwen2.5-1.5B-Instruct,GPTQ_2bit,Prompt_02,20,mlp,284,1536,805120.5,"1421,609,553,408,302","15063.506836,7092.916992,1286.306152,972.247681,807.58844",0.03132769120429799,0.0032552083333333335,9.623866737960343,"7,96,3,54,34","5931.055664,5392.124023,5389.980957,5227.556641,5090.260254",0.033573829651120546,0.017605633802816902,1.9069935241836469,3,False
Qwen2.5-1.5B-Instruct,GPTQ_2bit,Prompt_02,21,attn,284,1536,190229.90625,"609,1421,553,829,1471","3853.594727,3720.675537,1236.464966,1234.44751,1073.230591",0.058447240526553645,0.0032552083333333335,17.95499228975728,"222,225,113,115,204","1552.250488,1446.486694,1344.300781,1257.850952,1179.716675",0.03564426903580651,0.017605633802816902,2.0245944812338097,113,False
Qwen2.5-1.5B-Instruct,GPTQ_2bit,Prompt_02,21,mlp,284,1536,1183397.0,"1421,609,553,1446,526","21365.169922,13336.056641,2285.686768,1411.182983,1339.167114",0.03357898120833499,0.0032552083333333335,10.315463027200508,"34,7,11,14,96","8139.383301,8135.074707,7476.763672,7434.332031,7224.601562",0.032457540664713534,0.017605633802816902,1.8435883097557286,7,False
Qwen2.5-1.5B-Instruct,GPTQ_2bit,Prompt_02,22,attn,284,1536,190512.140625,"609,1421,1295,1377,1217","5095.703613,4630.212402,569.8302,537.332825,534.357605",0.05966778015377465,0.0032552083333333335,18.32994206323957,"16,239,180,174,79","1384.974854,1323.638916,1302.579834,1294.867554,1256.438232",0.034446621040473385,0.017605633802816902,1.956568075098888,16,False
Qwen2.5-1.5B-Instruct,GPTQ_2bit,Prompt_02,22,mlp,284,1536,1629756.875,"609,1421,553,1105,1008","31662.757812,19234.746094,2636.232422,1868.832275,1747.888916",0.03506686052866014,0.0032552083333333335,10.772539554404394,"14,7,11,244,22","11590.296875,11086.369141,10790.069336,10535.193359,10454.667969",0.03341394191848401,0.017605633802816902,1.8979119009698915,7,False
Qwen2.5-1.5B-Instruct,GPTQ_2bit,Prompt_02,23,attn,284,1536,210123.421875,"609,1421,1067,764,848","6778.839844,5311.103027,427.064697,411.146362,407.011627",0.06346349158333209,0.0032552083333333335,19.495984614399617,"79,97,96,109,148","2540.004639,1769.261841,1758.906006,1718.282593,1491.161133",0.044153174968074936,0.017605633802816902,2.5079003381866563,79,False
Qwen2.5-1.5B-Instruct,GPTQ_2bit,Prompt_02,23,mlp,284,1536,2362834.25,"609,1421,553,89,788","26595.513672,21572.978516,4215.243652,3435.706543,3320.444336",0.02502921511263433,0.0032552083333333335,7.688974882601266,"14,135,169,234,115","17689.333984,16653.142578,15814.65625,15772.375,15242.569336",0.034353691176179625,0.017605633802816902,1.9512896588070026,14,False
Qwen2.5-1.5B-Instruct,GPTQ_2bit,Prompt_02,24,attn,284,1536,265507.40625,"609,1421,1248,1229,360","5374.877441,4743.989746,1214.797363,797.341064,603.817261",0.04796409795889639,0.0032552083333333335,14.73457089297297,"210,269,79,29,13","2352.751465,2066.967285,1992.787964,1963.729492,1939.097656",0.0388513982719644,0.017605633802816902,2.2067594218475777,13,False
Qwen2.5-1.5B-Instruct,GPTQ_2bit,Prompt_02,24,mlp,284,1536,3193515.75,"609,1421,291,1201,1154","40226.464844,39148.125,4092.666992,3964.791992,3876.901855",0.028591982147731697,0.0032552083333333335,8.783456915783177,"169,20,115,14,234","24650.236328,24614.957031,24011.632812,23612.099609,23570.082031",0.03771987522685617,0.017605633802816902,2.1424889128854305,14,False
Qwen2.5-1.5B-Instruct,GPTQ_2bit,Prompt_02,25,attn,284,1536,328983.0625,"1421,609,1290,1255,767","23276.533203,22206.386719,1030.589355,1019.357605,741.181519",0.1467371919223045,0.0032552083333333335,45.07766535853194,"282,246,101,91,233","3511.157227,3121.573975,2878.677734,2861.320801,2850.378662",0.046273231391661694,0.017605633802816902,2.628319543046384,91,False
Qwen2.5-1.5B-Instruct,GPTQ_2bit,Prompt_02,25,mlp,284,1536,4373659.5,"609,1421,553,289,1052","83754.96875,76102.789062,6603.250977,6579.268066,5443.063965",0.04080869306927071,0.0032552083333333335,12.53643051087996,"210,20,14,244,115","33247.246094,33162.207031,32197.25,31518.832031,30784.771484",0.03679076912022987,0.017605633802816902,2.0897156860290567,14,False
Qwen2.5-1.5B-Instruct,GPTQ_2bit,Prompt_02,26,attn,284,1536,276375.78125,"1421,609,23,1309,303","25478.896484,23093.230469,501.216217,478.004059,438.534332",0.1808764957132075,0.0032552083333333335,55.565259483097336,"122,142,117,136,116","5083.435059,4731.191406,3427.912109,3058.269531,2933.846191",0.06959601962907161,0.017605633802816902,3.9530539149312673,116,False
Qwen2.5-1.5B-Instruct,GPTQ_2bit,Prompt_02,26,mlp,284,1536,29384958.0,"408,520,940,609,286","9225564.0,5470366.5,4348218.0,3113663.75,357904.1875",0.766232709946361,0.0032552083333333335,235.38668849552207,"0,20,234,244,49","24240862.0,44215.484375,40143.738281,39758.304688,38698.414062",0.8304819765269019,0.017605633802816902,47.171376266728025,0,True
Qwen2.5-1.5B-Instruct,GPTQ_2bit,Prompt_02,27,attn,284,1536,956125.6875,"1424,1421,609,865,793","72528.484375,65805.640625,52785.464844,38719.140625,26703.6875",0.26831453775265296,0.0032552083333333335,82.42622599761499,"119,283,121,77,80","8065.720703,7917.309082,7698.947266,7418.485352,7327.336914",0.04019116030835643,0.017605633802816902,2.282857905514645,77,False
Qwen2.5-1.5B-Instruct,GPTQ_2bit,Prompt_02,27,mlp,284,1536,11772165.0,"609,1421,1424,503,909","2380236.25,2333855.75,246107.703125,236792.5625,167761.890625",0.45571515519872513,0.0032552083333333335,139.99569567704836,"15,225,0,240,271","128631.125,126892.710938,112915.453125,87388.523438,86372.929688",0.04605786191409991,0.017605633802816902,2.616086556720875,0,True
Qwen2.5-1.5B-Instruct,GPTQ_2bit,Prompt_03,0,attn,177,1536,7815.642578125,"1381,632,1465,163,641","35.764481,35.013783,34.346333,34.092964,33.326557",0.022076764152869507,0.0032552083333333335,6.781981947761512,"0,93,160,1,153","108.108253,98.473701,92.748421,90.884964,86.011261",0.06093248990593534,0.02824858757062147,2.157010142670111,0,True
Qwen2.5-1.5B-Instruct,GPTQ_2bit,Prompt_03,0,mlp,177,1536,21231.6171875,"1421,609,1151,979,251","188.926147,117.552673,61.931465,45.427525,42.241386",0.02148113302380699,0.0032552083333333335,6.599004064913507,"73,176,90,0,75","1053.944824,1010.537354,994.550598,656.009399,600.541626",0.2032621418455009,0.02824858757062147,7.195479821330732,0,True
Qwen2.5-1.5B-Instruct,GPTQ_2bit,Prompt_03,1,attn,177,1536,5188.26806640625,"1421,1360,609,1222,1166","59.891441,33.410027,29.608366,26.291664,18.091719",0.03224451989553881,0.0032552083333333335,9.905516511909521,"0,1,2,4,3","173.24147,170.327316,88.876495,67.321007,66.962013",0.10923266208796457,0.02824858757062147,3.866836237913946,0,True
Qwen2.5-1.5B-Instruct,GPTQ_2bit,Prompt_03,1,mlp,177,1536,22407180.0,"408,520,940,609,286","8334262.5,5208132.0,4231261.0,2280731.75,347270.34375",0.910496456939249,0.0032552083333333335,279.70451157173727,"0,1,73,90,176","22383418.0,2596.68457,533.015015,519.847778,499.182129",0.9991247448362534,0.02824858757062147,35.36901596720337,0,True
Qwen2.5-1.5B-Instruct,GPTQ_2bit,Prompt_03,2,attn,177,1536,17350.7265625,"1421,872,553,1054,356","75.31778,67.076393,61.85434,59.550159,58.399715",0.018569735026068342,0.0032552083333333335,5.704622600008195,"1,2,76,0,3","266.730225,234.865387,204.75206,199.253296,199.228271",0.06367625123092378,0.02824858757062147,2.2541392935747018,0,True
Qwen2.5-1.5B-Instruct,GPTQ_2bit,Prompt_03,2,mlp,177,1536,2135537.25,"408,520,940,609,286","698982.9375,498591.6875,389505.5,236549.859375,29600.5",0.8678052794443178,0.0032552083333333335,266.58978184529445,"0,83,100,133,1","2083472.25,1381.543091,1355.383545,1253.040771,1150.618652",0.9780268407867856,0.02824858757062147,34.62215016385221,0,True
Qwen2.5-1.5B-Instruct,GPTQ_2bit,Prompt_03,3,attn,177,1536,16818.005859375,"1421,102,286,354,1248","142.570023,136.215683,76.501617,76.477676,54.499371",0.028913321137048635,0.0032552083333333335,8.88217225330134,"12,133,93,147,92","164.373871,164.368576,163.285995,162.204224,147.793259",0.047688527798575256,0.02824858757062147,1.6881738840695641,12,False
Qwen2.5-1.5B-Instruct,GPTQ_2bit,Prompt_03,3,mlp,177,1536,50520.5234375,"1421,609,940,1279,408","687.549988,194.07193,73.4487,71.631973,63.048912",0.021570470586907208,0.0032552083333333335,6.626448564297894,"1,15,93,100,133","690.58728,685.977295,655.309204,646.968689,642.220215",0.0657369029093529,0.02824858757062147,2.3270863629910927,1,False
Qwen2.5-1.5B-Instruct,GPTQ_2bit,Prompt_03,4,attn,177,1536,18829.462890625,"1421,33,609,580,865","417.693237,136.572678,103.518105,93.921951,44.622566",0.04229162333900548,0.0032552083333333335,12.991986689742482,"45,16,134,148,12","208.729126,200.222961,184.664062,181.754868,176.570862",0.0505559770908395,0.02824858757062147,1.7896815890157183,12,False
Qwen2.5-1.5B-Instruct,GPTQ_2bit,Prompt_03,4,mlp,177,1536,87980.125,"1421,609,408,1279,237","885.281189,234.189301,203.847656,114.472908,114.228653",0.017640571132631518,0.0032552083333333335,5.419183451944402,"1,100,128,133,7","1039.277832,975.766235,959.440002,950.213013,904.771606",0.05489272435109634,0.02824858757062147,1.9432024420288105,1,False
Qwen2.5-1.5B-Instruct,GPTQ_2bit,Prompt_03,5,attn,177,1536,23053.103515625,"1421,609,1468,739,865","1167.342529,193.268234,75.443268,71.694809,61.036736",0.06805094686698654,0.0032552083333333335,20.905250877538265,"136,150,40,35,46","262.738525,258.323425,234.091843,233.800446,222.63504",0.052556453175493505,0.02824858757062147,1.86049844241247,35,False
Qwen2.5-1.5B-Instruct,GPTQ_2bit,Prompt_03,5,mlp,177,1536,89611.734375,"1421,609,1279,1447,524","2733.959961,519.358276,152.125336,140.070938,131.242554",0.0410298645580561,0.0032552083333333335,12.604374392234833,"1,167,139,128,100","1449.063843,1373.223511,1062.654297,1018.650635,974.400208",0.0655940009251718,0.02824858757062147,2.3220276327510816,1,False
Qwen2.5-1.5B-Instruct,GPTQ_2bit,Prompt_03,6,attn,177,1536,15223.4736328125,"1421,940,1283,609,1200","371.024414,111.017693,67.395309,66.875671,64.807869",0.0447414951480986,0.0032552083333333335,13.74458730949589,"99,167,96,45,42","195.789734,175.94162,174.456573,171.306992,167.350586",0.05812375547964226,0.02824858757062147,2.057580943979336,42,False
Qwen2.5-1.5B-Instruct,GPTQ_2bit,Prompt_03,6,mlp,177,1536,119753.8046875,"1421,1165,816,325,912","744.154968,188.627472,170.716309,167.351883,154.235992",0.0119001368987037,0.0032552083333333335,3.6557220552817764,"128,139,167,1,88","1529.063965,1461.388184,1461.000366,1363.816284,1346.222412",0.059801788493541466,0.02824858757062147,2.1169833126713677,1,False
Qwen2.5-1.5B-Instruct,GPTQ_2bit,Prompt_03,7,attn,177,1536,25670.39453125,"1421,609,580,113,752","1288.123169,167.73291,144.135071,110.504631,106.430984",0.07077907414319846,0.0032552083333333335,21.743331576790567,"100,108,45,39,17","284.532715,258.252136,241.087402,234.218445,233.099991",0.048740609432589004,0.02824858757062147,1.7254175739136508,17,False
Qwen2.5-1.5B-Instruct,GPTQ_2bit,Prompt_03,7,mlp,177,1536,132782.625,"1421,609,280,205,1419","1359.614136,344.82785,204.556931,176.743576,166.78476",0.016964021789371914,0.0032552083333333335,5.211347493695052,"128,21,139,1,2","2044.940674,1967.911255,1831.941895,1787.21521,1516.629272",0.0688993585968985,0.02824858757062147,2.4390372943302068,1,False
Qwen2.5-1.5B-Instruct,GPTQ_2bit,Prompt_03,8,attn,177,1536,26599.52734375,"1421,1073,609,901,1360","844.836182,103.164307,80.85083,75.553986,67.502869",0.044057482224411,0.0032552083333333335,13.534458539339058,"92,100,108,40,78","311.782379,281.083527,266.451324,265.594971,262.028931",0.052141567108144396,0.02824858757062147,1.8458114756283117,40,False
Qwen2.5-1.5B-Instruct,GPTQ_2bit,Prompt_03,8,mlp,177,1536,146781.9375,"1421,609,380,415,477","3494.332031,387.353851,190.449493,167.566223,164.863388",0.030007540549096854,0.0032552083333333335,9.218316456682553,"1,21,2,128,139","2607.37207,2218.516846,2066.600098,1703.55481,1519.479736",0.06891531485268751,0.02824858757062147,2.439602145785138,1,False
Qwen2.5-1.5B-Instruct,GPTQ_2bit,Prompt_03,9,attn,177,1536,30447.03125,"1421,609,901,1073,865","2982.269043,283.3992,223.049149,170.513199,117.246735",0.1240343356931351,0.0032552083333333335,38.1033479249311,"31,53,56,97,51","329.453125,317.028473,298.818451,294.190918,291.065002",0.05026946692129261,0.02824858757062147,1.7795391290137583,31,False
Qwen2.5-1.5B-Instruct,GPTQ_2bit,Prompt_03,9,mlp,177,1536,166467.984375,"1421,609,408,1318,1464","7379.133301,750.464661,237.610382,206.799942,171.237732",0.05253410213731976,0.0032552083333333335,16.13847617658463,"2,1,21,24,25","3002.056641,2739.575928,2277.674561,2211.792725,2125.410645",0.07422755065233545,0.02824858757062147,2.627655293092675,1,False
Qwen2.5-1.5B-Instruct,GPTQ_2bit,Prompt_03,10,attn,177,1536,52751.39453125,"1421,609,580,635,1366","7347.612793,648.488159,107.117653,104.595154,101.752625",0.15752314234583698,0.0032552083333333335,48.391109328641114,"167,40,145,139,53","757.457703,634.454956,614.812988,588.127136,582.20575",0.060227006735677976,0.02824858757062147,2.132036038443,40,False
Qwen2.5-1.5B-Instruct,GPTQ_2bit,Prompt_03,10,mlp,177,1536,171466.0,"1421,609,408,1369,1520","8225.944336,987.538269,224.729904,193.161514,171.595535",0.05717150193041186,0.0032552083333333335,17.563085393022522,"2,1,13,25,21","3497.928955,2688.301758,2348.603516,2263.369629,2236.637207",0.07601997945292362,0.02824858757062147,2.691107272633496,1,False
Qwen2.5-1.5B-Instruct,GPTQ_2bit,Prompt_03,11,attn,177,1536,66179.828125,"1421,609,752,666,113","7311.58252,702.297729,129.341797,128.061707,118.039772",0.12676556406797862,0.0032552083333333335,38.94238128168303,"100,52,8,28,25","911.557373,829.643921,785.174866,734.954712,715.026306",0.060084123006231366,0.02824858757062147,2.1269779544205902,8,False
Qwen2.5-1.5B-Instruct,GPTQ_2bit,Prompt_03,11,mlp,177,1536,174295.609375,"1421,609,408,3,526","14453.585938,1542.862549,212.656708,195.503555,184.955307",0.09518062166117029,0.0032552083333333335,29.23948697431151,"21,25,2,13,77","2485.768311,2385.261719,2318.736328,2155.771973,2134.780762",0.06586693950892875,0.02824858757062147,2.3316896586160776,2,False
Qwen2.5-1.5B-Instruct,GPTQ_2bit,Prompt_03,12,attn,177,1536,48306.98828125,"1421,609,1290,198,1395","7158.07666,596.796814,99.770859,94.164406,91.65789",0.16644520975023913,0.0032552083333333335,51.13196843527346,"4,2,25,62,98","639.457031,550.908386,492.551483,472.621368,447.044922",0.05387591618836851,0.02824858757062147,1.9072074330682454,2,False
Qwen2.5-1.5B-Instruct,GPTQ_2bit,Prompt_03,12,mlp,177,1536,181929.109375,"1421,609,901,793,426","4950.102539,686.866516,267.808044,213.494812,195.615494",0.03470520862221145,0.0032552083333333335,10.661440088743356,"2,13,21,77,1","3451.916504,3009.878662,2792.650879,2781.036377,2499.91748",0.07989595213211052,0.02824858757062147,2.8283167054767127,1,False
Qwen2.5-1.5B-Instruct,GPTQ_2bit,Prompt_03,13,attn,177,1536,61720.1171875,"1421,865,356,1360,609","1978.197754,457.138855,366.992279,279.586853,273.204956",0.054360247557807266,0.0032552083333333335,16.69946804975839,"3,28,42,25,2","709.694458,703.948303,609.243408,607.067322,556.820923",0.05163266952947245,0.02824858757062147,1.8277965013433248,2,False
Qwen2.5-1.5B-Instruct,GPTQ_2bit,Prompt_03,13,mlp,177,1536,177120.375,"1421,609,1272,35,1302","5051.026855,747.393005,188.28833,186.980057,182.620193",0.0358869390688042,0.0032552083333333335,11.024467681936649,"21,2,1,3,77","3507.487061,2834.60791,2633.972656,2571.129395,2538.440674",0.07952578419478844,0.02824858757062147,2.815212760495511,1,False
Qwen2.5-1.5B-Instruct,GPTQ_2bit,Prompt_03,14,attn,177,1536,65349.9140625,"1421,609,356,1283,896","3576.76416,522.994812,129.478226,128.430359,113.539345",0.06841947089161483,0.0032552083333333335,21.018461457904078,"3,17,29,92,31","1024.135864,975.248901,825.883911,818.847656,794.935059",0.06792742321414204,0.02824858757062147,2.4046307817806283,3,False
Qwen2.5-1.5B-Instruct,GPTQ_2bit,Prompt_03,14,mlp,177,1536,230349.25,"1421,609,356,1446,113","5304.907715,746.306641,280.629486,270.193176,268.589935",0.02982699945029124,0.0032552083333333335,9.162854231129469,"36,21,3,2,77","4010.500244,3686.218262,3303.028076,3134.31665,3104.112305",0.07483495510078718,0.02824858757062147,2.649157410567866,2,False
Qwen2.5-1.5B-Instruct,GPTQ_2bit,Prompt_03,15,attn,177,1536,84008.828125,"1421,609,752,580,1360","4958.674805,842.003357,382.190338,274.588318,270.078735",0.0800812937721389,0.0032552083333333335,24.60097344680107,"27,67,36,3,65","1630.250122,992.764771,987.193176,885.069458,860.060181",0.06374732287250316,0.02824858757062147,2.256655229686612,3,False
Qwen2.5-1.5B-Instruct,GPTQ_2bit,Prompt_03,15,mlp,177,1536,235327.125,"1421,609,113,752,580","8517.793945,1484.039185,658.188782,405.805206,323.400421",0.04839742778934855,0.0032552083333333335,14.867689816887875,"21,36,3,2,13","4455.457031,3962.400879,3221.826416,2968.981445,2935.921387",0.07455403170161536,0.02824858757062147,2.6392127222371835,2,False
Qwen2.5-1.5B-Instruct,GPTQ_2bit,Prompt_03,16,attn,177,1536,71493.296875,"1421,609,1318,1295,636","4896.248535,780.956848,118.139725,107.873238,107.389366",0.08407232124690012,0.0032552083333333335,25.827017087047714,"21,2,36,26,104","1984.314453,1372.604614,1036.273315,948.083069,849.778625",0.08659628902053973,0.02824858757062147,3.0655086313271065,2,False
Qwen2.5-1.5B-Instruct,GPTQ_2bit,Prompt_03,16,mlp,177,1536,259287.75,"1421,609,1113,1153,1466","8362.873047,1444.13623,302.076141,273.344086,262.772278",0.04105554995126071,0.0032552083333333335,12.61226494502729,"21,3,36,1,67","3836.506104,3385.267334,3328.13916,3183.333984,3053.444336",0.06474155221852941,0.02824858757062147,2.291850948535941,1,False
Qwen2.5-1.5B-Instruct,GPTQ_2bit,Prompt_03,17,attn,177,1536,92360.234375,"1421,609,510,203,558","2269.982666,440.469299,153.50264,148.253128,146.19902",0.03419660809280239,0.0032552083333333335,10.505198006108893,"37,21,2,49,36","1662.296265,1084.751465,1076.667725,1037.077393,1024.666138",0.06372286757609259,0.02824858757062147,2.2557895121936777,2,False
Qwen2.5-1.5B-Instruct,GPTQ_2bit,Prompt_03,17,mlp,177,1536,316836.5,"1421,609,154,1179,100","10254.601562,1867.087646,338.621155,321.344513,313.993408",0.041332511997512915,0.0032552083333333335,12.697347685635966,"21,27,3,77,36","4247.642578,3593.069092,3377.624756,3256.672363,3221.117432",0.05585255156247781,0.02824858757062147,1.9771803253117144,3,False
Qwen2.5-1.5B-Instruct,GPTQ_2bit,Prompt_03,18,attn,177,1536,104517.71875,"1421,609,900,113,934","2906.781494,832.492371,492.585999,372.301544,362.827026",0.04752293047201626,0.0032552083333333335,14.599044241003394,"68,36,45,28,55","1183.568481,1165.148438,1027.606689,1027.256592,1026.614136",0.05195477284503495,0.02824858757062147,1.8391989587142372,28,False
Qwen2.5-1.5B-Instruct,GPTQ_2bit,Prompt_03,18,mlp,177,1536,377733.15625,"1421,609,1200,1113,408","13539.789062,4041.091309,436.70816,417.049835,404.94696",0.04987538842938149,0.0032552083333333335,15.321719325505992,"67,28,1,17,77","3870.894775,3595.145264,3581.84375,3562.955566,3525.207031",0.048012853981493714,0.02824858757062147,1.6996550309448775,1,False
Qwen2.5-1.5B-Instruct,GPTQ_2bit,Prompt_03,19,attn,177,1536,130168.8515625,"1421,609,356,253,1200","5566.477539,1978.647949,583.071167,428.910309,423.085388",0.06898879628280888,0.0032552083333333335,21.193358218078888,"91,41,96,45,42","2685.577881,1890.894775,1640.579346,1444.741577,1443.71167",0.06995148819024904,0.02824858757062147,2.476282681934816,41,False
Qwen2.5-1.5B-Instruct,GPTQ_2bit,Prompt_03,19,mlp,177,1536,509466.53125,"1421,609,1200,1073,553","14375.24707,6409.237305,1123.336548,806.962646,694.043884",0.045947721265301465,0.0032552083333333335,14.115139972700609,"21,28,64,113,3","5154.46582,4942.05957,4591.899902,4427.019043,4400.913086",0.04615878763257817,0.02824858757062147,1.6340210821932672,3,False
Qwen2.5-1.5B-Instruct,GPTQ_2bit,Prompt_03,20,attn,177,1536,173823.578125,"1421,609,544,1060,706","11920.845703,4235.73291,772.642151,383.339203,352.64859",0.10162723132802845,0.0032552083333333335,31.21988546397034,"28,34,97,92,114","2271.487793,2189.389648,2041.151245,2013.299805,1835.853149",0.059549928452061085,0.02824858757062147,2.1080674672029622,28,False
Qwen2.5-1.5B-Instruct,GPTQ_2bit,Prompt_03,20,mlp,177,1536,561525.25,"1421,609,553,279,1401","10939.984375,5752.609375,837.308594,638.400208,619.4552",0.03345843808893723,0.0032552083333333335,10.278432180921518,"28,3,175,67,40","5696.913086,5475.526855,5123.387207,5065.641602,5031.043457",0.04700146915699695,0.02824858757062147,1.663852008157692,3,False
Qwen2.5-1.5B-Instruct,GPTQ_2bit,Prompt_03,21,attn,177,1536,118855.9453125,"609,1421,872,472,664","2484.444824,2029.450684,828.374573,784.729675,685.858948",0.0573202996326764,0.0032552083333333335,17.60879604715819,"142,49,144,121,92","1533.843872,1381.622559,1354.712158,1317.148193,1274.968994",0.057736244328333124,0.02824858757062147,2.043863049222993,49,False
Qwen2.5-1.5B-Instruct,GPTQ_2bit,Prompt_03,21,mlp,177,1536,798611.6875,"1421,609,1446,553,1173","15871.726562,9789.682617,1233.505493,1197.909424,876.356567",0.03627442735193504,0.0032552083333333335,11.143504082514445,"13,26,32,22,64","7834.470703,7675.924316,7531.736328,7525.843262,7383.799805",0.04752218635355246,0.02824858757062147,1.682285396915757,13,False
Qwen2.5-1.5B-Instruct,GPTQ_2bit,Prompt_03,22,attn,177,1536,122650.359375,"609,1421,1166,901,742","2740.659668,2029.53894,385.10025,354.190674,333.342773",0.047638115868749366,0.0032552083333333335,14.634429194879804,"54,92,121,55,70","1720.825684,1512.035278,1383.299438,1367.066895,1250.20105",0.05897600512151985,0.02824858757062147,2.0877505813018025,54,False
Qwen2.5-1.5B-Instruct,GPTQ_2bit,Prompt_03,22,mlp,177,1536,1047455.375,"609,1421,553,1105,582","19882.078125,13340.374023,1486.200073,1173.711792,1100.84375",0.03530766838754348,0.0032552083333333335,10.846515728653356,"28,23,32,64,3","11706.601562,11584.510742,11022.978516,10907.602539,10098.297852",0.05281369832819847,0.02824858757062147,1.8696049208182257,3,False
Qwen2.5-1.5B-Instruct,GPTQ_2bit,Prompt_03,23,attn,177,1536,125555.4375,"609,1421,616,631,98","3072.592041,2397.054688,408.427307,362.9328,311.075867",0.05218477709920966,0.0032552083333333335,16.031163524877208,"75,91,92,18,101","2161.584473,1912.775635,1869.04248,1535.036743,1425.970093",0.07092013979631508,0.02824858757062147,2.510572948789554,18,False
Qwen2.5-1.5B-Instruct,GPTQ_2bit,Prompt_03,23,mlp,177,1536,1347650.875,"609,1421,553,1497,66","14854.828125,11624.169922,2115.09375,1686.096924,1641.613647",0.02368699737190836,0.0032552083333333335,7.276645592650247,"22,28,13,77,32","15618.753906,14923.833984,14276.573242,13835.126953,13727.351562",0.05370948957755843,0.02824858757062147,1.9013159310455685,13,False
Qwen2.5-1.5B-Instruct,GPTQ_2bit,Prompt_03,24,attn,177,1536,186006.328125,"1421,609,904,286,377","4854.541016,3988.973145,495.69989,495.654785,423.84375",0.05515249397176927,0.0032552083333333335,16.94284614812752,"38,99,44,92,106","2424.469727,2294.862305,2233.641846,2066.637207,2061.441406",0.05957352551429492,0.02824858757062147,2.1089028032060404,38,False
Qwen2.5-1.5B-Instruct,GPTQ_2bit,Prompt_03,24,mlp,177,1536,1785370.5,"609,1421,920,542,279","22171.25,20469.650391,2374.879883,2315.635498,2270.839355",0.02778261308367087,0.0032552083333333335,8.534818739303692,"13,32,22,77,28","22722.689453,22560.0,21419.457031,20219.091797,18351.271484",0.05896396049167386,0.02824858757062147,2.0873242014052544,13,False
Qwen2.5-1.5B-Instruct,GPTQ_2bit,Prompt_03,25,attn,177,1536,189344.1875,"609,1421,1102,503,1215","10184.950195,9317.358398,524.756592,504.969727,479.591553",0.11097053084874865,0.0032552083333333335,34.09014707673558,"24,175,77,89,91","4288.572266,3279.093262,3082.502441,2661.402344,2521.599121",0.08362110361520868,0.02824858757062147,2.9601870679783873,24,False
Qwen2.5-1.5B-Instruct,GPTQ_2bit,Prompt_03,25,mlp,177,1536,2412539.75,"609,1421,611,242,553","31378.251953,25415.976562,3062.835938,2902.645264,2850.485596",0.027195487789372176,0.0032552083333333335,8.354453848895131,"22,32,64,28,20","29289.210938,28652.394531,27506.253906,27151.464844,27093.691406",0.0579028866260131,0.02824858757062147,2.049762186560864,20,False
Qwen2.5-1.5B-Instruct,GPTQ_2bit,Prompt_03,26,attn,177,1536,170034.109375,"1421,609,611,1080,663","12355.104492,10913.495117,392.76886,365.860535,312.615448",0.1431468414931085,0.0032552083333333335,43.97470970668293,"38,72,164,57,96","3812.92749,2878.642578,2467.325684,2374.61377,2354.157227",0.0816757653312759,0.02824858757062147,2.891322092727167,38,False
Qwen2.5-1.5B-Instruct,GPTQ_2bit,Prompt_03,26,mlp,177,1536,27177634.0,"408,520,940,609,286","8992624.0,5459107.5,4471850.0,3062986.0,347002.90625",0.8217628510266934,0.0032552083333333335,252.44554783540022,"0,77,22,59,32","24103582.0,38977.082031,36906.269531,33741.636719,33718.945312",0.8921647116154409,0.02824858757062147,31.582630791186606,0,True
Qwen2.5-1.5B-Instruct,GPTQ_2bit,Prompt_03,27,attn,177,1536,654578.8125,"1421,609,1424,793,113","34902.800781,32925.296875,21009.052734,17745.640625,15555.294922",0.18659034421084322,0.0032552083333333335,57.32055374157103,"90,44,39,96,176","10884.523438,10065.363281,9592.939453,9331.444336,8814.762695",0.07438222918344153,0.02824858757062147,2.6331309130938303,39,False
Qwen2.5-1.5B-Instruct,GPTQ_2bit,Prompt_03,27,mlp,177,1536,8361495.0,"609,1421,503,909,1424","1850587.375,1822598.625,190679.0,155972.65625,153525.90625",0.49911693423245485,0.0032552083333333335,153.32872219621012,"101,12,148,171,0","128352.953125,122368.921875,119186.429688,117802.046875,113777.992188",0.07193550615051494,0.02824858757062147,2.546516917728229,0,True
Qwen2.5-1.5B-Instruct,GPTQ_2bit,Prompt_04,0,attn,192,1536,7765.9306640625,"140,632,1532,1465,1286","44.879906,43.951584,40.039001,35.00444,32.190678",0.025246892004879586,0.0032552083333333335,7.7558452238990085,"0,127,1,5,109","108.108253,100.249741,90.884964,84.491028,83.007446",0.060101153903273176,0.026041666666666668,2.30788430988569,0,True
Qwen2.5-1.5B-Instruct,GPTQ_2bit,Prompt_04,0,mlp,192,1536,21481.92578125,"1421,609,1151,979,251","177.178589,108.001251,64.252495,42.555943,40.740284",0.020143843273133136,0.0032552083333333335,6.188188653506499,"109,124,191,0,111","1080.135254,1003.85199,966.058838,656.009399,609.837219",0.20090808533991056,0.026041666666666668,7.714870477052565,0,True
Qwen2.5-1.5B-Instruct,GPTQ_2bit,Prompt_04,1,attn,192,1536,4854.54833984375,"1360,1421,1222,1073,969","47.781784,37.536308,21.697927,18.275299,16.635166",0.029235775033783055,0.0032552083333333335,8.981230090378155,"0,1,2,3,5","173.24147,170.327316,88.876495,66.962013,53.614468",0.11391827845483582,0.026041666666666668,4.374461892665695,0,True
Qwen2.5-1.5B-Instruct,GPTQ_2bit,Prompt_04,1,mlp,192,1536,22408742.0,"408,520,940,609,286","8334256.5,5208126.0,4231261.5,2280738.5,347271.15625",0.9104328123372566,0.0032552083333333335,279.68495995000524,"0,1,109,124,191","22383418.0,2596.68457,571.465454,557.12854,545.289307",0.9990605452104362,0.026041666666666668,38.36392493608075,0,True
Qwen2.5-1.5B-Instruct,GPTQ_2bit,Prompt_04,2,attn,192,1536,18524.328125,"1424,356,1421,1054,580","81.966248,78.984192,73.160645,70.370659,63.595314",0.019869927502958525,0.0032552083333333335,6.104041728908858,"1,2,112,124,126","266.730225,234.865387,225.76535,217.047745,204.761642",0.0620357403735122,0.026041666666666668,2.382172430342868,1,False
Qwen2.5-1.5B-Instruct,GPTQ_2bit,Prompt_04,2,mlp,192,1536,2134308.0,"408,520,940,609,286","698985.75,498590.84375,389485.0625,236518.5625,29603.048828",0.8682829516639585,0.0032552083333333335,266.736522751168,"0,185,1,186,111","2083472.25,1379.759888,1150.618652,1038.963989,1011.852295",0.9783281044722693,0.026041666666666668,37.567799211735135,0,True
Qwen2.5-1.5B-Instruct,GPTQ_2bit,Prompt_04,3,attn,192,1536,19626.642578125,"1421,286,872,865,520","120.416992,108.331253,88.953957,76.914696,68.291809",0.023585729936417544,0.0032552083333333335,7.245536236467469,"96,187,131,189,133","230.0047,207.405334,200.719116,193.332291,183.288055",0.051702654067270044,0.026041666666666668,1.9853819161831696,96,False
Qwen2.5-1.5B-Instruct,GPTQ_2bit,Prompt_04,3,mlp,192,1536,56142.69140625,"1421,609,408,173,940","902.503906,198.244736,96.444664,79.34906,67.919281",0.023947225119531852,0.0032552083333333335,7.356587556720185,"149,150,185,1,120","1195.631104,825.910889,767.983765,690.58728,680.260498",0.0741035641674475,0.026041666666666668,2.845576864029984,1,False
Qwen2.5-1.5B-Instruct,GPTQ_2bit,Prompt_04,4,attn,192,1536,20347.4296875,"1421,609,33,969,1068","591.456421,126.050529,80.334396,67.204933,50.259571",0.044983859006301086,0.0032552083333333335,13.819041486735692,"8,131,9,73,37","274.946594,259.871307,249.426636,232.513901,224.902664",0.06102299660852434,0.026041666666666668,2.3432830697673346,8,False
Qwen2.5-1.5B-Instruct,GPTQ_2bit,Prompt_04,4,mlp,192,1536,98927.03125,"1421,609,408,1279,562","845.117249,206.389145,182.564865,143.117966,136.794067",0.015304039099999526,0.0032552083333333335,4.7014008115198545,"149,133,185,150,120","1679.748779,1198.886963,1132.167236,1116.334595,1068.123413",0.06262454926532024,0.026041666666666668,2.4047826917882973,120,False
Qwen2.5-1.5B-Instruct,GPTQ_2bit,Prompt_04,5,attn,192,1536,26157.1328125,"1421,609,739,507,1235","1668.910156,295.032715,85.228271,53.501652,48.789265",0.08225145216126217,0.0032552083333333335,25.26764610393974,"138,8,134,98,14","286.782867,280.816681,246.189529,242.783493,227.225388",0.04908022537620445,0.026041666666666668,1.8846806544462507,8,False
Qwen2.5-1.5B-Instruct,GPTQ_2bit,Prompt_04,5,mlp,192,1536,99347.5,"1421,609,739,408,511","3705.047607,656.242493,158.466888,145.236893,143.069916",0.04839642141536023,0.0032552083333333335,14.86738065879866,"149,150,1,167,137","2122.873779,1603.865845,1449.063843,1201.956055,1189.884644",0.07617347233668437,0.026041666666666668,2.9250613377286796,1,False
Qwen2.5-1.5B-Instruct,GPTQ_2bit,Prompt_04,6,attn,192,1536,16578.546875,"1421,609,580,1200,356","658.136719,95.716896,92.658722,90.289299,85.130882",0.061641861788154305,0.0032552083333333335,18.936379941321,"129,121,137,167,92","196.699509,171.196106,163.250839,158.152618,147.8965",0.0504987296506121,0.026041666666666668,1.9391512185835045,92,False
Qwen2.5-1.5B-Instruct,GPTQ_2bit,Prompt_04,6,mlp,192,1536,128166.734375,"1421,609,369,1027,817","925.930786,164.104828,154.406189,154.159363,153.049957",0.012106504317313227,0.0032552083333333335,3.719118126278623,"149,166,167,1,150","1767.63147,1418.626465,1382.209717,1363.816284,1332.540527",0.056682603751875456,0.026041666666666668,2.1766119840720175,1,False
Qwen2.5-1.5B-Instruct,GPTQ_2bit,Prompt_04,7,attn,192,1536,26906.0703125,"1421,609,580,356,1283","1434.272705,223.606171,159.970154,134.765396,109.054649",0.07662468600980785,0.0032552083333333335,23.53910354221297,"167,172,154,34,166","250.370239,238.320618,237.577393,233.610809,220.035141",0.04385308485654811,0.026041666666666668,1.6839584584914473,34,False
Qwen2.5-1.5B-Instruct,GPTQ_2bit,Prompt_04,7,mlp,192,1536,140779.125,"1421,609,1202,177,63","1351.525879,258.063416,185.385956,173.873215,172.905182",0.015213574186580398,0.0032552083333333335,4.673609990117498,"149,1,2,150,133","1851.517944,1787.21521,1516.629272,1513.022949,1366.594971",0.057075084596171485,0.026041666666666668,2.191683248492985,1,False
Qwen2.5-1.5B-Instruct,GPTQ_2bit,Prompt_04,8,attn,192,1536,30379.66796875,"1421,1073,609,901,373","1283.592285,160.18338,150.141678,135.689346,76.413528",0.059448321342077705,0.0032552083333333335,18.26252431628627,"18,136,62,11,134","376.60675,329.15799,310.152771,284.455933,283.445953",0.05213419250128099,0.026041666666666668,2.00195299204919,11,False
Qwen2.5-1.5B-Instruct,GPTQ_2bit,Prompt_04,8,mlp,192,1536,165278.1875,"1421,609,859,1367,383","3618.681152,356.370483,215.304932,189.052567,185.543243",0.02761981007589099,0.0032552083333333335,8.484805655313712,"1,2,149,55,186","2607.37207,2066.600098,1891.893677,1641.975098,1530.762085",0.058922497051372855,0.026041666666666668,2.2626238867727175,1,False
Qwen2.5-1.5B-Instruct,GPTQ_2bit,Prompt_04,9,attn,192,1536,35023.2890625,"1421,901,609,1073,900","2623.259033,282.741791,248.635529,202.638489,117.933182",0.0992256254822405,0.0032552083333333335,30.482112148144278,"33,149,84,131,92","334.022491,331.802734,324.716949,312.769348,310.964264",0.046091498603273134,0.026041666666666668,1.7699135463656883,33,False
Qwen2.5-1.5B-Instruct,GPTQ_2bit,Prompt_04,9,mlp,192,1536,185904.515625,"1421,609,408,203,1202","7060.800781,630.960327,245.358917,208.01828,192.417404",0.04484859141819192,0.0032552083333333335,13.777487283668556,"2,1,5,7,186","3002.056641,2739.575928,2119.296875,2082.701904,2003.107422",0.06426277068982574,0.026041666666666668,2.467690394489308,1,False
Qwen2.5-1.5B-Instruct,GPTQ_2bit,Prompt_04,10,attn,192,1536,56484.08984375,"1421,609,793,35,109","8509.589844,734.744568,113.499489,100.264885,89.454102",0.16903081530079647,0.0032552083333333335,51.926266460404676,"149,143,184,138,136","860.93811,752.255859,707.154663,602.175476,593.575623",0.062249384972690384,0.026041666666666668,2.3903763829513105,136,False
Qwen2.5-1.5B-Instruct,GPTQ_2bit,Prompt_04,10,mlp,192,1536,192567.6875,"1421,609,408,1395,1347","11345.661133,1453.346436,277.547058,241.094482,217.01358",0.07028522418091301,0.0032552083333333335,21.591620868376477,"2,1,7,39,140","3497.928955,2688.301758,2377.341064,1868.897949,1856.898926",0.06381843859772683,0.026041666666666668,2.4506280421527102,1,False
Qwen2.5-1.5B-Instruct,GPTQ_2bit,Prompt_04,11,attn,192,1536,66440.234375,"1421,609,1360,580,865","6052.746094,637.868164,141.657867,132.547714,131.095825",0.1068014824766149,0.0032552083333333335,32.809415416816094,"129,132,3,5,127","762.255615,701.386841,592.471741,571.42926,560.966064",0.04799064228894624,0.026041666666666668,1.8428406638955357,3,False
Qwen2.5-1.5B-Instruct,GPTQ_2bit,Prompt_04,11,mlp,192,1536,182960.0625,"1421,609,1332,7,766","10957.063477,1047.3573,211.221939,205.669159,200.843079",0.06898857665658592,0.0032552083333333335,21.193290748903195,"64,2,1,7,136","2426.22998,2318.736328,2089.748047,1952.785156,1785.118896",0.0577864809379506,0.026041666666666668,2.219000868017303,1,False
Qwen2.5-1.5B-Instruct,GPTQ_2bit,Prompt_04,12,attn,192,1536,47253.03125,"1421,609,536,1395,1073","6037.553711,432.365234,101.251793,101.061546,94.670708",0.1432056979479491,0.0032552083333333335,43.99279040960996,"2,42,64,18,15","550.908386,539.120789,460.481476,457.827606,449.998108",0.05202494656427464,0.026041666666666668,1.9977579480681462,2,False
Qwen2.5-1.5B-Instruct,GPTQ_2bit,Prompt_04,12,mlp,192,1536,181780.828125,"1421,609,542,1446,793","3717.85083,633.606262,225.192734,206.12529,201.507217",0.02741918807530325,0.0032552083333333335,8.423174576733159,"2,1,3,64,7","3451.916504,2499.91748,2392.183594,2165.92749,1861.232178",0.06805545921414809,0.026041666666666668,2.6133296338232865,1,False
Qwen2.5-1.5B-Instruct,GPTQ_2bit,Prompt_04,13,attn,192,1536,66728.046875,"1421,865,356,1073,901","1577.724121,569.329651,478.486786,426.761688,315.579712",0.05047176169245737,0.0032552083333333335,15.504925191922904,"3,14,5,6,73","709.694458,601.951416,598.500977,597.800171,562.186646",0.046009645611442905,0.026041666666666668,1.7667703914794075,3,False
Qwen2.5-1.5B-Instruct,GPTQ_2bit,Prompt_04,13,mlp,192,1536,172867.078125,"1421,609,822,961,1525","4744.733398,774.990845,195.056152,181.666611,181.583328",0.03516013771599982,0.0032552083333333335,10.801194306355145,"2,1,3,4,7","2834.60791,2633.972656,2571.129395,2001.266724,1997.831299",0.06964199168381993,0.026041666666666668,2.6742524806586854,1,False
Qwen2.5-1.5B-Instruct,GPTQ_2bit,Prompt_04,14,attn,192,1536,58566.05078125,"1421,609,1283,865,939","4011.453369,453.638153,131.5065,126.569633,108.744377",0.08250363555197994,0.0032552083333333335,25.345116841568235,"11,3,6,85,126","1148.885254,1024.135864,739.332397,683.40979,667.399109",0.07279238638745823,0.026041666666666668,2.795227637278396,3,False
Qwen2.5-1.5B-Instruct,GPTQ_2bit,Prompt_04,14,mlp,192,1536,225077.1875,"1421,609,392,1244,341","5231.597656,822.921448,245.747665,241.781586,232.151031",0.030097227062382766,0.0032552083333333335,9.245868153563986,"3,2,11,1,4","3303.028076,3134.31665,3132.359375,2999.495361,2581.98584",0.06731550513226713,0.026041666666666668,2.5849153970790577,1,False
Qwen2.5-1.5B-Instruct,GPTQ_2bit,Prompt_04,15,attn,192,1536,85895.046875,"1421,609,752,865,356","4341.352539,761.770935,287.678772,281.588562,173.910431",0.0680633107755231,0.0032552083333333335,20.909049070240698,"6,8,3,186,4","1374.75,890.418823,885.069458,867.565308,825.635742",0.056387878339172276,0.026041666666666668,2.1652945282242153,3,False
Qwen2.5-1.5B-Instruct,GPTQ_2bit,Prompt_04,15,mlp,192,1536,228776.671875,"1421,609,113,408,752","8965.974609,1395.255249,500.574463,396.802155,363.571014",0.05080140672805432,0.0032552083333333335,15.606192146858286,"3,11,2,4,1","3221.826416,3144.181396,2968.981445,2883.286865,2778.442383",0.06555178299907244,0.026041666666666668,2.5171884671643814,1,False
Qwen2.5-1.5B-Instruct,GPTQ_2bit,Prompt_04,16,attn,192,1536,81804.2578125,"1421,609,356,868,1422","4651.05957,1165.578735,305.856079,262.70694,172.482849",0.08016311445624058,0.0032552083333333335,24.626108760957106,"2,13,9,17,51","1372.604614,1025.309204,947.018921,914.904785,852.154968",0.0624905452659717,0.026041666666666668,2.399636938213313,2,False
Qwen2.5-1.5B-Instruct,GPTQ_2bit,Prompt_04,16,mlp,192,1536,271804.46875,"1421,609,459,541,407","9022.556641,1744.864014,318.276001,309.912384,308.341736",0.0430601867059075,0.0032552083333333335,13.228089356054783,"3,1,2,11,6","3385.267334,3183.333984,3051.743164,3009.529053,2664.07373",0.05626819653098511,0.026041666666666668,2.160698746789828,1,False
Qwen2.5-1.5B-Instruct,GPTQ_2bit,Prompt_04,17,attn,192,1536,94701.765625,"1421,609,580,1393,1349","2618.923828,450.943878,199.168945,176.899033,167.995667",0.03816118029577392,0.0032552083333333335,11.72311458686175,"2,11,15,31,16","1076.667725,1025.820312,1015.590881,950.839539,934.249634",0.05283077813524134,0.026041666666666668,2.0287018803932675,2,False
Qwen2.5-1.5B-Instruct,GPTQ_2bit,Prompt_04,17,mlp,192,1536,323290.46875,"1421,609,408,100,137","7642.254395,1460.179077,395.111053,387.587463,363.779266",0.031701869062216205,0.0032552083333333335,9.738814175912818,"3,11,1,2,23","3377.624756,3332.022949,3158.154785,3080.584961,3014.537109",0.04937641640475211,0.026041666666666668,1.896054389942481,1,False
Qwen2.5-1.5B-Instruct,GPTQ_2bit,Prompt_04,18,attn,192,1536,105239.8984375,"1421,609,934,900,507","3442.091064,728.346985,451.55722,367.775665,295.725891",0.05022331975597123,0.0032552083333333335,15.428603829034362,"8,66,28,73,87","1012.767334,919.067566,844.289856,819.754822,810.243652",0.041867420173269304,0.026041666666666668,1.6077089346535411,8,False
Qwen2.5-1.5B-Instruct,GPTQ_2bit,Prompt_04,18,mlp,192,1536,401297.0625,"1421,609,154,961,1086","13192.518555,3844.021484,430.3508,419.57785,409.018158",0.04559088513450058,0.0032552083333333335,14.005519913318578,"11,1,89,46,24","3959.945801,3581.84375,3568.280518,3558.556641,3501.393311",0.045278227102023706,0.026041666666666668,1.7386839207177103,1,False
Qwen2.5-1.5B-Instruct,GPTQ_2bit,Prompt_04,19,attn,192,1536,122167.4453125,"1421,609,356,865,868","4923.647461,1874.417969,891.038879,291.289062,282.361176",0.06763467028124118,0.0032552083333333335,20.77737071039729,"125,141,42,126,38","2557.558838,1579.350586,1358.608032,1192.168213,1128.391724",0.06397839562286214,0.026041666666666668,2.4567703919179062,38,False
Qwen2.5-1.5B-Instruct,GPTQ_2bit,Prompt_04,19,mlp,192,1536,532560.4375,"1421,609,113,1200,1424","11041.917969,5038.973145,686.411926,683.163818,643.50531",0.033975435241094115,0.0032552083333333335,10.437253706064112,"136,110,13,3,1","4964.737793,4450.37207,4420.624023,4400.913086,4348.544922",0.042408691701305734,0.026041666666666668,1.62849376133014,1,False
Qwen2.5-1.5B-Instruct,GPTQ_2bit,Prompt_04,20,attn,192,1536,166578.234375,"1421,609,679,1060,1524","8714.328125,3353.546143,322.157349,295.612366,288.168701",0.0778841998696746,0.0032552083333333335,23.926026199964035,"110,11,12,26,42","2159.151611,1920.838623,1867.080322,1710.651367,1703.22998",0.056195529887561275,0.026041666666666668,2.157908347682353,11,False
Qwen2.5-1.5B-Instruct,GPTQ_2bit,Prompt_04,20,mlp,192,1536,617729.75,"1421,609,553,999,549","9953.367188,4980.084473,737.555786,655.729431,623.88562",0.027440192166355917,0.0032552083333333335,8.429627033504538,"3,110,26,48,24","5475.526855,5153.040039,5073.58252,4973.436035,4954.024414",0.04149000331455625,0.026041666666666668,1.5932161272789598,3,False
Qwen2.5-1.5B-Instruct,GPTQ_2bit,Prompt_04,21,attn,192,1536,127280.359375,"609,1421,969,1099,1480","3066.160156,3008.65918,1010.116089,896.947632,780.329285",0.06884182254896701,0.0032552083333333335,21.148207887042663,"134,121,169,164,138","1592.47644,1513.998657,1391.448975,1360.155884,1237.50647",0.05574769320752674,0.026041666666666668,2.1407114191690266,121,False
Qwen2.5-1.5B-Instruct,GPTQ_2bit,Prompt_04,21,mlp,192,1536,907071.625,"1421,609,1446,553,286","18571.378906,10021.164062,1331.03064,1313.936035,1072.865723",0.035620533273764354,0.0032552083333333335,10.942627821700409,"34,33,136,9,110","8341.558594,7917.993652,7837.915527,7520.916992,7433.533691",0.04305273904775712,0.026041666666666668,1.6532251794338733,9,False
Qwen2.5-1.5B-Instruct,GPTQ_2bit,Prompt_04,22,attn,192,1536,124170.84375,"609,1421,1295,901,356","3372.785889,2487.429688,395.971954,341.275726,330.047974",0.05579016385438711,0.0032552083333333335,17.13873833606772,"176,68,8,132,182","1283.835083,1261.533813,1261.494263,1242.098389,1239.742554",0.050645577590049194,0.026041666666666668,1.944790179457889,8,False
Qwen2.5-1.5B-Instruct,GPTQ_2bit,Prompt_04,22,mlp,192,1536,1214185.75,"609,1421,553,1159,1051","25396.363281,14697.62207,2092.952393,1386.241455,1304.074097",0.03696078125299197,0.0032552083333333335,11.354352000919134,"129,136,34,24,23","12787.824219,11900.75,11194.005859,10799.816406,10714.767578",0.047272147584296716,0.026041666666666668,1.8152504672369938,23,False
Qwen2.5-1.5B-Instruct,GPTQ_2bit,Prompt_04,23,attn,192,1536,126770.5078125,"609,1421,1393,616,1067","3012.934814,2729.314941,359.400482,274.402039,261.537872",0.052359101168604066,0.0032552083333333335,16.08471587899517,"125,111,126,109,110","2451.905273,2211.536133,2204.283691,1514.966797,1433.214478",0.07743051928543367,0.026041666666666668,2.973331940560653,109,False
Qwen2.5-1.5B-Instruct,GPTQ_2bit,Prompt_04,23,mlp,192,1536,1615618.875,"609,1421,553,931,341","16550.369141,13379.135742,2414.075684,2099.149658,1948.983521",0.02252493549105138,0.0032552083333333335,6.919660182850984,"34,35,114,136,33","18067.457031,17770.599609,16000.371094,15226.956055,15112.481445",0.050864631904600645,0.026041666666666668,1.9532018651366647,33,False
Qwen2.5-1.5B-Instruct,GPTQ_2bit,Prompt_04,24,attn,192,1536,187735.75,"1421,609,531,283,1290","2232.277344,2217.990723,426.822754,421.578156,403.713806",0.030374517440072017,0.0032552083333333335,9.331051757590123,"144,135,139,111,150","3012.865479,2245.917969,2120.378662,2049.935303,2025.22583",0.06101301026675793,0.026041666666666668,2.3428995942435042,111,False
Qwen2.5-1.5B-Instruct,GPTQ_2bit,Prompt_04,24,mlp,192,1536,2165802.25,"1421,609,1311,515,513","28722.75,27401.798828,2592.280029,2420.711914,2342.190186",0.029310030714369238,0.0032552083333333335,9.00404143545423,"34,136,33,129,35","25605.835938,23333.978516,22764.546875,22342.974609,22052.771484",0.05360605261860819,0.026041666666666668,2.0584724205545544,33,False
Qwen2.5-1.5B-Instruct,GPTQ_2bit,Prompt_04,25,attn,192,1536,206867.375,"609,1421,377,1285,766","9071.12793,8499.095703,802.608337,640.104492,568.265137",0.09465581133201889,0.0032552083333333335,29.078265241196203,"178,190,45,125,110","3854.045166,3626.473389,3254.862061,3127.706787,2881.932129",0.0809456760944059,0.026041666666666668,3.108313962025186,45,False
Qwen2.5-1.5B-Instruct,GPTQ_2bit,Prompt_04,25,mlp,192,1536,3033246.0,"609,1421,553,1052,929","44549.363281,37715.34375,3741.349121,3436.202393,3348.571289",0.030591266233434413,0.0032552083333333335,9.397636986911051,"34,40,54,129,35","34262.777344,30752.330078,30514.765625,29882.376953,29468.070312",0.051060918937995796,0.026041666666666668,1.9607392872190386,34,False
Qwen2.5-1.5B-Instruct,GPTQ_2bit,Prompt_04,26,attn,192,1536,161827.75,"1421,609,556,425,225","11280.914062,10093.970703,319.453033,305.358551,288.839783",0.1377300068089373,0.0032552083333333335,42.310658091705534,"172,144,132,178,35","3706.527344,3666.105957,2830.501221,2389.429443,2285.183105",0.09193569749509896,0.026041666666666668,3.5303307838117997,35,False
Qwen2.5-1.5B-Instruct,GPTQ_2bit,Prompt_04,26,mlp,192,1536,27928842.0,"408,520,940,609,286","8994036.0,5460492.5,4473270.0,3086510.25,346114.125",0.8006211643146537,0.0032552083333333335,245.9508216774616,"0,129,54,34,134","24103582.0,54841.625,38859.015625,38085.75,36408.757812",0.8690578005346588,0.026041666666666668,33.37181954053089,0,True
Qwen2.5-1.5B-Instruct,GPTQ_2bit,Prompt_04,27,attn,192,1536,644790.5,"1421,609,1424,752,113","35807.929688,35503.484375,28312.066406,17530.470703,12902.041016",0.20170269936514262,0.0032552083333333335,61.96306924497181,"18,122,29,62,147","10720.533203,7382.956543,6931.815918,6886.462402,6763.395508",0.05999648577716328,0.026041666666666668,2.30386505384307,18,False
Qwen2.5-1.5B-Instruct,GPTQ_2bit,Prompt_04,27,mlp,192,1536,8057621.0,"1421,609,503,1424,909","1535565.25,1491443.25,165112.515625,144487.203125,126438.359375",0.429785261679595,0.0032552083333333335,132.03003238797157,"136,0,129,50,181","121819.21875,113777.992188,95979.398438,93335.179688,88048.554688",0.06366151684225406,0.026041666666666668,2.444602246742556,0,True
